customer_id,signup_date,tenure_months,plan_type,signup_channel,monthly_spend,num_support_tickets,last_login_days_ago,payment_failures_past_90d,cancel_page_views_30d,is_churned
C105759,2022-01-01,24,Basic,organic,16.14,1,3.0,0,0,0
C101487,2022-01-01,24,Basic,organic,20.9,1,7.0,0,0,0
C106905,2022-01-01,24,Basic,referral,17.56,1,3.0,0,0,0
C106301,2022-01-01,24,Standard,organic,43.0,2,1.0,0,0,0
C107005,2022-01-01,24,Basic,referral,22.35,1,3.0,0,0,0
C103673,2022-01-01,24,Basic,paid_search,22.61,1,0.0,0,0,0
C105082,2022-01-01,24,Basic,paid_search,19.79,1,7.0,0,0,0
C102315,2022-01-01,24,Standard,organic,44.17,1,2.0,0,0,0
C107362,2022-01-01,24,Premium,paid_search,94.86,0,13.0,0,0,0
C102258,2022-01-01,24,Standard,paid_search,35.38,1,2.0,0,0,0
C102441,2022-01-01,24,Premium,paid_search,91.9,1,1.0,0,0,0
C105461,2022-01-02,24,Basic,organic,13.58,2,1.0,0,0,0
C106983,2022-01-02,24,Basic,organic,21.14,2,5.0,0,0,0
C106740,2022-01-02,24,Premium,referral,91.18,1,5.0,0,2,1
C101408,2022-01-02,24,Basic,organic,17.87,2,3.0,1,0,0
C101481,2022-01-02,24,Basic,organic,21.41,0,,1,0,0
C107753,2022-01-02,24,Standard,partner,53.7,1,18.0,0,0,0
C104690,2022-01-02,24,Standard,organic,49.24,1,0.0,0,0,0
C101995,2022-01-02,24,Basic,organic,19.51,2,3.0,0,0,0
C101948,2022-01-02,24,Basic,partner,23.81,0,49.0,0,0,0
C101912,2022-01-03,24,Standard,referral,33.33,1,4.0,1,0,0
C104626,2022-01-03,24,Basic,organic,16.25,2,2.0,0,0,0
C101621,2022-01-03,24,Basic,paid_search,16.89,0,1.0,0,0,0
C104110,2022-01-03,24,Basic,referral,20.17,1,17.0,0,0,0
C106413,2022-01-03,24,Standard,organic,30.25,0,12.0,0,0,0
C107066,2022-01-03,24,Premium,paid_search,79.37,1,13.0,0,0,0
C105169,2022-01-03,24,Basic,organic,24.07,1,9.0,0,0,0
C107211,2022-01-03,24,Standard,organic,29.03,2,5.0,0,0,0
C101738,2022-01-03,24,Premium,partner,68.45,0,,0,0,0
C103190,2022-01-03,24,Standard,organic,41.5,2,12.0,0,0,0
C101549,2022-01-04,24,Standard,organic,31.71,0,30.0,0,0,0
C104597,2022-01-04,24,Standard,organic,39.71,0,18.0,0,0,0
C101236,2022-01-04,24,Basic,organic,21.22,1,9.0,0,0,0
C105296,2022-01-04,24,Basic,paid_search,16.31,1,2.0,0,0,0
C103233,2022-01-04,24,Basic,paid_search,19.98,0,5.0,0,0,0
C103216,2022-01-04,24,Standard,paid_search,29.81,1,0.0,0,0,0
C107204,2022-01-04,24,Basic,organic,17.1,1,9.0,0,0,0
C107734,2022-01-04,24,Premium,paid_search,72.69,0,10.0,1,0,0
C100772,2022-01-04,24,Basic,paid_search,18.08,1,6.0,0,0,0
C100844,2022-01-04,24,Basic,organic,18.38,1,7.0,0,0,0
C102627,2022-01-04,24,Standard,paid_search,40.07,1,,0,0,0
C106228,2022-01-04,24,Basic,organic,18.76,0,9.0,0,0,0
C102645,2022-01-04,24,Basic,partner,18.81,3,19.0,1,0,0
C106520,2022-01-04,24,Premium,organic,81.94,0,10.0,0,0,0
C100845,2022-01-04,24,Basic,paid_search,17.71,1,,1,0,0
C100900,2022-01-04,24,Standard,organic,36.71,1,19.0,0,0,0
C102788,2022-01-04,24,Standard,paid_search,28.3,1,8.0,0,0,0
C101293,2022-01-04,24,Standard,organic,44.05,0,7.0,0,0,0
C106056,2022-01-04,24,Basic,organic,17.55,1,18.0,0,0,0
C100380,2022-01-04,24,Standard,referral,40.3,0,13.0,1,0,0
C106075,2022-01-04,24,Standard,referral,40.14,1,10.0,1,0,0
C106357,2022-01-04,24,Standard,organic,42.36,1,7.0,0,0,0
C100464,2022-01-05,24,Basic,referral,21.78,1,2.0,0,0,0
C104884,2022-01-05,24,Standard,paid_search,53.1,1,19.0,0,0,0
C106925,2022-01-05,24,Basic,organic,15.21,2,3.0,0,0,0
C102400,2022-01-05,24,Basic,organic,18.9,1,7.0,1,0,0
C104054,2022-01-05,24,Premium,paid_search,79.74,0,12.0,1,0,0
C105718,2022-01-05,24,Premium,organic,98.87,0,1.0,1,0,0
C107988,2022-01-06,24,Premium,paid_search,77.13,0,2.0,0,0,0
C107726,2022-01-06,24,Standard,paid_search,46.12,1,9.0,0,0,0
C100103,2022-01-06,24,Basic,paid_search,16.76,0,5.0,0,0,0
C100574,2022-01-06,24,Premium,paid_search,88.82,2,,0,0,0
C103398,2022-01-06,24,Premium,partner,72.55,3,10.0,0,0,0
C104688,2022-01-06,24,Basic,paid_search,21.0,2,11.0,0,0,0
C104360,2022-01-06,24,Basic,organic,18.25,0,1.0,0,0,0
C105843,2022-01-06,24,Standard,paid_search,44.75,2,4.0,0,0,0
C106877,2022-01-06,24,Standard,organic,23.46,1,9.0,0,0,0
C101189,2022-01-06,24,Standard,referral,37.31,1,6.0,0,0,0
C106154,2022-01-06,24,Basic,paid_search,21.4,0,9.0,0,0,0
C101278,2022-01-06,24,Basic,organic,18.72,1,2.0,0,0,0
C102201,2022-01-06,24,Standard,partner,34.19,1,2.0,1,0,0
C100706,2022-01-06,24,Basic,organic,21.1,1,5.0,1,0,0
C102442,2022-01-07,24,Premium,organic,92.29,0,14.0,0,0,0
C107584,2022-01-07,24,Premium,organic,73.49,0,3.0,0,0,0
C104767,2022-01-07,24,Premium,paid_search,113.4,1,11.0,0,0,0
C101531,2022-01-07,24,Premium,organic,99.75,2,1.0,0,0,0
C104130,2022-01-07,24,Standard,organic,38.59,2,6.0,0,0,0
C101806,2022-01-07,24,Standard,organic,25.74,1,,0,0,0
C103724,2022-01-07,24,Premium,partner,86.75,0,4.0,0,0,0
C107968,2022-01-07,24,Standard,paid_search,41.12,0,6.0,0,0,0
C101174,2022-01-07,24,Basic,organic,15.18,2,9.0,1,0,0
C104787,2022-01-08,24,Standard,organic,47.51,1,1.0,0,0,0
C106590,2022-01-08,24,Basic,organic,24.54,1,4.0,0,0,0
C103798,2022-01-08,24,Basic,organic,12.24,0,20.0,0,0,0
C105602,2022-01-08,24,Standard,organic,39.2,1,,1,0,0
C101762,2022-01-08,24,Standard,organic,33.57,0,0.0,1,1,0
C101069,2022-01-08,24,Standard,paid_search,40.53,0,,0,0,0
C106753,2022-01-08,24,Basic,organic,21.83,0,21.0,1,0,1
C100302,2022-01-08,24,Premium,referral,75.88,1,1.0,0,0,0
C104392,2022-01-09,24,Basic,paid_search,24.55,0,,0,0,0
C105915,2022-01-09,24,Basic,paid_search,19.4,0,9.0,0,0,0
C105879,2022-01-09,24,Basic,paid_search,18.82,0,11.0,0,0,0
C103903,2022-01-09,24,Standard,partner,35.26,0,,0,0,0
C100800,2022-01-09,24,Basic,partner,22.24,2,10.0,0,0,0
C106150,2022-01-09,24,Standard,referral,40.12,3,10.0,0,0,0
C103821,2022-01-09,24,Standard,organic,35.4,2,0.0,0,0,0
C105437,2022-01-09,24,Standard,paid_search,37.87,1,6.0,0,0,0
C106746,2022-01-09,24,Standard,paid_search,38.52,1,9.0,0,0,0
C100789,2022-01-09,24,Standard,organic,32.11,3,6.0,1,0,0
C106641,2022-01-10,24,Premium,organic,89.1,0,4.0,0,0,0
C101681,2022-01-10,24,Basic,organic,21.05,1,0.0,0,0,0
C106435,2022-01-10,24,Premium,paid_search,53.88,1,5.0,0,0,0
C107516,2022-01-10,24,Premium,organic,92.82,0,,0,0,0
C107580,2022-01-10,24,Standard,organic,34.37,2,1.0,0,0,0
C105077,2022-01-10,24,Standard,referral,44.91,2,21.0,1,0,0
C103102,2022-01-11,24,Standard,referral,40.42,0,2.0,0,0,0
C101120,2022-01-11,24,Standard,organic,44.2,0,16.0,0,0,0
C106526,2022-01-11,24,Premium,organic,72.75,0,16.0,0,0,0
C100838,2022-01-11,24,Basic,paid_search,22.78,1,7.0,0,3,1
C101037,2022-01-11,24,Basic,paid_search,20.89,1,0.0,0,0,0
C104229,2022-01-11,24,Standard,partner,42.31,0,10.0,0,0,0
C104930,2022-01-11,24,Standard,partner,44.04,0,3.0,0,0,0
C104045,2022-01-11,24,Basic,paid_search,19.16,1,8.0,0,0,0
C107488,2022-01-11,24,Basic,organic,19.61,0,29.0,0,0,0
C107991,2022-01-11,24,Basic,organic,19.25,1,5.0,0,0,0
C100409,2022-01-11,24,Basic,paid_search,18.17,1,2.0,0,0,0
C100888,2022-01-12,24,Basic,partner,20.48,3,15.0,1,0,0
C104103,2022-01-12,24,Standard,organic,33.36,1,11.0,0,0,0
C106280,2022-01-12,24,Standard,organic,38.09,3,7.0,0,0,0
C106470,2022-01-12,24,Basic,paid_search,17.79,1,10.0,0,0,0
C106141,2022-01-12,24,Standard,paid_search,49.6,0,0.0,0,0,0
C103135,2022-01-12,24,Standard,paid_search,34.46,1,8.0,0,0,0
C107720,2022-01-12,24,Basic,paid_search,18.97,0,9.0,0,0,0
C107598,2022-01-12,24,Standard,paid_search,46.09,3,8.0,1,0,0
C107134,2022-01-12,24,Standard,organic,26.44,0,4.0,0,0,0
C107601,2022-01-12,24,Basic,partner,22.68,2,2.0,0,0,0
C107226,2022-01-12,24,Basic,organic,19.09,2,7.0,1,0,0
C105141,2022-01-12,24,Premium,organic,61.99,1,14.0,0,0,0
C105067,2022-01-13,24,Standard,organic,40.94,3,24.0,0,0,0
C103504,2022-01-13,24,Standard,organic,39.9,3,21.0,0,0,0
C101365,2022-01-13,24,Premium,organic,87.3,2,4.0,1,0,0
C105744,2022-01-13,24,Standard,paid_search,50.67,0,0.0,0,0,0
C102974,2022-01-13,24,Standard,organic,49.62,0,6.0,1,0,0
C107063,2022-01-13,24,Basic,partner,15.45,2,6.0,0,0,0
C104504,2022-01-13,24,Standard,paid_search,33.28,0,32.0,0,0,0
C101623,2022-01-13,24,Standard,partner,42.07,1,8.0,0,0,0
C100477,2022-01-14,24,Basic,paid_search,22.05,1,,0,0,0
C103857,2022-01-14,24,Basic,organic,21.17,0,4.0,0,0,0
C101593,2022-01-14,24,Basic,organic,19.9,2,3.0,1,0,0
C100414,2022-01-14,24,Basic,paid_search,27.62,1,4.0,0,0,0
C104116,2022-01-14,24,Standard,organic,44.08,2,3.0,1,0,0
C104526,2022-01-14,24,Standard,organic,38.0,0,17.0,0,0,0
C103897,2022-01-14,24,Basic,organic,19.47,0,,0,1,0
C101651,2022-01-14,24,Basic,organic,21.42,0,1.0,1,0,0
C100232,2022-01-15,24,Standard,organic,42.07,0,9.0,0,0,0
C107757,2022-01-15,24,Basic,organic,20.83,0,5.0,0,0,0
C106917,2022-01-15,24,Standard,paid_search,30.57,2,2.0,0,0,0
C105745,2022-01-15,24,Standard,paid_search,34.8,0,14.0,0,0,0
C107609,2022-01-15,24,Basic,organic,22.4,2,7.0,0,0,0
C104562,2022-01-15,24,Premium,organic,68.27,0,1.0,0,0,0
C102089,2022-01-15,24,Standard,organic,37.24,0,7.0,1,0,0
C103803,2022-01-16,23,Standard,partner,27.84,0,2.0,0,0,0
C100299,2022-01-16,23,Standard,organic,36.69,0,9.0,1,0,0
C102170,2022-01-16,23,Premium,referral,77.47,2,5.0,0,0,0
C100539,2022-01-16,23,Basic,paid_search,19.91,0,1.0,0,0,0
C103787,2022-01-16,23,Premium,organic,88.87,2,21.0,0,0,0
C105034,2022-01-16,23,Standard,organic,44.82,0,0.0,0,0,0
C105410,2022-01-16,23,Basic,referral,17.8,1,10.0,1,0,0
C105620,2022-01-16,23,Basic,organic,22.32,1,,0,0,0
C105896,2022-01-16,23,Standard,partner,38.75,1,,0,0,0
C106892,2022-01-16,23,Premium,referral,90.0,1,0.0,0,0,0
C104061,2022-01-16,23,Basic,organic,17.69,0,2.0,0,0,0
C101528,2022-01-16,23,Premium,paid_search,56.36,1,7.0,0,0,0
C104075,2022-01-17,23,Standard,paid_search,36.72,0,8.0,0,0,0
C103804,2022-01-17,23,Basic,referral,23.62,0,5.0,0,0,0
C100271,2022-01-17,23,Standard,organic,33.78,1,9.0,0,0,0
C100169,2022-01-17,23,Standard,paid_search,45.64,0,1.0,0,0,0
C101743,2022-01-17,23,Premium,referral,87.37,0,,1,0,0
C102137,2022-01-17,23,Basic,partner,21.03,3,2.0,0,0,0
C100368,2022-01-17,23,Basic,paid_search,20.93,0,9.0,0,0,0
C101166,2022-01-17,23,Basic,organic,16.21,0,10.0,0,0,0
C107585,2022-01-18,23,Premium,paid_search,74.25,3,0.0,0,0,0
C106218,2022-01-18,23,Basic,organic,27.11,2,4.0,0,0,0
C103308,2022-01-18,23,Basic,paid_search,17.82,2,1.0,0,2,0
C100820,2022-01-18,23,Standard,organic,25.05,1,18.0,0,0,0
C101782,2022-01-18,23,Standard,referral,36.64,1,33.0,0,0,0
C105773,2022-01-18,23,Standard,organic,37.28,0,17.0,0,0,0
C106706,2022-01-18,23,Premium,paid_search,62.01,2,15.0,1,0,0
C103441,2022-01-18,23,Standard,partner,49.09,1,7.0,1,0,0
C103946,2022-01-18,23,Premium,organic,89.43,0,1.0,0,0,0
C104699,2022-01-18,23,Basic,partner,21.63,3,15.0,0,0,0
C103118,2022-01-18,23,Basic,paid_search,18.02,0,24.0,0,0,0
C102260,2022-01-18,23,Premium,paid_search,82.85,0,6.0,0,0,0
C102711,2022-01-18,23,Premium,paid_search,75.78,1,7.0,0,0,0
C100453,2022-01-19,23,Standard,referral,49.06,0,40.0,0,0,0
C104912,2022-01-19,23,Standard,paid_search,35.65,0,12.0,0,0,0
C101398,2022-01-19,23,Standard,paid_search,26.8,1,2.0,0,0,0
C106615,2022-01-19,23,Basic,organic,22.38,0,,0,0,0
C106106,2022-01-19,23,Basic,organic,15.15,0,2.0,0,0,0
C103996,2022-01-19,23,Basic,partner,17.9,1,2.0,0,0,0
C101179,2022-01-19,23,Standard,partner,45.62,0,2.0,0,0,0
C100428,2022-01-19,23,Basic,partner,21.99,2,7.0,0,0,0
C105404,2022-01-19,23,Standard,organic,36.25,0,7.0,0,0,0
C104259,2022-01-19,23,Standard,referral,37.57,1,11.0,0,0,0
C105161,2022-01-19,23,Premium,paid_search,87.41,0,10.0,0,1,1
C105113,2022-01-19,23,Standard,referral,32.94,0,3.0,0,0,0
C107397,2022-01-19,23,Standard,organic,50.92,0,32.0,1,0,0
C106665,2022-01-20,23,Standard,paid_search,39.58,2,1.0,0,0,0
C104644,2022-01-20,23,Basic,paid_search,17.74,1,9.0,0,0,0
C102328,2022-01-20,23,Basic,partner,20.05,0,0.0,1,0,0
C106368,2022-01-20,23,Standard,organic,35.62,0,6.0,1,0,0
C106599,2022-01-20,23,Premium,organic,66.88,1,4.0,0,0,0
C103485,2022-01-20,23,Standard,referral,42.39,0,0.0,1,0,0
C102409,2022-01-20,23,Basic,paid_search,27.43,0,4.0,0,0,0
C107484,2022-01-20,23,Basic,organic,20.81,1,5.0,0,0,0
C102468,2022-01-20,23,Premium,organic,91.34,0,2.0,1,0,0
C102635,2022-01-20,23,Basic,paid_search,21.06,3,3.0,0,0,0
C105528,2022-01-20,23,Standard,paid_search,33.56,2,4.0,0,0,0
C102222,2022-01-20,23,Standard,referral,41.41,0,5.0,0,2,1
C106383,2022-01-20,23,Standard,paid_search,50.0,0,4.0,0,0,0
C107064,2022-01-20,23,Basic,organic,22.24,1,3.0,0,0,0
C104714,2022-01-21,23,Basic,organic,16.57,1,3.0,0,0,0
C105629,2022-01-21,23,Standard,referral,39.52,0,11.0,0,0,0
C107723,2022-01-21,23,Basic,organic,22.06,0,12.0,0,0,0
C106787,2022-01-21,23,Basic,organic,16.04,0,,0,0,0
C100829,2022-01-22,23,Premium,organic,74.05,0,9.0,0,0,0
C106906,2022-01-22,23,Standard,organic,50.95,1,,0,0,0
C107010,2022-01-22,23,Standard,organic,35.76,2,0.0,2,0,0
C105428,2022-01-22,23,Standard,paid_search,36.54,1,2.0,0,0,0
C103536,2022-01-22,23,Standard,paid_search,34.0,2,4.0,1,0,0
C101299,2022-01-22,23,Basic,paid_search,21.16,1,29.0,0,2,1
C101943,2022-01-22,23,Standard,organic,43.75,1,5.0,0,0,0
C104534,2022-01-22,23,Standard,organic,39.35,1,1.0,1,0,0
C107822,2022-01-22,23,Standard,organic,30.28,0,,0,0,0
C101492,2022-01-22,23,Basic,referral,14.68,0,13.0,0,0,0
C101589,2022-01-22,23,Standard,paid_search,40.2,2,12.0,0,0,0
C107647,2022-01-23,23,Basic,organic,18.41,0,4.0,0,0,0
C101535,2022-01-23,23,Standard,paid_search,39.7,0,5.0,0,0,0
C102950,2022-01-23,23,Standard,referral,42.78,0,5.0,0,0,0
C103457,2022-01-23,23,Standard,organic,38.37,1,0.0,0,0,0
C106572,2022-01-23,23,Basic,paid_search,15.06,0,1.0,0,0,0
C104530,2022-01-23,23,Standard,paid_search,42.26,0,19.0,0,0,0
C100137,2022-01-23,23,Premium,referral,82.39,0,7.0,0,0,0
C107283,2022-01-23,23,Basic,organic,19.19,0,2.0,0,0,0
C102558,2022-01-23,23,Premium,organic,82.55,2,10.0,0,2,1
C106916,2022-01-23,23,Basic,organic,14.35,0,3.0,1,0,0
C104159,2022-01-23,23,Basic,partner,17.81,0,,0,0,0
C101868,2022-01-23,23,Basic,organic,19.69,0,8.0,1,0,0
C105119,2022-01-23,23,Premium,referral,49.27,0,1.0,0,0,0
C100786,2022-01-24,23,Basic,referral,18.83,0,31.0,0,2,0
C100384,2022-01-24,23,Premium,paid_search,117.08,1,0.0,0,0,0
C106701,2022-01-24,23,Basic,paid_search,27.92,0,7.0,0,0,0
C102498,2022-01-24,23,Basic,paid_search,20.28,0,13.0,0,0,0
C104243,2022-01-24,23,Basic,organic,17.06,1,6.0,0,0,0
C104641,2022-01-24,23,Premium,organic,60.9,1,10.0,1,0,0
C105395,2022-01-24,23,Standard,partner,37.72,0,6.0,0,0,0
C105209,2022-01-24,23,Standard,referral,49.09,1,6.0,1,0,0
C102262,2022-01-24,23,Basic,organic,21.09,0,14.0,0,0,0
C104035,2022-01-24,23,Premium,referral,71.98,1,7.0,0,0,0
C103681,2022-01-24,23,Standard,paid_search,44.3,4,41.0,0,3,1
C105466,2022-01-25,23,Basic,organic,19.56,2,0.0,1,0,0
C105499,2022-01-25,23,Basic,organic,22.02,2,56.0,0,2,1
C106563,2022-01-25,23,Basic,organic,19.8,1,7.0,1,0,0
C105001,2022-01-25,23,Basic,organic,18.76,0,10.0,0,0,0
C104274,2022-01-25,23,Basic,organic,18.26,0,6.0,0,0,0
C104303,2022-01-25,23,Standard,paid_search,36.88,0,20.0,0,0,0
C106444,2022-01-25,23,Standard,referral,44.3,0,15.0,1,0,0
C106292,2022-01-25,23,Premium,partner,76.87,0,1.0,0,0,0
C106760,2022-01-25,23,Basic,paid_search,15.68,0,2.0,0,0,0
C101682,2022-01-26,23,Basic,organic,22.04,0,8.0,0,0,0
C106564,2022-01-26,23,Standard,paid_search,32.79,1,31.0,0,0,0
C105502,2022-01-26,23,Standard,organic,35.88,1,17.0,0,0,0
C106907,2022-01-26,23,Basic,organic,22.89,1,,0,0,0
C103319,2022-01-26,23,Basic,organic,19.56,1,0.0,0,0,0
C105837,2022-01-26,23,Standard,paid_search,42.32,1,43.0,0,0,0
C100146,2022-01-26,23,Basic,paid_search,19.87,4,15.0,0,0,0
C102865,2022-01-26,23,Basic,organic,18.71,2,0.0,0,0,0
C100662,2022-01-26,23,Standard,paid_search,35.9,1,2.0,0,0,0
C102321,2022-01-26,23,Basic,paid_search,21.25,1,16.0,0,0,0
C104002,2022-01-26,23,Basic,organic,19.63,2,18.0,0,0,0
C105068,2022-01-26,23,Standard,organic,43.92,5,3.0,0,4,1
C100969,2022-01-27,23,Standard,organic,22.07,0,2.0,0,0,0
C104944,2022-01-27,23,Standard,partner,44.62,3,3.0,0,0,0
C101445,2022-01-27,23,Basic,organic,19.4,0,21.0,0,0,0
C105739,2022-01-27,23,Standard,paid_search,44.97,2,4.0,0,0,0
C104298,2022-01-27,23,Basic,organic,19.61,2,9.0,0,0,0
C107346,2022-01-27,23,Standard,referral,42.29,0,5.0,0,0,0
C102763,2022-01-27,23,Standard,organic,22.98,1,11.0,0,0,0
C101908,2022-01-27,23,Basic,paid_search,16.43,0,21.0,0,0,1
C100843,2022-01-27,23,Basic,organic,22.2,1,,0,0,0
C104551,2022-01-27,23,Standard,paid_search,38.9,0,2.0,0,0,0
C107867,2022-01-27,23,Standard,organic,55.41,2,7.0,0,0,0
C106743,2022-01-27,23,Standard,partner,34.57,0,,0,0,0
C101265,2022-01-27,23,Basic,paid_search,15.18,1,18.0,0,0,0
C104968,2022-01-28,23,Premium,organic,90.0,0,,0,0,0
C106509,2022-01-28,23,Standard,partner,50.03,2,24.0,0,0,0
C100116,2022-01-28,23,Standard,organic,46.48,1,12.0,0,0,0
C103754,2022-01-28,23,Basic,paid_search,13.55,0,0.0,0,0,0
C106358,2022-01-28,23,Standard,organic,27.69,3,22.0,0,0,0
C106576,2022-01-28,23,Standard,paid_search,39.26,0,7.0,0,0,0
C103632,2022-01-28,23,Premium,organic,70.98,0,4.0,0,0,0
C107794,2022-01-28,23,Standard,referral,34.96,0,2.0,1,0,0
C103544,2022-01-28,23,Standard,referral,40.18,2,7.0,0,0,0
C100327,2022-01-28,23,Standard,organic,38.68,0,7.0,0,0,0
C106900,2022-01-28,23,Basic,referral,20.59,1,6.0,1,0,0
C107771,2022-01-29,23,Standard,organic,45.77,0,2.0,1,0,0
C104235,2022-01-29,23,Basic,organic,15.95,1,21.0,1,0,0
C106278,2022-01-29,23,Basic,organic,19.1,0,27.0,0,3,1
C107398,2022-01-29,23,Basic,referral,15.06,1,6.0,0,0,0
C107381,2022-01-29,23,Basic,referral,20.49,1,4.0,0,0,0
C104591,2022-01-29,23,Basic,referral,22.96,1,,0,0,0
C107110,2022-01-29,23,Basic,organic,21.96,1,4.0,0,0,0
C102202,2022-01-29,23,Standard,referral,39.6,0,1.0,0,0,0
C104193,2022-01-29,23,Premium,referral,95.52,1,2.0,0,0,0
C103239,2022-01-29,23,Premium,organic,93.91,0,12.0,0,0,0
C104457,2022-01-29,23,Premium,partner,76.17,0,5.0,0,0,0
C102629,2022-01-29,23,Standard,paid_search,38.85,1,12.0,0,0,0
C106705,2022-01-29,23,Standard,paid_search,41.71,0,3.0,0,0,0
C102037,2022-01-30,23,Basic,organic,15.79,0,5.0,1,0,0
C105627,2022-01-30,23,Basic,partner,20.34,0,1.0,0,0,0
C102880,2022-01-30,23,Basic,organic,17.36,0,2.0,1,0,0
C101451,2022-01-30,23,Standard,paid_search,44.55,1,15.0,0,0,0
C104750,2022-01-30,23,Standard,organic,41.5,0,5.0,0,0,0
C102727,2022-01-30,23,Basic,organic,15.87,0,4.0,0,0,0
C106885,2022-01-30,23,Basic,referral,21.42,1,,1,0,0
C102771,2022-01-30,23,Standard,referral,34.67,0,0.0,1,0,0
C107675,2022-01-30,23,Basic,organic,11.73,1,27.0,0,0,0
C101239,2022-01-30,23,Standard,organic,31.74,1,26.0,0,0,0
C100869,2022-01-30,23,Standard,organic,50.65,0,15.0,1,0,0
C106351,2022-01-30,23,Standard,referral,32.74,1,1.0,0,0,0
C100249,2022-01-31,23,Standard,paid_search,39.11,1,8.0,0,5,1
C100901,2022-01-31,23,Basic,referral,15.96,1,10.0,0,0,0
C104188,2022-01-31,23,Standard,partner,39.57,0,7.0,0,0,0
C101098,2022-01-31,23,Standard,referral,34.5,0,7.0,0,0,0
C104091,2022-01-31,23,Basic,partner,17.49,0,3.0,0,0,0
C101018,2022-01-31,23,Standard,organic,30.77,1,10.0,0,0,0
C105133,2022-01-31,23,Standard,organic,51.87,0,7.0,0,0,0
C107688,2022-01-31,23,Standard,organic,41.1,0,14.0,0,0,0
C104319,2022-01-31,23,Basic,organic,13.58,1,,0,0,0
C106519,2022-02-01,23,Premium,organic,98.56,2,34.0,0,0,0
C102338,2022-02-01,23,Basic,organic,20.02,0,17.0,0,0,0
C100561,2022-02-01,23,Basic,organic,22.44,1,12.0,0,0,0
C101870,2022-02-01,23,Standard,organic,49.44,0,5.0,1,0,0
C100816,2022-02-01,23,Basic,partner,19.33,0,1.0,0,0,0
C103879,2022-02-01,23,Premium,referral,73.84,2,6.0,0,0,0
C104595,2022-02-01,23,Standard,organic,40.36,0,6.0,1,0,0
C106267,2022-02-01,23,Basic,paid_search,24.44,1,1.0,0,0,0
C100055,2022-02-01,23,Premium,paid_search,74.95,0,17.0,1,0,0
C100396,2022-02-02,23,Basic,organic,16.54,2,1.0,0,0,0
C101109,2022-02-02,23,Premium,organic,70.07,2,1.0,1,0,0
C100810,2022-02-02,23,Standard,referral,40.57,0,30.0,0,3,1
C100351,2022-02-02,23,Basic,paid_search,19.61,2,10.0,0,0,0
C107189,2022-02-02,23,Basic,paid_search,15.68,0,14.0,0,0,0
C102779,2022-02-02,23,Standard,organic,33.41,1,1.0,0,0,0
C101805,2022-02-02,23,Standard,organic,39.31,1,8.0,0,0,0
C102521,2022-02-02,23,Basic,organic,19.87,0,0.0,0,0,0
C105621,2022-02-02,23,Standard,organic,36.06,1,9.0,0,0,0
C104268,2022-02-02,23,Standard,referral,36.52,1,5.0,0,0,0
C104775,2022-02-02,23,Basic,partner,18.07,1,14.0,0,0,0
C102370,2022-02-02,23,Premium,paid_search,71.34,1,,0,0,0
C104550,2022-02-02,23,Standard,organic,37.04,1,7.0,0,1,0
C103012,2022-02-03,23,Basic,referral,14.98,1,14.0,0,0,0
C105679,2022-02-03,23,Basic,paid_search,20.81,0,9.0,0,0,0
C104126,2022-02-03,23,Basic,partner,17.72,1,12.0,0,0,0
C103870,2022-02-03,23,Basic,organic,22.92,0,20.0,0,0,0
C103851,2022-02-03,23,Premium,organic,85.24,1,16.0,0,0,0
C107910,2022-02-03,23,Premium,organic,86.13,3,4.0,0,0,0
C103362,2022-02-03,23,Premium,paid_search,79.74,0,12.0,0,5,1
C106312,2022-02-03,23,Standard,paid_search,40.69,1,17.0,0,0,0
C107160,2022-02-03,23,Basic,paid_search,21.41,1,6.0,1,0,0
C101462,2022-02-04,23,Basic,paid_search,19.68,3,10.0,0,0,0
C104769,2022-02-04,23,Basic,organic,18.84,0,6.0,0,0,0
C106884,2022-02-04,23,Premium,organic,66.66,2,5.0,1,0,0
C101780,2022-02-04,23,Premium,organic,63.45,3,5.0,0,0,0
C107395,2022-02-04,23,Standard,referral,49.16,0,14.0,1,0,0
C106191,2022-02-04,23,Basic,organic,13.47,0,5.0,0,0,0
C104021,2022-02-04,23,Basic,referral,24.12,3,17.0,0,1,0
C101525,2022-02-04,23,Premium,organic,90.77,2,4.0,0,0,0
C105092,2022-02-04,23,Basic,referral,20.06,0,10.0,0,0,0
C106611,2022-02-04,23,Basic,paid_search,21.86,0,6.0,0,0,0
C105547,2022-02-05,23,Standard,referral,35.38,1,12.0,0,0,0
C100573,2022-02-05,23,Basic,organic,16.16,3,2.0,0,0,0
C104328,2022-02-05,23,Standard,organic,34.94,0,11.0,0,0,0
C102883,2022-02-05,23,Standard,organic,36.37,1,11.0,1,0,0
C101517,2022-02-05,23,Basic,organic,17.16,0,,0,1,1
C101269,2022-02-05,23,Standard,referral,34.89,0,0.0,0,0,0
C107061,2022-02-05,23,Standard,referral,33.66,0,4.0,1,0,0
C104893,2022-02-05,23,Basic,organic,18.57,0,3.0,1,0,0
C101285,2022-02-05,23,Basic,paid_search,18.48,1,7.0,0,0,0
C100698,2022-02-06,23,Standard,referral,40.48,1,7.0,0,0,0
C105054,2022-02-06,23,Premium,paid_search,81.57,0,4.0,0,0,0
C107610,2022-02-06,23,Basic,organic,18.89,0,24.0,0,0,0
C105990,2022-02-06,23,Basic,organic,20.64,2,7.0,0,0,0
C104951,2022-02-06,23,Standard,referral,47.27,1,1.0,1,0,0
C103337,2022-02-06,23,Standard,organic,41.55,2,,0,0,0
C106808,2022-02-06,23,Basic,referral,20.13,0,34.0,0,5,1
C101641,2022-02-06,23,Standard,referral,30.75,0,19.0,0,0,0
C101975,2022-02-06,23,Basic,referral,23.77,1,8.0,0,0,0
C104346,2022-02-06,23,Standard,paid_search,40.69,0,0.0,0,0,0
C102411,2022-02-06,23,Standard,organic,43.42,2,,0,0,0
C102504,2022-02-07,23,Standard,paid_search,30.69,0,9.0,1,0,0
C102971,2022-02-07,23,Basic,referral,16.38,1,6.0,0,0,0
C101463,2022-02-07,23,Standard,organic,37.31,1,,0,0,0
C105218,2022-02-07,23,Standard,organic,36.65,0,1.0,0,0,0
C100847,2022-02-07,23,Standard,referral,29.55,0,2.0,0,0,0
C103616,2022-02-07,23,Basic,partner,16.0,1,,0,0,0
C107289,2022-02-07,23,Basic,organic,16.3,1,0.0,0,0,0
C101452,2022-02-07,23,Standard,organic,34.26,1,,0,0,0
C104723,2022-02-07,23,Standard,organic,38.67,0,,0,0,0
C104119,2022-02-07,23,Standard,referral,48.49,2,4.0,0,0,0
C101652,2022-02-07,23,Standard,organic,44.07,0,1.0,0,0,0
C100583,2022-02-07,23,Premium,referral,70.95,1,,0,0,0
C102277,2022-02-07,23,Standard,organic,31.41,4,7.0,0,0,0
C104340,2022-02-07,23,Basic,paid_search,20.92,0,1.0,0,0,0
C103463,2022-02-07,23,Premium,organic,60.21,2,4.0,0,0,0
C104985,2022-02-07,23,Standard,paid_search,38.32,0,16.0,1,0,0
C105011,2022-02-08,23,Standard,organic,44.87,1,,0,0,0
C100545,2022-02-08,23,Basic,referral,13.99,0,18.0,0,0,0
C102617,2022-02-08,23,Premium,referral,86.75,0,2.0,0,0,0
C100886,2022-02-08,23,Basic,organic,16.18,1,2.0,0,0,0
C107359,2022-02-08,23,Basic,paid_search,16.23,3,8.0,0,0,0
C102313,2022-02-08,23,Basic,paid_search,20.97,2,10.0,0,0,0
C107964,2022-02-08,23,Basic,organic,22.54,0,,0,0,0
C107953,2022-02-09,23,Premium,partner,90.85,1,1.0,0,0,0
C101982,2022-02-09,23,Standard,referral,37.26,1,2.0,0,0,0
C106326,2022-02-09,23,Basic,paid_search,20.13,0,15.0,0,0,0
C106204,2022-02-09,23,Standard,organic,38.23,1,12.0,0,0,0
C106827,2022-02-09,23,Standard,paid_search,44.47,1,14.0,2,0,0
C100897,2022-02-09,23,Standard,paid_search,46.34,0,6.0,0,0,0
C105645,2022-02-09,23,Standard,organic,42.52,1,18.0,0,0,0
C105016,2022-02-10,23,Standard,referral,40.97,3,4.0,0,0,0
C100541,2022-02-10,23,Basic,paid_search,25.95,1,15.0,0,0,0
C104854,2022-02-10,23,Standard,referral,31.96,1,0.0,0,0,0
C103799,2022-02-10,23,Basic,partner,19.33,0,3.0,2,0,0
C104184,2022-02-10,23,Basic,organic,21.39,1,,0,0,0
C101020,2022-02-10,23,Premium,partner,80.42,1,4.0,0,0,0
C101266,2022-02-10,23,Basic,paid_search,17.61,1,9.0,0,0,0
C102487,2022-02-10,23,Standard,referral,25.89,0,,1,0,0
C105536,2022-02-10,23,Premium,referral,78.63,3,14.0,0,0,0
C103451,2022-02-10,23,Basic,paid_search,14.36,1,,1,0,0
C101025,2022-02-10,23,Standard,organic,33.89,1,8.0,0,0,0
C101800,2022-02-11,23,Basic,organic,20.17,1,2.0,0,0,0
C100857,2022-02-11,23,Standard,organic,35.87,0,21.0,0,0,0
C103356,2022-02-11,23,Standard,organic,24.45,0,7.0,1,0,0
C105652,2022-02-11,23,Basic,organic,15.53,3,29.0,0,0,0
C106315,2022-02-11,23,Premium,paid_search,63.2,3,,0,0,0
C107319,2022-02-11,23,Basic,organic,19.09,1,3.0,0,0,0
C106837,2022-02-11,23,Standard,paid_search,50.57,0,47.0,0,0,0
C101978,2022-02-11,23,Basic,partner,18.15,1,,1,0,0
C106275,2022-02-11,23,Basic,organic,21.79,1,10.0,0,0,0
C103780,2022-02-11,23,Standard,organic,30.56,0,30.0,0,2,1
C105474,2022-02-11,23,Basic,paid_search,17.1,0,,1,0,0
C104701,2022-02-11,23,Standard,organic,34.75,0,1.0,0,0,0
C103508,2022-02-12,23,Standard,organic,38.8,1,11.0,1,0,0
C103183,2022-02-12,23,Basic,paid_search,23.65,0,5.0,0,0,0
C100149,2022-02-12,23,Basic,paid_search,20.96,0,2.0,0,0,0
C107529,2022-02-12,23,Standard,paid_search,33.55,3,19.0,1,0,0
C101135,2022-02-12,23,Standard,partner,42.8,0,8.0,0,0,0
C104892,2022-02-12,23,Standard,organic,50.62,0,5.0,0,0,0
C105815,2022-02-12,23,Basic,paid_search,27.22,4,14.0,1,0,0
C107918,2022-02-12,23,Premium,organic,72.97,1,0.0,0,0,0
C102656,2022-02-12,23,Standard,partner,44.87,0,6.0,0,0,0
C104387,2022-02-12,23,Standard,organic,32.07,1,1.0,0,0,0
C104517,2022-02-12,23,Basic,paid_search,20.6,0,12.0,0,0,0
C106369,2022-02-12,23,Premium,organic,95.3,1,7.0,0,0,0
C104872,2022-02-13,23,Basic,paid_search,22.12,1,2.0,1,0,0
C103188,2022-02-13,23,Basic,organic,20.3,2,11.0,0,0,0
C102787,2022-02-13,23,Standard,partner,27.75,0,5.0,0,0,0
C104860,2022-02-13,23,Basic,referral,17.14,1,18.0,0,0,0
C101614,2022-02-13,23,Standard,referral,44.23,1,25.0,1,0,0
C103112,2022-02-13,23,Standard,partner,47.31,1,12.0,0,0,0
C106210,2022-02-13,23,Basic,organic,16.83,0,20.0,1,0,0
C105849,2022-02-13,23,Basic,paid_search,20.16,0,6.0,0,0,0
C102459,2022-02-13,23,Standard,organic,42.41,1,2.0,0,0,0
C105256,2022-02-13,23,Standard,paid_search,33.1,2,3.0,0,0,0
C105605,2022-02-14,23,Premium,paid_search,75.48,0,10.0,0,0,0
C101888,2022-02-14,23,Premium,paid_search,81.94,0,21.0,0,0,0
C103532,2022-02-14,23,Basic,organic,18.2,0,1.0,0,0,0
C107627,2022-02-14,23,Premium,partner,99.85,1,,0,0,0
C103500,2022-02-14,23,Standard,paid_search,44.55,0,21.0,1,2,1
C107182,2022-02-14,23,Standard,organic,37.65,2,9.0,0,0,0
C107409,2022-02-14,23,Basic,referral,19.56,1,9.0,0,0,0
C102372,2022-02-14,23,Premium,partner,78.65,0,0.0,0,0,0
C105973,2022-02-14,23,Basic,referral,13.93,0,1.0,0,0,0
C105384,2022-02-14,23,Standard,organic,40.16,0,0.0,1,0,0
C101410,2022-02-14,23,Basic,referral,26.34,0,10.0,0,0,0
C100618,2022-02-14,23,Basic,organic,18.0,1,5.0,0,0,0
C101350,2022-02-14,23,Premium,referral,65.77,1,2.0,1,0,0
C104483,2022-02-14,23,Standard,organic,35.87,0,3.0,0,0,0
C103918,2022-02-14,23,Premium,organic,84.69,0,2.0,0,0,0
C102981,2022-02-14,23,Premium,referral,73.85,0,11.0,0,0,0
C101469,2022-02-14,23,Basic,organic,26.98,1,5.0,0,0,0
C104736,2022-02-14,23,Standard,referral,35.11,2,8.0,0,0,0
C107360,2022-02-15,23,Standard,referral,57.86,3,1.0,0,0,0
C102524,2022-02-15,23,Basic,partner,15.49,1,13.0,0,0,0
C106415,2022-02-15,23,Premium,paid_search,71.2,0,29.0,0,2,1
C106248,2022-02-15,23,Basic,partner,21.5,0,5.0,0,0,0
C102001,2022-02-15,23,Basic,referral,18.64,0,9.0,0,0,0
C107271,2022-02-15,23,Basic,organic,16.58,0,3.0,0,0,0
C106613,2022-02-15,23,Basic,partner,20.82,0,,0,0,0
C106530,2022-02-16,22,Standard,partner,48.02,0,5.0,0,0,0
C102803,2022-02-16,22,Basic,organic,25.39,1,8.0,0,0,0
C106287,2022-02-16,22,Premium,referral,75.93,0,1.0,0,0,0
C105695,2022-02-16,22,Basic,partner,20.04,0,1.0,0,0,0
C100035,2022-02-16,22,Basic,referral,17.68,4,5.0,1,0,0
C102887,2022-02-16,22,Basic,referral,21.93,1,2.0,0,0,0
C106834,2022-02-16,22,Basic,organic,19.87,1,,0,0,0
C106631,2022-02-16,22,Basic,referral,16.91,2,7.0,0,0,0
C107976,2022-02-16,22,Basic,referral,20.9,0,6.0,0,0,0
C102128,2022-02-16,22,Standard,partner,30.8,2,,0,0,0
C101455,2022-02-17,22,Standard,paid_search,34.02,1,13.0,0,0,0
C106138,2022-02-17,22,Basic,paid_search,18.94,0,20.0,0,0,1
C106330,2022-02-17,22,Basic,organic,21.8,1,4.0,0,0,0
C100278,2022-02-17,22,Basic,paid_search,23.09,0,3.0,0,0,0
C107848,2022-02-17,22,Basic,referral,18.31,0,,0,0,0
C102330,2022-02-17,22,Basic,organic,21.83,1,10.0,0,0,0
C106838,2022-02-17,22,Basic,organic,13.21,0,4.0,0,0,0
C103797,2022-02-17,22,Premium,referral,83.51,2,2.0,0,0,0
C106063,2022-02-17,22,Basic,organic,22.27,0,1.0,1,0,0
C104691,2022-02-18,22,Basic,referral,21.0,1,3.0,0,0,0
C100517,2022-02-18,22,Basic,organic,23.46,0,,0,0,0
C104643,2022-02-18,22,Basic,paid_search,21.09,2,4.0,0,0,0
C105358,2022-02-18,22,Standard,paid_search,44.93,1,9.0,0,0,0
C106334,2022-02-18,22,Basic,organic,17.86,0,17.0,0,0,0
C105969,2022-02-18,22,Standard,organic,43.34,1,7.0,0,0,0
C102710,2022-02-18,22,Basic,organic,19.13,2,6.0,0,0,0
C102963,2022-02-18,22,Basic,partner,16.45,1,3.0,0,0,0
C105300,2022-02-18,22,Standard,organic,40.01,0,5.0,1,0,0
C102439,2022-02-18,22,Standard,referral,35.28,1,8.0,0,0,0
C101034,2022-02-18,22,Standard,organic,49.1,0,,0,0,0
C103916,2022-02-18,22,Premium,referral,81.9,1,4.0,0,4,1
C105308,2022-02-19,22,Basic,referral,21.79,0,1.0,0,0,0
C101361,2022-02-19,22,Basic,organic,22.8,1,16.0,0,0,0
C100044,2022-02-19,22,Standard,organic,43.18,1,1.0,0,0,0
C106294,2022-02-19,22,Basic,partner,25.31,0,4.0,0,0,0
C106660,2022-02-19,22,Basic,paid_search,20.5,2,3.0,0,0,0
C104393,2022-02-19,22,Standard,partner,37.4,3,1.0,0,0,0
C104290,2022-02-19,22,Standard,organic,41.82,0,2.0,0,0,0
C104276,2022-02-19,22,Basic,organic,14.72,2,45.0,0,0,0
C101768,2022-02-19,22,Basic,organic,15.26,0,0.0,0,0,0
C102311,2022-02-19,22,Premium,organic,67.12,1,1.0,0,0,0
C100386,2022-02-19,22,Basic,organic,20.76,2,8.0,1,2,1
C104837,2022-02-19,22,Standard,paid_search,47.35,0,11.0,0,0,0
C104455,2022-02-19,22,Basic,referral,22.75,0,11.0,0,0,0
C103560,2022-02-19,22,Premium,organic,89.97,0,1.0,0,0,0
C104398,2022-02-20,22,Premium,paid_search,68.32,2,5.0,0,0,0
C104683,2022-02-20,22,Premium,paid_search,82.63,0,28.0,1,0,0
C106144,2022-02-20,22,Standard,referral,35.16,1,10.0,0,0,0
C104679,2022-02-20,22,Standard,organic,38.04,0,1.0,0,0,0
C104853,2022-02-20,22,Standard,paid_search,25.39,0,22.0,0,0,0
C107870,2022-02-20,22,Basic,organic,17.32,0,7.0,0,0,0
C107938,2022-02-20,22,Basic,organic,20.76,3,1.0,0,0,0
C102231,2022-02-20,22,Standard,organic,48.46,1,1.0,0,0,0
C103154,2022-02-20,22,Standard,paid_search,39.52,1,10.0,0,0,0
C102704,2022-02-20,22,Standard,organic,44.39,1,14.0,1,0,0
C102794,2022-02-20,22,Standard,paid_search,45.22,2,1.0,0,0,0
C106008,2022-02-20,22,Basic,organic,21.07,2,12.0,0,0,0
C107909,2022-02-20,22,Standard,organic,45.13,0,14.0,0,0,0
C106801,2022-02-20,22,Basic,organic,22.39,0,20.0,1,0,0
C106286,2022-02-21,22,Premium,paid_search,80.46,1,1.0,0,0,0
C105335,2022-02-21,22,Standard,referral,47.73,0,5.0,0,0,0
C103410,2022-02-21,22,Standard,partner,42.83,0,12.0,0,0,0
C106313,2022-02-21,22,Premium,organic,75.55,0,9.0,0,0,0
C102590,2022-02-21,22,Basic,partner,19.43,0,8.0,0,0,0
C106130,2022-02-21,22,Premium,paid_search,62.97,2,31.0,0,0,0
C100898,2022-02-21,22,Premium,referral,79.57,1,,0,0,0
C107686,2022-02-21,22,Basic,paid_search,22.06,1,9.0,1,0,0
C106932,2022-02-21,22,Standard,paid_search,36.49,1,7.0,0,0,0
C107036,2022-02-21,22,Standard,organic,44.81,0,,1,0,0
C103069,2022-02-21,22,Standard,paid_search,55.79,3,5.0,0,0,0
C106276,2022-02-22,22,Standard,organic,48.16,1,6.0,0,0,0
C105529,2022-02-22,22,Basic,organic,19.61,0,8.0,0,0,0
C107971,2022-02-22,22,Basic,referral,23.89,2,2.0,1,0,0
C106619,2022-02-22,22,Standard,referral,32.73,0,5.0,0,0,0
C101952,2022-02-22,22,Standard,partner,45.84,2,18.0,0,0,0
C103276,2022-02-22,22,Basic,organic,20.49,0,,0,0,0
C104779,2022-02-22,22,Basic,organic,16.1,1,6.0,0,0,0
C101833,2022-02-22,22,Standard,referral,37.49,1,10.0,0,0,0
C103987,2022-02-22,22,Premium,paid_search,58.3,0,2.0,0,0,0
C103815,2022-02-22,22,Basic,referral,16.32,2,8.0,0,0,0
C103651,2022-02-22,22,Basic,referral,21.27,0,0.0,0,0,0
C101021,2022-02-22,22,Premium,paid_search,64.88,0,0.0,0,0,0
C100658,2022-02-22,22,Standard,partner,36.54,1,3.0,0,0,0
C103531,2022-02-22,22,Basic,partner,15.89,1,5.0,0,0,0
C103334,2022-02-22,22,Basic,organic,23.58,1,,0,0,0
C106525,2022-02-22,22,Basic,paid_search,16.36,0,7.0,0,0,0
C104230,2022-02-23,22,Basic,organic,16.82,0,8.0,0,0,0
C104592,2022-02-23,22,Premium,organic,93.61,0,4.0,1,0,0
C102024,2022-02-23,22,Premium,paid_search,78.5,1,4.0,0,0,0
C105422,2022-02-23,22,Standard,organic,49.03,0,5.0,0,2,1
C107274,2022-02-23,22,Basic,organic,14.34,1,,0,0,0
C107698,2022-02-23,22,Standard,organic,34.99,0,8.0,0,0,0
C107881,2022-02-23,22,Premium,organic,79.32,0,,0,0,0
C107159,2022-02-23,22,Basic,paid_search,15.84,1,66.0,0,3,1
C106438,2022-02-24,22,Premium,organic,79.51,0,1.0,0,0,0
C103535,2022-02-24,22,Premium,organic,77.6,1,4.0,0,0,0
C101910,2022-02-24,22,Premium,paid_search,92.71,0,1.0,0,0,0
C103613,2022-02-24,22,Basic,organic,18.38,0,25.0,1,2,1
C105583,2022-02-24,22,Standard,organic,28.85,1,,1,0,0
C101252,2022-02-24,22,Basic,paid_search,19.1,0,6.0,1,0,0
C106793,2022-02-24,22,Premium,partner,91.09,1,3.0,0,0,0
C101214,2022-02-24,22,Basic,referral,20.3,1,1.0,0,0,0
C103931,2022-02-24,22,Standard,paid_search,34.36,0,10.0,0,0,0
C102668,2022-02-25,22,Basic,organic,24.41,0,17.0,1,0,0
C101054,2022-02-25,22,Standard,organic,34.31,1,6.0,0,3,1
C100068,2022-02-25,22,Premium,organic,49.2,1,23.0,0,0,0
C106796,2022-02-25,22,Basic,organic,17.47,2,9.0,0,0,0
C105696,2022-02-25,22,Standard,organic,39.49,1,4.0,0,2,1
C106337,2022-02-25,22,Premium,paid_search,60.92,0,,0,0,0
C104696,2022-02-25,22,Basic,organic,17.59,3,0.0,0,0,0
C107949,2022-02-25,22,Basic,partner,17.56,0,2.0,0,0,0
C107124,2022-02-25,22,Premium,organic,100.01,2,13.0,0,0,0
C106869,2022-02-25,22,Premium,organic,75.75,0,5.0,0,0,0
C103579,2022-02-26,22,Basic,paid_search,25.29,1,1.0,0,0,0
C102478,2022-02-26,22,Basic,organic,19.62,0,1.0,0,0,0
C102855,2022-02-26,22,Basic,paid_search,23.03,2,0.0,0,0,0
C101026,2022-02-26,22,Basic,organic,16.39,0,7.0,0,0,0
C106328,2022-02-26,22,Basic,organic,23.46,3,,0,0,0
C107604,2022-02-26,22,Basic,organic,23.77,1,8.0,0,0,0
C104104,2022-02-26,22,Standard,paid_search,39.73,1,17.0,0,0,0
C105165,2022-02-26,22,Basic,referral,22.2,0,0.0,0,0,0
C100216,2022-02-27,22,Standard,paid_search,49.04,2,10.0,0,0,0
C107634,2022-02-27,22,Standard,referral,39.05,0,2.0,0,0,0
C106521,2022-02-27,22,Standard,organic,34.51,1,4.0,0,0,0
C107670,2022-02-27,22,Basic,organic,22.01,2,,0,0,0
C100126,2022-02-27,22,Standard,organic,40.57,2,15.0,0,0,0
C101570,2022-02-27,22,Basic,organic,12.14,2,1.0,0,0,0
C106918,2022-02-27,22,Standard,organic,33.14,1,2.0,0,0,0
C107555,2022-02-27,22,Basic,organic,19.43,0,3.0,0,0,0
C101587,2022-02-27,22,Basic,referral,20.9,1,0.0,1,0,0
C104623,2022-02-27,22,Standard,paid_search,42.61,1,5.0,0,0,0
C103915,2022-02-27,22,Premium,organic,76.11,0,8.0,1,0,0
C105138,2022-02-28,22,Basic,paid_search,12.21,0,3.0,0,0,0
C103758,2022-02-28,22,Basic,referral,18.92,0,10.0,1,0,0
C107410,2022-02-28,22,Basic,referral,20.78,0,,1,0,0
C106371,2022-02-28,22,Basic,organic,9.96,3,,0,0,0
C106666,2022-02-28,22,Basic,organic,20.73,0,41.0,0,3,1
C106017,2022-02-28,22,Standard,organic,35.75,2,7.0,0,0,0
C104647,2022-02-28,22,Basic,organic,18.59,0,3.0,0,0,0
C102751,2022-02-28,22,Basic,organic,19.95,2,,1,1,0
C101095,2022-02-28,22,Standard,paid_search,38.12,0,,0,0,0
C105507,2022-02-28,22,Basic,organic,15.94,1,3.0,1,0,0
C107985,2022-02-28,22,Basic,paid_search,19.67,1,2.0,0,0,0
C100438,2022-03-01,22,Basic,paid_search,16.03,0,11.0,0,0,0
C103133,2022-03-01,22,Basic,paid_search,15.98,2,14.0,0,0,0
C105590,2022-03-01,22,Standard,referral,29.99,0,59.0,0,0,0
C107719,2022-03-01,22,Premium,organic,62.42,3,2.0,0,0,0
C104536,2022-03-01,22,Basic,paid_search,19.83,0,66.0,0,0,0
C101850,2022-03-01,22,Premium,paid_search,105.09,0,15.0,0,0,0
C106964,2022-03-01,22,Standard,paid_search,27.58,0,33.0,1,0,0
C102634,2022-03-02,22,Standard,organic,47.14,2,25.0,0,0,0
C103638,2022-03-02,22,Standard,paid_search,44.11,0,4.0,0,0,0
C104576,2022-03-02,22,Basic,organic,22.63,1,14.0,0,0,0
C101360,2022-03-02,22,Standard,organic,44.85,1,0.0,0,0,0
C107311,2022-03-02,22,Standard,referral,36.27,0,2.0,0,0,0
C100279,2022-03-02,22,Standard,paid_search,52.24,1,5.0,1,4,1
C103886,2022-03-02,22,Basic,partner,25.41,2,18.0,0,0,0
C105261,2022-03-02,22,Basic,organic,23.22,4,3.0,0,0,0
C100677,2022-03-03,22,Basic,paid_search,19.89,0,10.0,0,0,0
C100430,2022-03-03,22,Basic,organic,23.77,0,22.0,0,0,0
C100245,2022-03-03,22,Basic,paid_search,23.11,1,1.0,0,0,0
C106608,2022-03-03,22,Premium,partner,72.95,2,19.0,0,0,0
C106009,2022-03-03,22,Basic,organic,20.33,0,4.0,1,0,0
C101327,2022-03-03,22,Premium,organic,88.33,2,2.0,0,0,0
C106193,2022-03-03,22,Standard,organic,39.41,0,20.0,0,0,0
C101121,2022-03-03,22,Basic,paid_search,11.86,0,3.0,0,0,0
C101255,2022-03-03,22,Premium,organic,76.23,0,7.0,0,0,0
C107501,2022-03-03,22,Standard,organic,35.55,1,4.0,1,0,0
C103542,2022-03-04,22,Standard,organic,48.79,0,13.0,0,0,0
C105875,2022-03-04,22,Basic,organic,19.28,1,20.0,0,0,0
C103320,2022-03-04,22,Basic,referral,18.83,1,9.0,0,0,0
C106637,2022-03-04,22,Premium,referral,72.25,0,2.0,0,0,0
C107561,2022-03-04,22,Standard,referral,41.91,2,7.0,1,0,0
C100880,2022-03-04,22,Basic,organic,20.08,1,19.0,0,0,0
C105228,2022-03-04,22,Standard,partner,36.1,3,1.0,0,0,0
C100006,2022-03-04,22,Standard,organic,40.63,1,9.0,0,0,0
C106412,2022-03-04,22,Basic,partner,19.61,1,12.0,0,0,0
C100752,2022-03-04,22,Basic,paid_search,22.28,0,9.0,0,0,0
C102365,2022-03-04,22,Basic,referral,18.03,0,17.0,0,0,0
C107961,2022-03-05,22,Basic,organic,22.68,0,21.0,0,0,0
C107774,2022-03-05,22,Basic,organic,17.16,0,12.0,0,0,0
C102316,2022-03-05,22,Standard,paid_search,47.3,0,1.0,0,0,0
C106853,2022-03-05,22,Standard,referral,35.69,1,14.0,0,0,0
C103280,2022-03-05,22,Standard,referral,45.01,1,3.0,0,0,0
C105366,2022-03-05,22,Standard,partner,38.95,1,2.0,0,0,0
C107402,2022-03-05,22,Basic,referral,18.15,1,5.0,0,0,0
C105178,2022-03-05,22,Standard,referral,33.08,1,2.0,0,0,0
C102864,2022-03-05,22,Standard,organic,44.24,2,0.0,0,0,0
C106156,2022-03-05,22,Standard,referral,49.44,1,0.0,1,0,0
C100195,2022-03-05,22,Standard,organic,36.16,0,1.0,0,0,0
C102528,2022-03-05,22,Standard,organic,47.59,1,,0,0,0
C103619,2022-03-05,22,Premium,organic,70.12,1,,0,0,0
C107187,2022-03-05,22,Standard,referral,50.1,0,12.0,1,0,0
C103981,2022-03-06,22,Premium,organic,95.62,1,2.0,0,0,0
C107525,2022-03-06,22,Standard,referral,41.93,1,6.0,0,0,0
C101720,2022-03-06,22,Standard,paid_search,33.99,1,5.0,1,0,1
C103534,2022-03-06,22,Basic,referral,24.51,0,,0,0,0
C105791,2022-03-06,22,Basic,organic,17.87,1,55.0,0,0,0
C105193,2022-03-06,22,Basic,organic,17.18,3,20.0,0,0,0
C106512,2022-03-06,22,Basic,partner,19.49,1,4.0,0,0,0
C104431,2022-03-06,22,Basic,organic,15.69,2,,0,0,0
C105534,2022-03-06,22,Premium,organic,67.62,1,3.0,0,0,0
C101542,2022-03-06,22,Standard,organic,49.77,1,2.0,0,0,0
C104697,2022-03-06,22,Basic,organic,18.79,0,11.0,0,0,0
C100727,2022-03-06,22,Basic,paid_search,18.05,0,23.0,0,0,0
C101808,2022-03-07,22,Basic,paid_search,21.21,2,25.0,0,0,0
C104257,2022-03-07,22,Basic,organic,19.88,0,5.0,0,0,0
C106577,2022-03-07,22,Basic,organic,18.74,0,1.0,0,0,0
C100000,2022-03-07,22,Standard,paid_search,26.18,1,,0,0,0
C100171,2022-03-07,22,Standard,referral,47.03,0,,0,0,0
C100694,2022-03-07,22,Basic,paid_search,20.25,1,5.0,0,0,0
C107931,2022-03-07,22,Standard,paid_search,37.11,1,10.0,0,0,0
C102853,2022-03-07,22,Basic,organic,20.5,2,9.0,0,0,0
C101530,2022-03-07,22,Basic,referral,18.23,1,1.0,0,0,0
C101930,2022-03-07,22,Premium,referral,66.46,1,0.0,0,0,0
C103247,2022-03-07,22,Basic,organic,17.17,1,11.0,0,0,0
C107489,2022-03-07,22,Standard,partner,42.88,0,2.0,0,0,0
C104925,2022-03-07,22,Standard,partner,41.2,0,9.0,0,0,0
C103527,2022-03-07,22,Standard,referral,35.48,0,1.0,0,0,0
C107895,2022-03-08,22,Basic,referral,21.84,4,7.0,0,0,0
C102911,2022-03-08,22,Standard,paid_search,42.55,0,5.0,0,0,0
C100358,2022-03-08,22,Standard,partner,35.98,0,8.0,0,0,0
C100132,2022-03-08,22,Basic,organic,15.58,0,6.0,0,0,0
C100825,2022-03-08,22,Basic,referral,23.95,1,4.0,0,0,0
C107368,2022-03-08,22,Standard,referral,45.34,1,6.0,2,0,0
C104127,2022-03-08,22,Standard,organic,21.69,0,3.0,0,0,0
C106035,2022-03-08,22,Premium,organic,94.75,1,,0,0,0
C101632,2022-03-08,22,Basic,partner,19.44,1,10.0,0,0,0
C102032,2022-03-08,22,Basic,organic,14.9,0,13.0,0,0,0
C102081,2022-03-08,22,Basic,organic,21.34,0,2.0,0,0,0
C100909,2022-03-08,22,Basic,organic,16.49,0,2.0,1,0,0
C104100,2022-03-09,22,Basic,paid_search,11.34,1,8.0,0,0,0
C100032,2022-03-09,22,Standard,referral,39.41,1,2.0,0,0,0
C104610,2022-03-09,22,Basic,organic,23.61,0,,0,1,0
C104527,2022-03-09,22,Standard,organic,36.15,2,7.0,0,0,0
C106654,2022-03-09,22,Basic,partner,19.11,2,2.0,0,0,0
C105564,2022-03-09,22,Standard,paid_search,44.36,0,17.0,0,0,0
C106930,2022-03-09,22,Basic,referral,24.74,0,18.0,1,0,0
C102339,2022-03-09,22,Standard,paid_search,40.69,0,5.0,0,0,0
C107385,2022-03-09,22,Basic,partner,17.06,0,17.0,0,0,0
C105481,2022-03-09,22,Basic,organic,18.85,2,2.0,0,0,0
C102815,2022-03-10,22,Basic,paid_search,13.53,0,0.0,0,0,0
C100009,2022-03-10,22,Standard,paid_search,28.02,0,36.0,0,0,0
C104299,2022-03-10,22,Basic,paid_search,17.46,0,8.0,1,0,0
C104571,2022-03-10,22,Premium,referral,92.49,1,7.0,0,0,0
C100375,2022-03-10,22,Basic,organic,28.65,0,2.0,0,0,0
C100950,2022-03-10,22,Basic,organic,21.06,1,24.0,0,0,0
C101689,2022-03-10,22,Premium,organic,68.63,3,8.0,0,0,0
C106395,2022-03-10,22,Basic,referral,12.81,1,2.0,1,0,0
C103413,2022-03-10,22,Standard,referral,48.36,0,13.0,0,0,0
C106567,2022-03-10,22,Premium,organic,81.75,1,8.0,1,0,0
C104293,2022-03-10,22,Basic,paid_search,17.48,0,5.0,0,0,0
C107879,2022-03-10,22,Standard,paid_search,40.34,0,10.0,0,0,0
C104465,2022-03-10,22,Standard,referral,20.56,2,11.0,1,0,0
C100580,2022-03-10,22,Standard,organic,33.42,1,2.0,0,0,0
C105902,2022-03-10,22,Standard,partner,44.11,1,,1,0,0
C105763,2022-03-10,22,Basic,paid_search,26.49,1,7.0,0,0,0
C105478,2022-03-10,22,Basic,paid_search,19.02,3,10.0,0,0,0
C104670,2022-03-11,22,Basic,partner,18.63,0,0.0,0,0,0
C102452,2022-03-11,22,Standard,organic,31.76,0,9.0,0,0,0
C103974,2022-03-11,22,Standard,paid_search,44.59,1,32.0,0,0,0
C100790,2022-03-11,22,Standard,paid_search,35.14,1,7.0,0,1,0
C100699,2022-03-11,22,Standard,paid_search,56.34,0,1.0,0,0,0
C103671,2022-03-11,22,Basic,organic,20.49,0,5.0,0,0,0
C102593,2022-03-11,22,Standard,partner,35.33,1,,0,0,0
C107371,2022-03-11,22,Basic,partner,20.76,2,1.0,0,0,0
C106419,2022-03-11,22,Standard,organic,24.59,2,14.0,0,0,0
C100242,2022-03-11,22,Standard,paid_search,34.06,0,4.0,1,0,0
C100976,2022-03-11,22,Standard,paid_search,50.67,0,,1,0,0
C100673,2022-03-11,22,Basic,paid_search,21.21,1,1.0,0,0,0
C107993,2022-03-11,22,Basic,organic,14.63,1,37.0,0,0,0
C102265,2022-03-11,22,Premium,paid_search,104.67,0,0.0,0,0,0
C107858,2022-03-11,22,Standard,partner,38.92,1,13.0,0,0,0
C104847,2022-03-12,22,Standard,organic,49.12,3,3.0,1,0,0
C106333,2022-03-12,22,Basic,partner,25.25,0,3.0,0,0,0
C104070,2022-03-12,22,Basic,organic,19.12,1,9.0,0,0,0
C100086,2022-03-12,22,Standard,paid_search,39.53,2,,0,0,0
C101841,2022-03-12,22,Basic,paid_search,22.19,1,10.0,0,0,0
C105027,2022-03-12,22,Standard,organic,43.13,0,8.0,0,0,0
C106636,2022-03-12,22,Premium,referral,84.45,1,4.0,0,1,0
C102305,2022-03-12,22,Basic,paid_search,24.16,1,9.0,0,0,0
C100217,2022-03-12,22,Basic,organic,18.71,0,23.0,0,1,0
C102741,2022-03-12,22,Basic,paid_search,17.61,1,12.0,0,0,0
C107812,2022-03-12,22,Premium,paid_search,76.5,1,13.0,0,0,0
C106148,2022-03-12,22,Basic,referral,18.23,1,24.0,0,0,0
C106103,2022-03-13,22,Standard,organic,35.9,0,5.0,1,0,0
C103283,2022-03-13,22,Basic,referral,17.53,0,4.0,0,0,0
C105999,2022-03-13,22,Standard,organic,41.92,0,3.0,0,0,0
C104313,2022-03-13,22,Basic,partner,18.03,1,12.0,0,0,0
C104842,2022-03-13,22,Basic,organic,21.63,1,,0,0,0
C104726,2022-03-13,22,Premium,partner,69.27,2,26.0,1,0,0
C104762,2022-03-13,22,Basic,organic,17.93,0,2.0,0,0,0
C103958,2022-03-13,22,Basic,organic,20.55,1,1.0,0,0,0
C106265,2022-03-13,22,Basic,referral,19.21,1,,1,0,0
C103418,2022-03-13,22,Standard,organic,30.03,1,3.0,0,0,0
C101787,2022-03-14,22,Standard,organic,50.84,1,3.0,0,1,0
C101737,2022-03-14,22,Standard,organic,33.68,0,1.0,0,0,0
C105135,2022-03-14,22,Standard,partner,31.78,1,21.0,0,0,0
C102956,2022-03-14,22,Basic,organic,18.2,0,4.0,0,0,0
C100587,2022-03-14,22,Premium,paid_search,83.92,0,10.0,0,0,0
C103034,2022-03-14,22,Basic,referral,18.6,0,4.0,0,0,0
C105965,2022-03-14,22,Basic,referral,20.31,0,1.0,0,0,0
C100890,2022-03-14,22,Basic,referral,16.56,1,,0,0,0
C102501,2022-03-14,22,Basic,partner,18.86,1,4.0,0,0,0
C104552,2022-03-14,22,Standard,referral,37.85,0,0.0,0,0,0
C106467,2022-03-14,22,Basic,organic,20.4,2,1.0,1,0,0
C103342,2022-03-14,22,Premium,paid_search,78.15,0,11.0,0,0,0
C102320,2022-03-14,22,Basic,paid_search,16.52,2,6.0,0,0,0
C102471,2022-03-14,22,Standard,organic,52.38,0,7.0,0,0,0
C107856,2022-03-14,22,Basic,referral,18.61,0,,0,0,0
C104069,2022-03-15,22,Premium,organic,66.79,0,2.0,0,0,0
C101879,2022-03-15,22,Basic,organic,18.51,0,26.0,0,0,0
C106819,2022-03-15,22,Basic,referral,13.19,1,,1,3,1
C105925,2022-03-15,22,Premium,paid_search,91.61,2,2.0,0,2,1
C107588,2022-03-15,22,Basic,organic,25.48,1,1.0,0,0,0
C107458,2022-03-15,22,Premium,referral,118.89,0,7.0,0,0,0
C105525,2022-03-15,22,Standard,paid_search,33.28,2,1.0,0,0,0
C104182,2022-03-15,22,Standard,paid_search,45.11,0,0.0,0,0,0
C104915,2022-03-15,22,Basic,paid_search,18.55,1,,0,0,0
C104634,2022-03-15,22,Basic,paid_search,24.14,0,4.0,0,0,0
C102681,2022-03-15,22,Premium,referral,73.56,0,3.0,0,1,0
C106635,2022-03-16,22,Basic,referral,21.36,0,10.0,0,0,0
C101288,2022-03-16,22,Basic,paid_search,22.62,0,1.0,0,0,0
C105210,2022-03-16,22,Premium,referral,58.06,3,5.0,0,0,0
C104460,2022-03-16,22,Premium,organic,73.31,2,18.0,0,0,0
C106566,2022-03-16,22,Basic,paid_search,18.66,0,,0,0,0
C100579,2022-03-16,22,Basic,paid_search,16.44,0,3.0,0,0,0
C106513,2022-03-16,22,Basic,organic,13.47,2,11.0,0,0,0
C101435,2022-03-16,22,Basic,paid_search,19.12,0,14.0,0,0,0
C105556,2022-03-16,22,Basic,partner,19.97,1,8.0,0,0,0
C106888,2022-03-16,22,Basic,paid_search,21.83,2,10.0,1,0,0
C103806,2022-03-16,22,Standard,referral,36.72,0,26.0,0,0,0
C102514,2022-03-17,22,Basic,paid_search,15.25,1,7.0,0,0,0
C102622,2022-03-17,22,Basic,partner,23.07,1,1.0,0,0,0
C103496,2022-03-17,22,Basic,referral,19.41,0,3.0,0,0,0
C106687,2022-03-17,22,Premium,referral,81.73,0,,0,0,0
C103871,2022-03-17,22,Basic,partner,17.76,1,,1,0,0
C100257,2022-03-17,22,Standard,organic,42.12,1,9.0,0,0,0
C102422,2022-03-17,22,Standard,paid_search,49.9,2,,0,0,0
C104106,2022-03-17,22,Basic,organic,22.99,2,3.0,0,0,0
C101449,2022-03-17,22,Basic,organic,21.51,0,9.0,0,0,0
C101358,2022-03-17,22,Basic,paid_search,20.77,0,0.0,0,0,0
C102555,2022-03-17,22,Basic,paid_search,15.24,0,21.0,0,0,0
C105563,2022-03-17,22,Standard,paid_search,33.94,1,7.0,0,1,0
C103782,2022-03-18,21,Standard,paid_search,43.19,0,3.0,0,0,0
C100515,2022-03-18,21,Basic,referral,16.13,0,1.0,0,0,0
C107558,2022-03-18,21,Standard,referral,47.27,1,0.0,0,0,0
C101165,2022-03-18,21,Standard,paid_search,27.25,2,9.0,0,0,0
C105727,2022-03-18,21,Basic,partner,19.26,0,3.0,0,0,0
C102474,2022-03-18,21,Basic,paid_search,22.49,0,6.0,0,0,0
C101826,2022-03-18,21,Standard,organic,34.01,3,5.0,0,0,0
C102176,2022-03-18,21,Standard,paid_search,34.52,0,3.0,0,0,0
C107808,2022-03-18,21,Basic,organic,19.17,0,,1,0,0
C103852,2022-03-18,21,Standard,referral,27.29,3,17.0,0,0,0
C104419,2022-03-18,21,Basic,organic,16.44,1,3.0,0,0,0
C106559,2022-03-18,21,Premium,referral,69.75,1,5.0,1,0,0
C101729,2022-03-18,21,Basic,partner,14.58,0,10.0,0,0,0
C104916,2022-03-18,21,Standard,organic,53.22,1,,0,0,0
C102614,2022-03-18,21,Premium,referral,63.29,0,10.0,0,0,0
C104852,2022-03-19,21,Basic,organic,15.22,0,35.0,0,0,0
C100170,2022-03-19,21,Premium,paid_search,85.12,0,0.0,1,0,0
C103686,2022-03-19,21,Standard,partner,38.04,1,14.0,0,0,0
C100459,2022-03-19,21,Standard,organic,36.65,0,19.0,0,0,0
C105317,2022-03-19,21,Basic,organic,14.39,1,5.0,0,0,0
C101854,2022-03-19,21,Basic,organic,24.58,0,7.0,1,0,0
C103352,2022-03-19,21,Premium,partner,61.17,1,0.0,0,0,0
C100817,2022-03-19,21,Standard,referral,30.1,0,,0,0,0
C100582,2022-03-19,21,Premium,paid_search,86.01,0,11.0,0,0,0
C102264,2022-03-19,21,Standard,paid_search,31.84,2,9.0,0,0,0
C104965,2022-03-19,21,Basic,referral,18.22,1,15.0,0,0,0
C107261,2022-03-19,21,Premium,paid_search,83.75,0,1.0,0,0,0
C104778,2022-03-19,21,Premium,paid_search,104.98,1,15.0,0,0,0
C107917,2022-03-19,21,Standard,partner,43.9,2,13.0,0,0,0
C101226,2022-03-20,21,Basic,paid_search,16.83,0,4.0,0,0,0
C107338,2022-03-20,21,Standard,referral,33.99,2,1.0,0,0,0
C103490,2022-03-20,21,Premium,referral,78.69,2,13.0,0,0,0
C107644,2022-03-20,21,Standard,organic,29.24,2,0.0,0,0,0
C102503,2022-03-20,21,Premium,partner,73.95,1,6.0,0,0,0
C100321,2022-03-20,21,Standard,paid_search,37.08,0,6.0,1,0,0
C102945,2022-03-20,21,Standard,paid_search,40.16,0,3.0,0,0,0
C104831,2022-03-20,21,Standard,paid_search,33.37,1,1.0,0,0,0
C103149,2022-03-21,21,Standard,partner,45.28,1,1.0,0,0,0
C105638,2022-03-21,21,Standard,partner,39.54,2,7.0,0,0,0
C105777,2022-03-21,21,Standard,organic,57.68,0,8.0,0,0,0
C107053,2022-03-21,21,Basic,paid_search,19.83,0,14.0,0,0,0
C100479,2022-03-21,21,Premium,paid_search,70.47,1,12.0,0,0,0
C104043,2022-03-21,21,Standard,organic,52.57,0,6.0,1,0,0
C106417,2022-03-21,21,Basic,paid_search,20.66,0,0.0,0,0,0
C103076,2022-03-21,21,Basic,paid_search,18.75,1,4.0,0,0,0
C105506,2022-03-21,21,Standard,paid_search,42.36,0,3.0,0,0,0
C104237,2022-03-21,21,Standard,paid_search,35.7,3,1.0,0,0,0
C100309,2022-03-21,21,Standard,organic,37.2,0,19.0,0,0,0
C101271,2022-03-21,21,Premium,paid_search,56.27,1,9.0,0,0,0
C103726,2022-03-21,21,Basic,organic,19.17,2,10.0,0,0,0
C105104,2022-03-21,21,Standard,organic,26.14,1,4.0,1,0,0
C101537,2022-03-22,21,Standard,partner,41.52,1,3.0,0,0,0
C106846,2022-03-22,21,Standard,referral,41.83,2,8.0,1,0,0
C101815,2022-03-22,21,Standard,partner,40.29,0,0.0,1,0,0
C103033,2022-03-22,21,Basic,organic,20.01,0,1.0,0,0,0
C100807,2022-03-22,21,Standard,partner,44.64,0,1.0,0,0,0
C104977,2022-03-22,21,Premium,referral,92.61,0,1.0,0,0,0
C107045,2022-03-22,21,Standard,referral,43.09,1,13.0,0,0,0
C106795,2022-03-22,21,Standard,partner,43.15,0,47.0,0,0,0
C106015,2022-03-22,21,Basic,paid_search,21.32,1,4.0,0,0,0
C107908,2022-03-23,21,Basic,partner,21.11,2,12.0,0,0,0
C107490,2022-03-23,21,Basic,paid_search,16.16,0,8.0,0,0,0
C101465,2022-03-23,21,Standard,organic,34.5,2,3.0,0,0,0
C101483,2022-03-23,21,Basic,organic,18.42,0,7.0,0,0,0
C106463,2022-03-23,21,Standard,paid_search,42.66,1,21.0,0,0,0
C103590,2022-03-23,21,Basic,paid_search,23.42,1,1.0,1,2,0
C102243,2022-03-23,21,Standard,organic,41.4,0,5.0,0,0,0
C107745,2022-03-23,21,Premium,paid_search,97.47,0,1.0,0,0,0
C102910,2022-03-23,21,Standard,organic,39.02,1,1.0,0,0,0
C104220,2022-03-23,21,Basic,organic,15.84,0,4.0,0,0,0
C101488,2022-03-23,21,Basic,paid_search,16.85,1,0.0,0,0,0
C104728,2022-03-23,21,Basic,referral,25.03,1,2.0,0,0,0
C103790,2022-03-23,21,Standard,referral,54.77,0,11.0,0,0,0
C101866,2022-03-23,21,Standard,paid_search,37.58,2,7.0,0,0,0
C103026,2022-03-24,21,Standard,organic,35.69,0,1.0,0,0,0
C106046,2022-03-24,21,Standard,organic,43.35,0,16.0,0,0,0
C104768,2022-03-24,21,Standard,paid_search,41.82,1,14.0,0,0,0
C105928,2022-03-24,21,Standard,paid_search,41.02,0,7.0,0,0,0
C102722,2022-03-24,21,Basic,referral,17.45,1,3.0,0,0,0
C101578,2022-03-24,21,Premium,referral,90.33,2,0.0,0,0,0
C100500,2022-03-25,21,Basic,referral,20.33,1,5.0,0,0,0
C100119,2022-03-25,21,Standard,organic,39.39,0,2.0,0,0,0
C106163,2022-03-25,21,Standard,referral,44.75,0,5.0,0,0,0
C104433,2022-03-25,21,Standard,partner,46.05,0,8.0,1,0,0
C107174,2022-03-25,21,Standard,partner,46.53,0,23.0,1,0,0
C106489,2022-03-25,21,Standard,organic,42.88,2,6.0,0,0,0
C101215,2022-03-25,21,Basic,organic,22.79,4,6.0,0,0,0
C107900,2022-03-25,21,Basic,organic,18.75,1,5.0,0,0,0
C100872,2022-03-25,21,Standard,organic,30.0,2,1.0,0,0,0
C101320,2022-03-25,21,Basic,organic,21.01,2,4.0,0,0,0
C107097,2022-03-25,21,Standard,paid_search,45.19,3,10.0,0,0,0
C107284,2022-03-25,21,Premium,organic,73.59,0,5.0,0,0,0
C102852,2022-03-25,21,Standard,paid_search,45.7,3,7.0,0,0,0
C102505,2022-03-26,21,Basic,paid_search,19.38,0,31.0,0,1,0
C106703,2022-03-26,21,Standard,organic,61.65,0,19.0,0,0,0
C102213,2022-03-26,21,Standard,organic,28.26,0,13.0,0,0,0
C102214,2022-03-26,21,Basic,organic,19.87,1,15.0,0,0,0
C100537,2022-03-26,21,Premium,paid_search,63.93,0,9.0,0,0,0
C104381,2022-03-26,21,Standard,organic,40.77,1,2.0,0,0,0
C104009,2022-03-26,21,Standard,referral,42.54,1,,0,0,0
C106620,2022-03-26,21,Standard,organic,31.06,1,,0,0,0
C101019,2022-03-26,21,Basic,organic,19.85,0,11.0,0,2,1
C100364,2022-03-26,21,Standard,partner,49.45,1,1.0,0,0,0
C105124,2022-03-26,21,Premium,organic,70.53,2,,0,0,0
C102785,2022-03-27,21,Standard,paid_search,35.15,1,7.0,0,0,0
C102680,2022-03-27,21,Standard,referral,38.0,1,2.0,0,0,0
C105561,2022-03-27,21,Basic,referral,19.96,2,7.0,0,0,0
C104458,2022-03-27,21,Standard,partner,41.42,1,2.0,0,0,0
C100725,2022-03-27,21,Basic,organic,17.38,2,1.0,0,0,0
C102363,2022-03-28,21,Basic,paid_search,20.02,0,33.0,0,0,0
C100496,2022-03-28,21,Standard,paid_search,47.24,0,10.0,0,0,0
C100197,2022-03-28,21,Premium,organic,62.4,0,8.0,0,0,0
C105828,2022-03-28,21,Standard,paid_search,42.41,1,8.0,0,0,0
C105749,2022-03-28,21,Basic,paid_search,19.92,3,16.0,1,0,0
C103304,2022-03-28,21,Standard,organic,26.55,0,5.0,0,0,0
C102699,2022-03-28,21,Standard,paid_search,35.52,0,6.0,0,0,0
C104401,2022-03-28,21,Basic,organic,16.49,0,8.0,0,0,0
C107590,2022-03-28,21,Basic,organic,15.68,1,,0,0,0
C105609,2022-03-28,21,Basic,paid_search,22.51,2,2.0,0,0,0
C103160,2022-03-28,21,Standard,organic,34.61,2,8.0,0,0,0
C102268,2022-03-28,21,Basic,paid_search,22.54,2,6.0,0,0,0
C101945,2022-03-28,21,Basic,referral,18.75,1,37.0,0,0,0
C100777,2022-03-28,21,Basic,organic,17.63,3,4.0,0,0,0
C103369,2022-03-28,21,Premium,organic,58.39,1,17.0,0,0,0
C100312,2022-03-28,21,Basic,organic,13.45,2,3.0,0,0,0
C103529,2022-03-29,21,Basic,organic,22.42,0,11.0,0,0,0
C100723,2022-03-29,21,Standard,partner,42.52,0,9.0,0,0,0
C105752,2022-03-29,21,Basic,partner,17.32,2,1.0,0,0,0
C106322,2022-03-29,21,Basic,referral,17.93,1,,0,0,0
C101342,2022-03-29,21,Premium,organic,91.9,1,41.0,0,3,1
C101156,2022-03-29,21,Basic,paid_search,22.67,1,3.0,0,0,0
C101049,2022-03-29,21,Premium,organic,72.64,1,0.0,0,0,0
C100945,2022-03-29,21,Standard,paid_search,42.82,0,,0,0,0
C103650,2022-03-29,21,Standard,paid_search,35.8,1,1.0,0,0,0
C105025,2022-03-29,21,Standard,organic,32.46,3,23.0,0,0,0
C107747,2022-03-29,21,Basic,organic,17.61,0,0.0,0,0,0
C100862,2022-03-29,21,Basic,organic,14.92,0,15.0,0,2,0
C104284,2022-03-30,21,Basic,referral,18.98,2,2.0,0,1,0
C106500,2022-03-30,21,Basic,organic,16.48,1,14.0,0,0,0
C104410,2022-03-30,21,Standard,organic,58.57,2,5.0,0,0,0
C101875,2022-03-30,21,Standard,organic,41.31,1,7.0,0,0,0
C103348,2022-03-30,21,Basic,paid_search,14.82,0,,0,0,0
C105352,2022-03-30,21,Basic,paid_search,22.53,1,5.0,0,0,0
C100417,2022-03-30,21,Basic,organic,20.78,1,,1,0,0
C101618,2022-03-30,21,Standard,organic,30.58,1,,0,0,0
C105846,2022-03-30,21,Premium,partner,89.77,0,16.0,0,0,0
C104654,2022-03-31,21,Basic,organic,17.14,0,5.0,0,0,0
C102509,2022-03-31,21,Standard,partner,30.24,2,3.0,1,0,0
C103498,2022-03-31,21,Standard,organic,35.82,0,,0,0,0
C100782,2022-03-31,21,Premium,paid_search,69.17,0,,0,0,0
C105157,2022-03-31,21,Basic,partner,19.65,1,3.0,0,0,0
C100385,2022-03-31,21,Premium,organic,94.23,0,1.0,0,0,0
C100783,2022-03-31,21,Standard,paid_search,32.27,2,5.0,1,0,0
C104512,2022-03-31,21,Standard,organic,25.62,0,,0,0,0
C106307,2022-04-01,21,Basic,organic,17.69,1,4.0,0,0,0
C102922,2022-04-01,21,Basic,organic,19.25,2,5.0,1,0,0
C104797,2022-04-01,21,Standard,paid_search,41.3,2,14.0,0,0,0
C107024,2022-04-01,21,Basic,referral,13.32,0,2.0,1,2,1
C103972,2022-04-01,21,Standard,referral,34.32,3,11.0,0,0,0
C104841,2022-04-01,21,Basic,paid_search,22.7,1,22.0,1,0,0
C105731,2022-04-01,21,Basic,organic,16.73,2,7.0,0,0,0
C105800,2022-04-01,21,Basic,paid_search,18.77,0,11.0,0,0,0
C105187,2022-04-01,21,Standard,partner,48.95,1,13.0,0,0,0
C106260,2022-04-01,21,Premium,paid_search,77.52,0,,0,0,0
C101237,2022-04-01,21,Basic,paid_search,16.37,0,1.0,0,0,0
C101604,2022-04-01,21,Standard,organic,34.4,0,5.0,0,0,0
C100435,2022-04-01,21,Standard,paid_search,53.77,0,13.0,0,0,0
C104197,2022-04-01,21,Basic,organic,22.05,0,6.0,1,0,0
C105892,2022-04-02,21,Basic,partner,20.64,3,8.0,0,0,0
C101927,2022-04-02,21,Standard,organic,36.0,1,1.0,0,0,0
C105760,2022-04-02,21,Premium,paid_search,72.98,1,12.0,0,0,0
C106728,2022-04-02,21,Standard,paid_search,36.84,0,4.0,0,0,0
C101609,2022-04-02,21,Standard,organic,26.18,1,20.0,1,0,0
C102079,2022-04-02,21,Premium,paid_search,107.15,1,11.0,0,0,0
C100873,2022-04-02,21,Standard,referral,38.94,0,0.0,0,0,0
C102822,2022-04-03,21,Standard,organic,41.39,0,16.0,0,0,0
C101629,2022-04-03,21,Basic,paid_search,17.91,1,3.0,1,0,0
C103063,2022-04-03,21,Basic,organic,18.87,2,4.0,1,0,0
C100156,2022-04-03,21,Premium,referral,87.2,2,,0,0,0
C105779,2022-04-03,21,Standard,organic,22.38,0,9.0,0,0,0
C103820,2022-04-03,21,Standard,referral,39.86,0,2.0,0,0,0
C103773,2022-04-03,21,Premium,organic,84.28,0,4.0,1,0,0
C102829,2022-04-03,21,Standard,partner,39.22,1,,1,0,0
C104531,2022-04-03,21,Basic,organic,11.01,2,13.0,0,0,0
C101004,2022-04-04,21,Basic,paid_search,16.44,0,,0,0,0
C107335,2022-04-04,21,Basic,organic,15.81,2,11.0,1,0,0
C107575,2022-04-04,21,Basic,organic,19.94,0,9.0,0,0,0
C103347,2022-04-04,21,Standard,paid_search,51.14,3,5.0,0,0,0
C105945,2022-04-04,21,Basic,referral,12.36,0,0.0,0,0,0
C103164,2022-04-04,21,Premium,paid_search,96.47,1,14.0,0,0,0
C103512,2022-04-04,21,Basic,partner,13.68,1,4.0,0,0,0
C100220,2022-04-04,21,Basic,referral,17.28,0,9.0,0,1,0
C102818,2022-04-04,21,Basic,paid_search,22.57,2,19.0,0,0,0
C102549,2022-04-04,21,Basic,organic,16.33,0,26.0,0,0,0
C106352,2022-04-04,21,Standard,paid_search,42.53,2,,0,0,0
C100758,2022-04-04,21,Basic,organic,15.49,0,23.0,0,0,0
C102696,2022-04-04,21,Basic,organic,21.22,0,4.0,1,0,0
C102698,2022-04-04,21,Standard,paid_search,42.54,2,1.0,0,1,0
C100017,2022-04-04,21,Standard,partner,47.43,1,0.0,1,0,0
C102908,2022-04-04,21,Premium,paid_search,73.04,2,7.0,1,0,0
C101804,2022-04-04,21,Standard,paid_search,42.64,2,15.0,1,0,0
C100944,2022-04-05,21,Standard,paid_search,36.63,0,1.0,0,0,0
C106255,2022-04-05,21,Basic,organic,23.86,2,13.0,0,0,0
C102103,2022-04-05,21,Premium,partner,68.11,0,2.0,0,0,0
C107654,2022-04-05,21,Basic,paid_search,19.87,1,4.0,0,0,0
C107924,2022-04-05,21,Basic,organic,19.18,0,7.0,1,0,0
C107923,2022-04-05,21,Standard,paid_search,34.36,1,2.0,1,0,0
C100704,2022-04-05,21,Basic,organic,20.57,0,2.0,0,0,0
C100073,2022-04-05,21,Basic,organic,18.08,2,1.0,0,0,0
C105660,2022-04-05,21,Basic,organic,18.73,1,1.0,0,0,0
C102005,2022-04-05,21,Standard,referral,38.94,2,15.0,0,0,0
C106070,2022-04-05,21,Standard,referral,30.31,0,8.0,0,0,0
C104144,2022-04-05,21,Standard,referral,39.97,0,1.0,0,0,0
C106989,2022-04-05,21,Premium,organic,94.29,0,2.0,0,0,0
C106188,2022-04-05,21,Basic,paid_search,19.71,0,14.0,0,0,0
C107203,2022-04-05,21,Basic,paid_search,17.87,2,7.0,0,0,0
C100433,2022-04-06,21,Basic,partner,21.11,0,21.0,0,0,0
C104117,2022-04-06,21,Basic,partner,19.82,1,21.0,0,0,0
C103021,2022-04-06,21,Premium,partner,77.41,1,1.0,0,0,0
C107600,2022-04-06,21,Premium,paid_search,84.65,0,50.0,0,0,0
C105884,2022-04-06,21,Basic,organic,18.63,2,10.0,0,0,0
C103944,2022-04-06,21,Standard,organic,45.84,0,1.0,0,0,0
C101775,2022-04-06,21,Basic,organic,22.64,0,8.0,0,0,0
C103286,2022-04-06,21,Standard,partner,39.89,1,12.0,1,0,0
C104203,2022-04-06,21,Standard,referral,40.4,0,1.0,0,0,0
C102084,2022-04-06,21,Basic,referral,21.1,1,0.0,0,0,0
C103101,2022-04-06,21,Basic,organic,15.46,2,17.0,1,0,0
C106488,2022-04-07,21,Premium,paid_search,79.67,1,8.0,0,0,0
C107998,2022-04-07,21,Standard,paid_search,34.26,2,1.0,0,0,0
C106471,2022-04-07,21,Standard,referral,41.14,2,23.0,0,0,0
C101925,2022-04-07,21,Basic,paid_search,16.71,2,1.0,0,0,0
C107914,2022-04-07,21,Premium,organic,67.68,0,1.0,0,0,0
C105994,2022-04-07,21,Basic,organic,27.23,0,9.0,0,0,0
C104020,2022-04-07,21,Basic,organic,17.76,0,16.0,0,0,0
C103537,2022-04-07,21,Standard,organic,46.47,3,,1,0,0
C101644,2022-04-07,21,Standard,organic,32.5,0,7.0,0,0,0
C100669,2022-04-07,21,Basic,partner,14.66,0,5.0,0,0,0
C100413,2022-04-07,21,Basic,partner,16.53,1,1.0,0,0,0
C100442,2022-04-07,21,Premium,paid_search,83.81,0,,0,0,0
C106598,2022-04-07,21,Basic,organic,22.3,0,7.0,1,0,0
C106464,2022-04-07,21,Basic,referral,14.33,0,2.0,1,0,0
C106578,2022-04-07,21,Basic,partner,18.38,2,,0,0,0
C102430,2022-04-07,21,Basic,organic,22.01,0,8.0,0,0,0
C100947,2022-04-08,21,Standard,paid_search,49.7,0,20.0,1,0,0
C107974,2022-04-08,21,Basic,organic,13.23,1,1.0,0,0,0
C104656,2022-04-08,21,Basic,paid_search,13.86,2,1.0,0,0,0
C107797,2022-04-08,21,Basic,organic,24.08,0,4.0,0,0,0
C101894,2022-04-08,21,Basic,organic,21.18,1,6.0,0,0,0
C106823,2022-04-08,21,Basic,paid_search,20.25,0,7.0,0,0,0
C102760,2022-04-08,21,Basic,organic,16.81,0,2.0,1,1,0
C104757,2022-04-08,21,Basic,paid_search,16.21,1,1.0,0,0,0
C103526,2022-04-08,21,Standard,paid_search,44.46,1,13.0,1,0,0
C104302,2022-04-08,21,Basic,paid_search,30.38,2,3.0,1,0,0
C102479,2022-04-09,21,Basic,paid_search,16.97,1,0.0,0,0,0
C106737,2022-04-09,21,Basic,paid_search,16.86,0,7.0,0,0,0
C103268,2022-04-09,21,Premium,organic,95.86,2,21.0,0,0,0
C102206,2022-04-09,21,Basic,referral,22.49,0,18.0,0,0,0
C103307,2022-04-09,21,Standard,referral,28.72,1,0.0,0,0,0
C100603,2022-04-09,21,Standard,organic,54.41,0,9.0,0,0,0
C101818,2022-04-09,21,Basic,organic,20.84,0,5.0,0,0,0
C103605,2022-04-09,21,Premium,paid_search,55.8,1,19.0,0,0,0
C105230,2022-04-09,21,Basic,organic,18.61,0,2.0,0,1,0
C101357,2022-04-09,21,Basic,organic,21.78,2,,0,0,0
C105559,2022-04-09,21,Standard,paid_search,37.91,2,1.0,0,0,0
C102726,2022-04-10,21,Basic,paid_search,12.42,0,1.0,0,0,0
C100822,2022-04-10,21,Standard,organic,36.58,0,8.0,0,0,0
C101341,2022-04-10,21,Basic,organic,18.28,1,5.0,0,0,0
C107088,2022-04-10,21,Premium,organic,54.77,1,5.0,0,0,0
C106574,2022-04-10,21,Standard,paid_search,44.31,0,1.0,1,0,0
C106600,2022-04-10,21,Standard,partner,48.02,1,,0,0,0
C104473,2022-04-10,21,Basic,partner,13.39,0,2.0,0,0,0
C105455,2022-04-10,21,Basic,partner,15.18,1,8.0,0,0,0
C101835,2022-04-11,21,Basic,referral,17.81,0,6.0,0,0,0
C101527,2022-04-11,21,Basic,organic,16.7,2,27.0,0,0,0
C102209,2022-04-11,21,Premium,organic,82.22,1,1.0,0,0,0
C100681,2022-04-11,21,Basic,organic,17.21,2,2.0,1,0,0
C102233,2022-04-11,21,Basic,organic,17.62,0,8.0,0,0,0
C105158,2022-04-11,21,Basic,partner,19.67,0,2.0,0,0,0
C105088,2022-04-11,21,Standard,paid_search,32.23,0,13.0,1,0,0
C102377,2022-04-11,21,Premium,paid_search,96.11,1,17.0,0,2,1
C106694,2022-04-11,21,Standard,paid_search,43.79,0,7.0,0,0,0
C106781,2022-04-11,21,Standard,partner,26.62,1,2.0,0,0,0
C104836,2022-04-11,21,Standard,paid_search,40.24,0,12.0,0,0,0
C107623,2022-04-11,21,Standard,organic,29.76,0,4.0,0,0,0
C105427,2022-04-12,21,Basic,organic,16.0,1,,1,0,1
C106449,2022-04-12,21,Basic,organic,12.81,0,4.0,0,0,0
C107955,2022-04-12,21,Standard,partner,35.27,0,6.0,0,0,0
C107857,2022-04-12,21,Standard,referral,46.38,1,1.0,0,0,0
C100720,2022-04-12,21,Basic,organic,22.46,0,1.0,0,0,0
C102735,2022-04-12,21,Premium,organic,66.26,0,6.0,0,0,0
C106762,2022-04-12,21,Basic,referral,14.84,3,2.0,0,0,0
C102107,2022-04-12,21,Basic,organic,23.49,0,1.0,0,0,0
C104667,2022-04-12,21,Standard,paid_search,35.91,0,15.0,0,0,0
C101444,2022-04-12,21,Premium,paid_search,76.15,1,51.0,0,0,0
C103888,2022-04-12,21,Standard,partner,26.83,0,10.0,0,0,0
C106124,2022-04-12,21,Basic,paid_search,23.66,1,13.0,0,0,0
C105984,2022-04-13,21,Standard,paid_search,31.46,2,1.0,0,0,0
C100240,2022-04-13,21,Standard,paid_search,40.66,1,,0,0,0
C100117,2022-04-13,21,Premium,referral,88.32,0,10.0,0,0,0
C100305,2022-04-13,21,Basic,organic,15.32,0,2.0,0,0,0
C103992,2022-04-13,21,Basic,organic,14.91,3,4.0,1,0,0
C104025,2022-04-13,21,Standard,partner,46.29,0,7.0,0,0,0
C107143,2022-04-13,21,Basic,referral,13.11,2,3.0,0,0,0
C100099,2022-04-13,21,Premium,paid_search,90.94,0,19.0,0,0,0
C103834,2022-04-13,21,Standard,organic,30.91,0,4.0,0,0,0
C106539,2022-04-13,21,Premium,organic,88.49,0,2.0,1,0,0
C103513,2022-04-13,21,Standard,organic,42.5,0,7.0,0,0,0
C100461,2022-04-13,21,Basic,organic,15.65,0,8.0,0,0,0
C103248,2022-04-13,21,Standard,paid_search,39.39,0,4.0,1,0,0
C107740,2022-04-13,21,Standard,organic,36.62,0,4.0,1,0,0
C100768,2022-04-13,21,Basic,paid_search,12.94,1,28.0,0,4,1
C100619,2022-04-13,21,Standard,partner,31.68,0,1.0,0,0,0
C103203,2022-04-13,21,Premium,referral,64.54,0,25.0,0,0,0
C107152,2022-04-13,21,Basic,organic,21.45,0,14.0,0,0,0
C104015,2022-04-14,21,Basic,organic,17.29,1,6.0,1,0,0
C101186,2022-04-14,21,Basic,organic,19.95,1,4.0,0,0,0
C106646,2022-04-14,21,Standard,organic,39.36,0,8.0,0,0,0
C107781,2022-04-14,21,Standard,referral,39.46,2,18.0,0,0,0
C106051,2022-04-14,21,Basic,organic,19.27,0,6.0,0,0,0
C104367,2022-04-14,21,Standard,paid_search,31.83,0,2.0,0,0,0
C101089,2022-04-14,21,Basic,referral,18.25,0,7.0,0,0,0
C106556,2022-04-14,21,Basic,paid_search,18.07,0,6.0,0,0,0
C100328,2022-04-14,21,Premium,organic,84.93,1,0.0,0,0,0
C106377,2022-04-15,21,Basic,paid_search,21.33,2,9.0,1,4,1
C107213,2022-04-15,21,Basic,paid_search,16.69,2,,0,0,0
C106136,2022-04-15,21,Standard,organic,41.13,0,17.0,0,4,1
C107258,2022-04-15,21,Standard,partner,28.93,2,5.0,0,0,0
C106325,2022-04-15,21,Basic,paid_search,20.89,2,8.0,0,0,0
C101962,2022-04-15,21,Standard,referral,45.14,0,,0,0,0
C105074,2022-04-15,21,Standard,paid_search,40.48,1,,0,0,0
C107939,2022-04-15,21,Standard,organic,43.34,0,4.0,0,0,0
C100833,2022-04-15,21,Standard,organic,39.06,1,20.0,0,0,0
C104953,2022-04-15,21,Premium,referral,91.66,1,7.0,0,0,0
C101611,2022-04-15,21,Standard,paid_search,36.82,0,2.0,2,0,0
C106778,2022-04-15,21,Standard,organic,38.28,0,0.0,0,0,0
C102518,2022-04-15,21,Basic,organic,16.47,1,14.0,0,0,0
C107801,2022-04-15,21,Basic,paid_search,11.12,1,0.0,0,0,0
C107756,2022-04-15,21,Premium,organic,63.76,1,8.0,0,0,0
C105211,2022-04-16,21,Basic,referral,16.98,0,16.0,0,0,0
C101062,2022-04-16,21,Basic,paid_search,17.56,0,8.0,0,0,0
C100923,2022-04-16,21,Premium,organic,72.44,0,4.0,0,1,0
C100527,2022-04-16,21,Standard,organic,37.16,2,14.0,0,0,0
C104060,2022-04-16,21,Standard,paid_search,44.5,1,,0,0,0
C100407,2022-04-16,21,Basic,organic,24.77,0,12.0,0,0,0
C100255,2022-04-16,21,Basic,partner,17.98,0,9.0,0,0,0
C107714,2022-04-16,21,Premium,organic,68.66,0,4.0,0,0,0
C106376,2022-04-16,21,Standard,paid_search,38.64,2,3.0,0,0,0
C103670,2022-04-16,21,Premium,referral,59.33,0,,0,0,0
C107943,2022-04-16,21,Basic,organic,24.59,0,19.0,0,0,0
C105754,2022-04-16,21,Standard,paid_search,37.88,1,,0,0,0
C102301,2022-04-16,21,Standard,paid_search,40.16,1,15.0,0,0,0
C106429,2022-04-17,20,Standard,paid_search,39.25,0,7.0,1,0,0
C106374,2022-04-17,20,Standard,organic,44.96,2,3.0,0,0,0
C107636,2022-04-17,20,Standard,referral,37.22,0,1.0,1,0,0
C105920,2022-04-17,20,Basic,organic,19.61,1,11.0,0,0,0
C100521,2022-04-17,20,Basic,paid_search,23.21,0,2.0,0,0,0
C105033,2022-04-17,20,Premium,paid_search,99.27,2,4.0,0,0,0
C105781,2022-04-17,20,Standard,partner,40.66,2,6.0,0,0,0
C100751,2022-04-18,20,Standard,organic,39.23,0,28.0,0,0,0
C102329,2022-04-18,20,Basic,organic,18.69,1,2.0,0,0,0
C106296,2022-04-18,20,Standard,organic,23.18,0,8.0,1,0,0
C104097,2022-04-18,20,Standard,organic,40.31,2,11.0,0,0,0
C101934,2022-04-18,20,Basic,referral,16.58,0,9.0,0,0,0
C104630,2022-04-18,20,Standard,organic,41.82,2,3.0,0,0,0
C103057,2022-04-18,20,Basic,referral,15.31,2,1.0,0,0,0
C100974,2022-04-18,20,Standard,organic,38.69,1,1.0,0,0,0
C101606,2022-04-18,20,Basic,organic,24.15,0,,0,0,0
C107246,2022-04-18,20,Basic,organic,21.62,0,2.0,0,0,0
C107106,2022-04-18,20,Standard,paid_search,45.68,0,6.0,0,0,0
C106890,2022-04-19,20,Basic,organic,24.07,2,5.0,0,0,0
C107446,2022-04-19,20,Standard,organic,48.65,0,32.0,0,3,1
C105250,2022-04-19,20,Basic,paid_search,15.04,0,,0,0,0
C100937,2022-04-19,20,Standard,organic,43.4,1,1.0,0,0,0
C105823,2022-04-19,20,Basic,referral,26.06,0,,0,0,0
C105805,2022-04-19,20,Premium,partner,81.84,1,8.0,0,0,0
C105905,2022-04-19,20,Standard,organic,25.43,1,10.0,0,0,0
C102890,2022-04-19,20,Standard,partner,39.71,1,1.0,0,0,0
C101574,2022-04-19,20,Basic,paid_search,16.14,0,8.0,0,0,0
C103068,2022-04-19,20,Basic,organic,20.96,1,0.0,0,0,0
C102888,2022-04-19,20,Standard,referral,23.91,0,5.0,0,0,0
C100456,2022-04-19,20,Basic,organic,27.57,0,0.0,0,0,0
C101676,2022-04-20,20,Basic,paid_search,20.67,1,12.0,0,0,0
C101523,2022-04-20,20,Standard,organic,42.59,2,1.0,0,0,0
C101697,2022-04-20,20,Premium,organic,82.42,0,13.0,0,1,0
C102062,2022-04-20,20,Basic,referral,22.27,2,18.0,0,0,0
C104751,2022-04-20,20,Basic,paid_search,23.67,2,0.0,1,0,0
C104719,2022-04-20,20,Basic,organic,12.57,0,4.0,0,0,0
C103829,2022-04-20,20,Basic,organic,26.57,0,3.0,0,0,0
C102662,2022-04-20,20,Basic,referral,18.68,0,5.0,0,0,0
C106068,2022-04-20,20,Basic,partner,19.46,3,3.0,0,0,0
C103979,2022-04-20,20,Basic,partner,14.71,1,6.0,0,0,0
C104765,2022-04-20,20,Basic,partner,19.27,1,16.0,0,0,0
C101103,2022-04-20,20,Standard,referral,37.04,1,3.0,0,0,0
C106870,2022-04-21,20,Standard,paid_search,39.15,2,7.0,0,0,0
C100272,2022-04-21,20,Standard,organic,33.96,3,21.0,0,2,1
C104210,2022-04-21,20,Basic,referral,18.81,0,3.0,0,0,0
C101480,2022-04-21,20,Basic,organic,20.34,0,,0,0,0
C100356,2022-04-21,20,Premium,partner,59.0,0,4.0,0,0,0
C106232,2022-04-21,20,Basic,referral,17.6,0,11.0,1,0,0
C106115,2022-04-21,20,Basic,organic,22.02,1,2.0,0,0,0
C105051,2022-04-21,20,Standard,organic,27.54,1,2.0,2,0,0
C102638,2022-04-21,20,Standard,organic,20.21,2,6.0,0,0,0
C104347,2022-04-21,20,Basic,referral,16.02,0,1.0,0,0,0
C107520,2022-04-21,20,Basic,organic,21.54,1,1.0,0,0,0
C104112,2022-04-21,20,Premium,referral,44.71,1,9.0,0,4,1
C101969,2022-04-22,20,Standard,referral,31.66,1,2.0,0,0,0
C100181,2022-04-22,20,Basic,referral,17.6,1,0.0,0,0,0
C100389,2022-04-22,20,Standard,referral,32.19,1,1.0,0,0,0
C102012,2022-04-22,20,Basic,referral,16.21,0,0.0,0,0,0
C107411,2022-04-22,20,Basic,organic,25.55,2,4.0,1,0,0
C102007,2022-04-22,20,Premium,partner,75.4,1,3.0,1,0,0
C103700,2022-04-22,20,Basic,partner,20.05,0,15.0,1,0,0
C105826,2022-04-22,20,Premium,organic,71.15,0,6.0,0,0,0
C104017,2022-04-22,20,Standard,paid_search,35.59,0,8.0,1,0,0
C104848,2022-04-22,20,Standard,organic,33.12,1,14.0,0,0,0
C103567,2022-04-23,20,Standard,paid_search,27.3,1,1.0,0,0,0
C103685,2022-04-23,20,Premium,organic,74.56,3,19.0,0,0,0
C100535,2022-04-23,20,Basic,partner,18.42,3,11.0,0,0,0
C106397,2022-04-23,20,Basic,paid_search,18.44,1,11.0,2,0,0
C107077,2022-04-23,20,Standard,referral,34.4,0,2.0,1,0,0
C101228,2022-04-23,20,Basic,organic,19.15,1,3.0,1,0,0
C107055,2022-04-23,20,Standard,paid_search,40.49,1,,0,0,0
C103037,2022-04-23,20,Standard,organic,42.65,1,22.0,0,0,0
C100960,2022-04-23,20,Basic,organic,20.35,0,4.0,0,0,0
C106849,2022-04-23,20,Standard,organic,33.79,1,22.0,1,0,0
C100057,2022-04-23,20,Premium,partner,84.54,2,2.0,0,0,0
C102221,2022-04-23,20,Basic,organic,17.32,1,0.0,1,0,0
C103927,2022-04-23,20,Basic,paid_search,13.18,1,13.0,0,0,0
C107587,2022-04-23,20,Basic,organic,18.62,0,4.0,0,0,0
C102885,2022-04-23,20,Premium,paid_search,68.4,0,34.0,0,0,0
C101045,2022-04-23,20,Premium,referral,69.04,3,2.0,0,0,0
C105546,2022-04-23,20,Standard,organic,29.42,1,6.0,0,0,0
C105901,2022-04-23,20,Basic,paid_search,20.29,1,11.0,0,0,0
C105365,2022-04-23,20,Basic,organic,19.83,0,3.0,0,0,0
C101536,2022-04-23,20,Basic,referral,18.41,0,1.0,0,0,0
C102307,2022-04-23,20,Premium,partner,88.4,1,2.0,0,0,0
C100883,2022-04-24,20,Basic,referral,13.18,0,1.0,0,0,0
C107754,2022-04-24,20,Standard,paid_search,42.2,1,0.0,0,0,0
C100532,2022-04-24,20,Standard,organic,48.26,0,5.0,0,0,0
C104662,2022-04-24,20,Premium,organic,90.21,1,0.0,0,0,0
C103807,2022-04-24,20,Basic,organic,18.73,1,3.0,0,0,0
C105831,2022-04-24,20,Basic,organic,22.79,0,30.0,1,0,0
C105880,2022-04-24,20,Basic,paid_search,16.87,1,0.0,1,0,0
C102248,2022-04-24,20,Standard,organic,19.71,1,2.0,0,0,0
C102791,2022-04-24,20,Basic,referral,15.32,0,,0,0,0
C107158,2022-04-24,20,Basic,organic,19.53,1,14.0,0,0,0
C103602,2022-04-24,20,Standard,paid_search,38.85,1,12.0,0,5,1
C101405,2022-04-24,20,Standard,paid_search,33.99,0,4.0,0,0,0
C104556,2022-04-24,20,Standard,organic,26.65,3,46.0,0,0,0
C104417,2022-04-25,20,Premium,paid_search,75.19,0,,1,0,0
C100846,2022-04-25,20,Basic,paid_search,15.29,0,,0,0,0
C101654,2022-04-25,20,Basic,organic,23.85,0,10.0,0,0,0
C102867,2022-04-25,20,Basic,organic,23.22,0,16.0,0,0,0
C107611,2022-04-25,20,Standard,referral,44.56,1,6.0,0,0,0
C103706,2022-04-25,20,Basic,paid_search,25.61,0,4.0,0,0,0
C105913,2022-04-25,20,Basic,partner,21.95,0,11.0,0,0,0
C101946,2022-04-25,20,Basic,referral,18.35,2,8.0,0,0,0
C103252,2022-04-25,20,Premium,referral,77.54,0,2.0,0,0,0
C103402,2022-04-25,20,Basic,organic,22.32,2,,0,0,0
C107820,2022-04-26,20,Standard,partner,33.9,2,13.0,1,0,0
C106685,2022-04-26,20,Standard,organic,42.04,1,11.0,1,0,0
C107506,2022-04-26,20,Standard,paid_search,19.1,1,0.0,0,0,0
C100749,2022-04-26,20,Basic,organic,21.12,0,26.0,0,0,0
C106522,2022-04-26,20,Basic,partner,14.77,3,15.0,0,0,0
C102426,2022-04-26,20,Basic,organic,18.81,1,2.0,0,0,0
C105936,2022-04-26,20,Basic,organic,20.63,3,,1,0,0
C105150,2022-04-26,20,Basic,referral,13.24,0,10.0,0,0,0
C107935,2022-04-26,20,Standard,partner,30.27,1,2.0,0,0,0
C106198,2022-04-26,20,Standard,referral,46.59,0,3.0,1,0,0
C100936,2022-04-26,20,Basic,organic,17.45,1,3.0,0,0,0
C107313,2022-04-26,20,Basic,paid_search,15.64,1,17.0,0,0,0
C105456,2022-04-27,20,Basic,referral,19.15,1,11.0,0,0,0
C106233,2022-04-27,20,Basic,referral,16.48,2,11.0,0,0,0
C106568,2022-04-27,20,Basic,referral,16.74,1,11.0,1,0,0
C101694,2022-04-27,20,Standard,organic,46.02,0,10.0,1,0,0
C103350,2022-04-27,20,Basic,organic,20.64,2,,0,0,0
C107235,2022-04-27,20,Standard,organic,33.37,4,12.0,1,0,0
C106908,2022-04-27,20,Standard,organic,36.29,0,1.0,0,0,0
C103326,2022-04-28,20,Premium,organic,78.16,0,18.0,0,0,0
C101907,2022-04-28,20,Standard,paid_search,41.37,0,1.0,0,0,0
C102659,2022-04-28,20,Basic,organic,15.34,0,0.0,0,0,0
C103364,2022-04-28,20,Basic,paid_search,16.18,0,5.0,0,0,0
C105977,2022-04-28,20,Premium,partner,98.6,3,3.0,1,0,0
C101853,2022-04-28,20,Basic,organic,20.33,1,9.0,0,0,0
C100177,2022-04-28,20,Premium,partner,88.93,0,18.0,0,0,0
C105845,2022-04-28,20,Standard,organic,40.41,2,2.0,0,0,0
C107096,2022-04-28,20,Basic,paid_search,20.06,0,5.0,0,0,0
C104883,2022-04-28,20,Basic,organic,16.24,1,31.0,0,0,0
C104956,2022-04-28,20,Standard,organic,42.46,1,0.0,0,0,0
C100082,2022-04-28,20,Standard,organic,44.28,0,8.0,0,0,0
C100286,2022-04-28,20,Premium,paid_search,64.47,3,6.0,0,0,0
C103162,2022-04-28,20,Standard,referral,41.07,2,5.0,0,0,0
C101777,2022-04-29,20,Standard,referral,32.52,1,0.0,0,0,0
C105761,2022-04-29,20,Basic,paid_search,18.5,0,0.0,0,0,0
C101555,2022-04-29,20,Premium,organic,61.67,1,7.0,0,0,0
C104219,2022-04-29,20,Standard,paid_search,41.4,1,1.0,0,0,0
C102432,2022-04-29,20,Basic,referral,20.64,1,2.0,0,0,0
C102932,2022-04-29,20,Standard,referral,38.61,0,,0,0,0
C103321,2022-04-29,20,Basic,paid_search,18.56,1,3.0,1,0,0
C103884,2022-04-29,20,Basic,paid_search,15.87,1,8.0,1,0,0
C106241,2022-04-29,20,Basic,organic,22.86,0,2.0,0,0,0
C102368,2022-04-29,20,Standard,partner,36.19,1,1.0,1,0,0
C105541,2022-04-29,20,Premium,organic,70.7,1,16.0,0,0,0
C102094,2022-04-29,20,Premium,organic,79.55,1,8.0,0,0,0
C101486,2022-04-29,20,Premium,organic,52.36,1,15.0,0,0,0
C105041,2022-04-30,20,Basic,referral,15.36,1,8.0,0,0,0
C106747,2022-04-30,20,Premium,organic,86.88,2,0.0,1,0,0
C106469,2022-04-30,20,Basic,paid_search,25.36,1,,0,0,0
C102719,2022-04-30,20,Basic,organic,19.21,2,11.0,0,0,0
C107744,2022-04-30,20,Basic,organic,18.22,2,1.0,0,0,0
C104142,2022-04-30,20,Basic,organic,14.71,1,,0,0,0
C101935,2022-04-30,20,Standard,paid_search,43.52,1,12.0,0,0,0
C101075,2022-04-30,20,Basic,referral,22.62,0,24.0,0,4,1
C107067,2022-04-30,20,Basic,referral,17.16,0,8.0,0,0,0
C100531,2022-05-01,20,Basic,paid_search,15.56,2,2.0,0,0,0
C103270,2022-05-01,20,Premium,organic,92.43,1,5.0,0,0,0
C105619,2022-05-01,20,Standard,organic,42.03,0,23.0,0,0,0
C107519,2022-05-01,20,Standard,paid_search,36.18,0,6.0,0,0,0
C107440,2022-05-01,20,Basic,organic,18.04,0,15.0,0,0,0
C107736,2022-05-01,20,Standard,paid_search,37.28,0,17.0,0,0,0
C101940,2022-05-01,20,Standard,referral,29.29,3,4.0,0,0,0
C101849,2022-05-01,20,Standard,organic,46.91,0,4.0,1,0,0
C106126,2022-05-01,20,Basic,organic,17.19,1,10.0,0,0,0
C101595,2022-05-01,20,Standard,paid_search,31.58,0,4.0,1,0,0
C100040,2022-05-01,20,Basic,organic,14.48,1,12.0,1,0,0
C106302,2022-05-01,20,Standard,organic,38.66,0,1.0,0,0,0
C101636,2022-05-01,20,Basic,organic,22.64,1,,0,0,0
C104582,2022-05-01,20,Standard,organic,34.51,0,0.0,0,0,0
C100349,2022-05-01,20,Premium,organic,86.14,1,0.0,1,0,0
C100622,2022-05-01,20,Standard,referral,35.55,1,0.0,0,0,0
C100167,2022-05-02,20,Basic,partner,19.89,1,1.0,0,0,0
C100186,2022-05-02,20,Basic,organic,12.24,2,1.0,0,0,0
C100466,2022-05-02,20,Basic,organic,24.26,1,3.0,0,0,0
C102595,2022-05-02,20,Basic,paid_search,15.36,2,19.0,0,3,1
C105175,2022-05-02,20,Premium,organic,84.39,1,,0,0,0
C104378,2022-05-02,20,Basic,organic,20.37,2,,0,0,0
C104366,2022-05-02,20,Basic,paid_search,17.04,0,3.0,0,0,0
C105380,2022-05-02,20,Standard,partner,22.95,0,2.0,0,0,0
C101077,2022-05-02,20,Basic,referral,17.22,0,7.0,0,0,0
C105391,2022-05-02,20,Premium,organic,94.36,0,6.0,0,0,0
C103689,2022-05-03,20,Basic,partner,15.68,4,4.0,0,0,0
C100702,2022-05-03,20,Basic,paid_search,13.32,5,3.0,0,0,0
C102296,2022-05-03,20,Standard,organic,45.14,1,1.0,0,0,0
C107469,2022-05-03,20,Standard,organic,44.96,2,13.0,0,0,0
C105449,2022-05-03,20,Basic,organic,19.57,0,2.0,0,0,0
C102327,2022-05-03,20,Standard,organic,29.54,1,7.0,0,0,0
C102199,2022-05-03,20,Premium,paid_search,73.98,0,8.0,0,0,0
C106460,2022-05-03,20,Premium,organic,91.42,2,5.0,1,0,0
C103558,2022-05-03,20,Premium,organic,80.21,1,,1,0,0
C106182,2022-05-04,20,Basic,paid_search,19.92,1,2.0,2,0,0
C103516,2022-05-04,20,Premium,paid_search,84.75,0,,1,0,0
C100684,2022-05-04,20,Premium,organic,50.44,2,11.0,0,0,0
C103523,2022-05-04,20,Basic,organic,22.17,0,,0,0,0
C103179,2022-05-04,20,Basic,organic,23.44,1,1.0,0,0,0
C105850,2022-05-04,20,Basic,paid_search,16.18,0,1.0,0,0,0
C103048,2022-05-04,20,Standard,paid_search,42.45,0,,0,0,0
C102939,2022-05-04,20,Basic,organic,13.1,2,,0,0,0
C104282,2022-05-04,20,Basic,organic,17.77,2,46.0,0,0,0
C105887,2022-05-04,20,Standard,referral,40.59,2,2.0,0,0,0
C103561,2022-05-04,20,Basic,partner,22.06,1,4.0,0,0,0
C104371,2022-05-05,20,Standard,paid_search,40.11,0,0.0,0,0,0
C101432,2022-05-05,20,Standard,organic,21.35,1,1.0,1,0,0
C104681,2022-05-05,20,Standard,paid_search,35.7,1,14.0,1,0,0
C107363,2022-05-05,20,Basic,organic,21.38,0,,0,0,0
C105376,2022-05-05,20,Premium,partner,96.91,0,4.0,0,0,0
C100261,2022-05-05,20,Premium,paid_search,62.88,2,7.0,0,0,0
C101192,2022-05-05,20,Basic,organic,21.47,1,4.0,0,0,0
C106199,2022-05-05,20,Standard,organic,39.48,1,0.0,0,0,0
C105417,2022-05-05,20,Standard,referral,43.42,1,2.0,0,0,0
C102533,2022-05-05,20,Basic,organic,14.77,0,17.0,0,0,0
C105298,2022-05-05,20,Standard,organic,37.24,0,3.0,0,0,0
C102449,2022-05-06,20,Standard,referral,38.31,0,3.0,0,0,0
C100703,2022-05-06,20,Basic,paid_search,16.08,0,,0,5,1
C102102,2022-05-06,20,Premium,partner,79.52,1,3.0,0,0,0
C102804,2022-05-06,20,Premium,paid_search,80.77,0,4.0,0,0,0
C102050,2022-05-06,20,Basic,organic,20.72,0,1.0,0,0,0
C107035,2022-05-06,20,Premium,paid_search,73.33,4,9.0,0,0,0
C101615,2022-05-07,20,Basic,organic,20.29,0,6.0,0,0,0
C106956,2022-05-07,20,Premium,paid_search,91.71,1,29.0,1,0,0
C106544,2022-05-07,20,Basic,referral,22.17,2,7.0,0,0,0
C103288,2022-05-07,20,Standard,referral,43.46,0,3.0,0,0,0
C105095,2022-05-07,20,Standard,referral,41.05,3,35.0,0,0,0
C106367,2022-05-07,20,Basic,paid_search,15.48,0,0.0,1,0,0
C106344,2022-05-07,20,Basic,referral,21.97,2,26.0,0,0,0
C101031,2022-05-07,20,Premium,organic,62.98,1,,0,0,0
C103256,2022-05-07,20,Basic,referral,17.75,0,21.0,0,0,0
C100907,2022-05-07,20,Basic,referral,20.01,3,2.0,0,0,0
C106283,2022-05-07,20,Premium,organic,80.92,2,1.0,0,0,0
C102930,2022-05-08,20,Basic,organic,18.6,0,3.0,0,0,0
C103051,2022-05-08,20,Basic,referral,20.34,1,22.0,0,0,0
C103096,2022-05-08,20,Standard,referral,28.29,0,8.0,0,0,0
C107844,2022-05-08,20,Standard,partner,44.56,2,9.0,0,0,0
C100258,2022-05-08,20,Premium,organic,110.38,1,36.0,0,0,0
C103760,2022-05-08,20,Basic,organic,16.86,0,2.0,0,0,0
C106718,2022-05-08,20,Basic,organic,16.21,1,3.0,0,0,0
C104633,2022-05-08,20,Standard,organic,39.33,0,1.0,0,0,0
C105960,2022-05-08,20,Standard,paid_search,34.68,0,,0,0,0
C103949,2022-05-08,20,Premium,referral,80.7,0,1.0,1,0,0
C100410,2022-05-08,20,Basic,paid_search,23.61,1,1.0,0,0,0
C106048,2022-05-08,20,Premium,paid_search,87.74,4,8.0,0,0,1
C106422,2022-05-08,20,Basic,paid_search,19.27,0,,0,0,0
C105485,2022-05-08,20,Basic,organic,23.09,1,8.0,0,0,0
C105072,2022-05-08,20,Standard,organic,40.26,1,12.0,0,0,0
C100543,2022-05-08,20,Standard,paid_search,46.92,1,7.0,0,0,0
C106092,2022-05-09,20,Basic,organic,15.99,1,1.0,1,0,0
C102477,2022-05-09,20,Basic,referral,18.88,2,1.0,0,0,0
C103087,2022-05-09,20,Basic,referral,21.88,0,2.0,0,0,0
C102146,2022-05-09,20,Standard,organic,34.26,1,9.0,0,0,0
C100760,2022-05-09,20,Standard,referral,32.63,0,25.0,0,0,0
C102367,2022-05-09,20,Basic,partner,16.28,2,,0,0,0
C102369,2022-05-09,20,Standard,partner,36.88,2,0.0,0,0,0
C102247,2022-05-09,20,Premium,paid_search,82.13,1,32.0,3,2,1
C103887,2022-05-09,20,Basic,organic,16.81,1,11.0,1,3,1
C103195,2022-05-09,20,Premium,referral,68.02,0,0.0,1,0,0
C107287,2022-05-09,20,Premium,paid_search,75.99,1,7.0,0,0,0
C105492,2022-05-10,20,Premium,referral,65.98,0,0.0,0,0,0
C106184,2022-05-10,20,Basic,paid_search,19.23,0,38.0,0,0,0
C101404,2022-05-10,20,Standard,organic,25.87,1,5.0,0,0,0
C104772,2022-05-10,20,Standard,partner,38.73,0,0.0,0,0,0
C102031,2022-05-10,20,Standard,paid_search,48.58,1,1.0,0,0,0
C101173,2022-05-10,20,Basic,paid_search,19.66,0,7.0,1,0,0
C103786,2022-05-10,20,Standard,partner,37.51,0,2.0,0,0,0
C103791,2022-05-10,20,Standard,partner,32.29,0,15.0,0,0,0
C107830,2022-05-10,20,Basic,paid_search,19.87,0,27.0,0,2,1
C105302,2022-05-10,20,Basic,paid_search,19.29,3,6.0,0,0,0
C102274,2022-05-10,20,Basic,paid_search,17.56,1,37.0,0,0,0
C107889,2022-05-10,20,Basic,organic,17.62,1,3.0,0,0,0
C100229,2022-05-10,20,Basic,paid_search,23.43,2,33.0,0,0,0
C104225,2022-05-10,20,Basic,paid_search,27.33,1,9.0,0,0,0
C101882,2022-05-10,20,Standard,paid_search,41.84,1,20.0,0,0,0
C100660,2022-05-10,20,Standard,partner,40.49,2,37.0,1,0,0
C105390,2022-05-11,20,Standard,paid_search,33.77,1,9.0,0,0,0
C106722,2022-05-11,20,Basic,referral,23.8,1,17.0,0,0,0
C101701,2022-05-11,20,Basic,organic,18.98,1,1.0,0,0,0
C103823,2022-05-11,20,Basic,paid_search,19.25,0,7.0,0,0,0
C103878,2022-05-11,20,Premium,paid_search,52.96,1,1.0,0,0,0
C107607,2022-05-11,20,Basic,partner,13.17,2,16.0,0,0,0
C100391,2022-05-11,20,Standard,paid_search,25.61,2,27.0,0,0,0
C102482,2022-05-12,20,Premium,referral,74.4,1,,0,0,0
C104627,2022-05-12,20,Premium,paid_search,75.0,0,,0,0,0
C102380,2022-05-12,20,Standard,paid_search,42.18,2,12.0,0,4,1
C107140,2022-05-12,20,Basic,referral,22.4,1,11.0,0,0,0
C104390,2022-05-12,20,Standard,referral,43.82,0,,0,0,0
C101885,2022-05-12,20,Basic,paid_search,16.05,1,3.0,2,0,0
C106552,2022-05-12,20,Premium,organic,75.07,1,7.0,0,0,0
C106862,2022-05-12,20,Basic,partner,17.81,3,12.0,0,0,0
C107999,2022-05-12,20,Standard,organic,37.45,1,6.0,1,0,0
C100250,2022-05-12,20,Basic,organic,22.22,0,11.0,0,0,0
C100348,2022-05-12,20,Standard,partner,31.92,0,6.0,0,0,0
C102612,2022-05-13,20,Standard,organic,40.59,1,5.0,0,0,0
C105473,2022-05-13,20,Basic,paid_search,19.07,1,2.0,0,0,0
C106135,2022-05-13,20,Basic,organic,12.65,1,15.0,2,0,0
C104167,2022-05-13,20,Premium,referral,71.17,1,7.0,0,0,0
C100563,2022-05-13,20,Standard,partner,39.05,3,1.0,1,0,0
C103086,2022-05-13,20,Standard,organic,40.37,0,2.0,0,0,0
C100468,2022-05-13,20,Premium,organic,86.54,2,2.0,0,0,0
C103667,2022-05-13,20,Basic,partner,20.4,0,0.0,0,0,0
C101105,2022-05-13,20,Standard,referral,45.4,1,4.0,0,0,0
C102925,2022-05-14,20,Basic,paid_search,18.08,0,0.0,0,0,0
C100911,2022-05-14,20,Standard,organic,35.67,0,5.0,0,0,0
C105939,2022-05-14,20,Standard,referral,34.26,0,1.0,0,0,0
C100634,2022-05-14,20,Standard,organic,18.27,0,4.0,2,0,0
C103934,2022-05-14,20,Standard,organic,38.19,0,7.0,0,0,0
C100022,2022-05-14,20,Basic,organic,17.65,0,11.0,0,0,0
C105328,2022-05-14,20,Basic,organic,19.58,1,1.0,0,0,0
C101638,2022-05-14,20,Basic,referral,24.52,0,12.0,0,0,0
C103098,2022-05-14,20,Basic,referral,19.0,2,25.0,0,0,0
C104928,2022-05-14,20,Basic,organic,20.0,0,2.0,1,0,0
C101928,2022-05-14,20,Premium,referral,84.63,2,3.0,0,0,0
C105270,2022-05-15,20,Basic,organic,18.81,1,10.0,1,3,1
C107127,2022-05-15,20,Basic,organic,22.27,1,,0,0,0
C106299,2022-05-15,20,Premium,organic,91.8,2,28.0,0,0,0
C105617,2022-05-15,20,Basic,organic,18.43,0,5.0,0,0,0
C106077,2022-05-15,20,Basic,paid_search,13.12,1,5.0,0,0,0
C107369,2022-05-15,20,Standard,paid_search,42.2,2,3.0,0,1,0
C107422,2022-05-15,20,Standard,partner,45.98,0,0.0,0,0,0
C102384,2022-05-15,20,Basic,organic,15.54,0,,0,0,0
C101797,2022-05-16,20,Premium,organic,100.94,1,18.0,0,1,0
C103289,2022-05-16,20,Basic,paid_search,16.82,0,4.0,0,0,0
C102740,2022-05-16,20,Standard,paid_search,48.81,0,7.0,0,0,0
C101431,2022-05-16,20,Basic,paid_search,20.7,0,9.0,0,0,0
C101890,2022-05-16,20,Premium,partner,83.39,0,14.0,0,0,0
C104407,2022-05-16,20,Standard,organic,25.7,0,0.0,0,0,0
C101662,2022-05-16,20,Standard,partner,38.39,1,2.0,0,0,0
C104330,2022-05-16,20,Basic,organic,16.83,3,2.0,0,0,0
C107883,2022-05-16,20,Premium,paid_search,92.42,1,11.0,0,0,0
C106309,2022-05-16,20,Basic,organic,16.94,1,6.0,1,0,0
C102928,2022-05-16,20,Basic,paid_search,19.65,0,,0,0,0
C105495,2022-05-17,20,Basic,organic,16.26,2,18.0,0,0,0
C101325,2022-05-17,20,Basic,paid_search,15.37,0,2.0,0,0,0
C106670,2022-05-17,20,Basic,partner,16.74,0,12.0,1,2,1
C101344,2022-05-17,20,Basic,organic,23.39,1,7.0,0,0,0
C104018,2022-05-17,20,Basic,referral,17.27,0,16.0,0,0,0
C106217,2022-05-17,20,Basic,organic,14.49,0,4.0,0,0,0
C103358,2022-05-17,20,Basic,paid_search,16.02,1,4.0,0,0,0
C104155,2022-05-17,20,Premium,referral,91.46,0,14.0,0,0,0
C103528,2022-05-17,20,Basic,paid_search,18.43,1,6.0,0,0,0
C101959,2022-05-17,20,Basic,organic,11.43,0,1.0,0,0,0
C104982,2022-05-17,20,Standard,organic,29.9,1,31.0,0,0,0
C102673,2022-05-17,20,Basic,paid_search,13.66,2,7.0,0,0,0
C105904,2022-05-18,19,Standard,referral,42.53,0,,0,0,0
C102737,2022-05-18,19,Standard,paid_search,37.02,0,14.0,0,0,0
C107936,2022-05-18,19,Premium,paid_search,66.98,0,3.0,0,0,0
C104563,2022-05-18,19,Basic,paid_search,13.94,0,0.0,0,0,0
C106533,2022-05-18,19,Standard,referral,36.61,0,8.0,0,0,0
C106448,2022-05-18,19,Basic,paid_search,18.13,1,19.0,1,0,0
C103775,2022-05-18,19,Basic,referral,25.3,1,,0,0,0
C107483,2022-05-18,19,Standard,referral,33.38,0,0.0,0,0,0
C106883,2022-05-18,19,Premium,paid_search,83.67,0,6.0,0,0,0
C103255,2022-05-18,19,Basic,organic,14.28,0,4.0,1,0,0
C100252,2022-05-18,19,Basic,referral,21.86,0,1.0,0,0,0
C106335,2022-05-18,19,Premium,paid_search,82.59,0,8.0,0,0,0
C102943,2022-05-18,19,Standard,organic,29.28,0,6.0,0,0,0
C101533,2022-05-18,19,Basic,partner,18.73,1,11.0,0,0,0
C104490,2022-05-18,19,Basic,paid_search,17.1,1,12.0,0,0,0
C103393,2022-05-18,19,Standard,paid_search,48.42,2,6.0,0,0,0
C106680,2022-05-18,19,Standard,partner,46.37,3,10.0,1,0,0
C107259,2022-05-19,19,Basic,organic,16.49,1,14.0,1,0,0
C103044,2022-05-19,19,Premium,paid_search,59.86,0,1.0,0,0,0
C102809,2022-05-19,19,Standard,organic,35.27,0,25.0,0,0,0
C105680,2022-05-19,19,Standard,partner,43.46,1,29.0,0,0,0
C102070,2022-05-19,19,Premium,referral,64.13,1,2.0,0,0,0
C101650,2022-05-19,19,Premium,referral,64.01,0,20.0,1,0,0
C104447,2022-05-19,19,Standard,organic,38.99,5,1.0,0,0,0
C104795,2022-05-19,19,Standard,paid_search,42.27,1,14.0,0,0,0
C104904,2022-05-19,19,Premium,organic,81.97,2,16.0,0,0,0
C100071,2022-05-19,19,Standard,organic,25.49,2,2.0,0,0,0
C104008,2022-05-19,19,Premium,paid_search,81.84,0,2.0,0,0,0
C104102,2022-05-19,19,Standard,organic,37.24,2,2.0,0,0,0
C106249,2022-05-20,19,Premium,organic,97.38,1,3.0,0,0,0
C106569,2022-05-20,19,Premium,paid_search,94.73,0,16.0,0,0,0
C104870,2022-05-20,19,Standard,partner,44.08,0,24.0,0,0,0
C101177,2022-05-20,19,Basic,organic,17.62,1,,0,0,0
C103912,2022-05-20,19,Basic,organic,20.15,3,3.0,1,0,0
C104874,2022-05-20,19,Basic,paid_search,22.1,0,2.0,1,0,0
C107885,2022-05-20,19,Basic,organic,27.76,2,,0,0,0
C101522,2022-05-20,19,Basic,paid_search,20.09,0,13.0,0,0,0
C104247,2022-05-21,19,Basic,organic,20.57,1,6.0,1,0,0
C107799,2022-05-21,19,Basic,organic,21.3,1,18.0,0,0,0
C100887,2022-05-21,19,Standard,organic,25.83,2,7.0,0,0,0
C106251,2022-05-21,19,Premium,organic,91.27,2,21.0,0,3,1
C106686,2022-05-21,19,Standard,organic,38.8,1,0.0,1,0,0
C106632,2022-05-21,19,Premium,referral,93.89,0,24.0,1,0,0
C103294,2022-05-21,19,Standard,partner,51.97,1,17.0,0,0,0
C103193,2022-05-21,19,Standard,organic,31.27,1,6.0,0,0,0
C102391,2022-05-21,19,Standard,paid_search,42.34,0,1.0,0,0,0
C101112,2022-05-21,19,Standard,organic,42.73,0,1.0,0,0,0
C104984,2022-05-21,19,Standard,paid_search,47.48,2,,0,0,0
C104955,2022-05-21,19,Basic,organic,18.32,0,4.0,1,0,0
C102992,2022-05-21,19,Premium,organic,68.93,2,17.0,1,0,0
C102219,2022-05-21,19,Basic,organic,18.58,1,10.0,0,0,0
C100522,2022-05-21,19,Standard,partner,38.63,1,3.0,0,1,0
C105968,2022-05-21,19,Basic,organic,16.26,2,71.0,1,8,1
C102860,2022-05-22,19,Basic,organic,20.0,0,3.0,0,0,0
C102553,2022-05-22,19,Basic,referral,11.95,1,5.0,1,0,0
C105952,2022-05-22,19,Standard,organic,25.04,2,28.0,1,3,1
C104580,2022-05-22,19,Standard,referral,29.86,2,11.0,1,0,0
C101114,2022-05-22,19,Basic,organic,13.47,1,2.0,0,0,0
C105780,2022-05-22,19,Basic,organic,14.03,0,1.0,0,0,0
C100542,2022-05-23,19,Premium,organic,85.11,1,,1,0,0
C106455,2022-05-23,19,Standard,partner,34.31,0,1.0,0,0,0
C103692,2022-05-23,19,Basic,paid_search,17.64,0,1.0,0,0,0
C103257,2022-05-23,19,Premium,organic,79.12,0,19.0,0,0,0
C100051,2022-05-23,19,Standard,organic,34.51,2,6.0,1,0,1
C103181,2022-05-23,19,Basic,referral,15.4,0,14.0,0,0,0
C106381,2022-05-23,19,Standard,organic,50.19,1,6.0,0,0,0
C106518,2022-05-23,19,Standard,paid_search,30.49,0,16.0,0,0,0
C106203,2022-05-23,19,Standard,organic,31.7,0,40.0,0,2,1
C105762,2022-05-23,19,Standard,partner,34.32,0,6.0,0,0,0
C105167,2022-05-23,19,Basic,organic,18.29,0,14.0,1,0,0
C102889,2022-05-23,19,Standard,paid_search,49.47,0,7.0,0,0,0
C102465,2022-05-23,19,Premium,paid_search,86.37,0,14.0,0,0,0
C107572,2022-05-23,19,Basic,referral,18.6,0,9.0,0,0,0
C102850,2022-05-23,19,Premium,paid_search,76.58,2,22.0,0,0,0
C107947,2022-05-24,19,Basic,organic,25.41,0,13.0,1,0,0
C103152,2022-05-24,19,Premium,referral,83.78,0,2.0,0,0,0
C104790,2022-05-24,19,Premium,paid_search,75.27,2,2.0,0,0,0
C100397,2022-05-24,19,Standard,organic,36.6,0,,0,0,0
C104826,2022-05-24,19,Standard,referral,30.79,0,6.0,0,0,0
C104491,2022-05-24,19,Premium,organic,76.5,1,12.0,0,0,0
C101769,2022-05-24,19,Standard,organic,44.88,0,10.0,0,0,0
C100992,2022-05-24,19,Standard,organic,21.1,0,5.0,0,1,0
C103836,2022-05-24,19,Basic,organic,25.56,1,,0,0,0
C105910,2022-05-24,19,Basic,referral,14.63,2,13.0,0,0,0
C103908,2022-05-24,19,Standard,organic,35.88,0,0.0,0,0,0
C105000,2022-05-25,19,Premium,paid_search,100.76,2,19.0,0,0,0
C105233,2022-05-25,19,Premium,referral,85.11,0,6.0,0,0,0
C105279,2022-05-25,19,Premium,organic,86.2,0,,0,0,0
C103039,2022-05-25,19,Premium,referral,76.58,0,10.0,0,0,0
C104655,2022-05-25,19,Basic,referral,17.65,0,19.0,0,0,0
C102093,2022-05-25,19,Standard,paid_search,28.49,3,6.0,0,0,0
C102812,2022-05-25,19,Basic,referral,22.39,1,13.0,0,0,0
C104843,2022-05-25,19,Standard,paid_search,43.75,0,19.0,0,0,0
C101786,2022-05-25,19,Premium,paid_search,77.34,1,13.0,1,0,0
C106114,2022-05-25,19,Basic,organic,16.18,0,0.0,0,0,0
C103023,2022-05-25,19,Standard,paid_search,35.87,1,11.0,1,0,0
C105464,2022-05-25,19,Premium,paid_search,86.22,1,5.0,0,0,0
C100837,2022-05-25,19,Basic,organic,13.6,1,2.0,0,0,0
C102744,2022-05-26,19,Basic,partner,14.91,1,4.0,0,0,0
C102510,2022-05-26,19,Standard,partner,35.54,0,5.0,0,0,0
C104577,2022-05-26,19,Basic,organic,18.94,1,,1,0,0
C105716,2022-05-26,19,Basic,paid_search,15.34,0,8.0,0,0,0
C106914,2022-05-26,19,Premium,referral,67.34,1,10.0,0,0,0
C107217,2022-05-26,19,Basic,paid_search,20.61,0,7.0,1,0,0
C102814,2022-05-26,19,Standard,organic,37.27,1,11.0,2,0,0
C103964,2022-05-26,19,Basic,organic,19.02,2,11.0,0,0,0
C100101,2022-05-26,19,Standard,paid_search,43.31,3,7.0,0,0,0
C101703,2022-05-26,19,Standard,paid_search,29.07,0,,0,0,0
C100425,2022-05-26,19,Basic,organic,20.07,0,11.0,0,0,0
C106970,2022-05-26,19,Standard,paid_search,40.42,0,8.0,0,0,0
C104158,2022-05-26,19,Basic,partner,15.5,0,,0,0,0
C105942,2022-05-26,19,Standard,organic,52.27,0,8.0,0,0,0
C104163,2022-05-27,19,Basic,organic,23.95,1,15.0,0,0,0
C103893,2022-05-27,19,Basic,paid_search,19.24,0,1.0,0,0,0
C105622,2022-05-27,19,Premium,referral,73.36,0,10.0,0,0,0
C105176,2022-05-27,19,Standard,paid_search,40.39,0,8.0,1,0,0
C101084,2022-05-27,19,Premium,paid_search,57.53,0,11.0,2,0,0
C103287,2022-05-27,19,Basic,organic,19.01,0,3.0,0,0,0
C106708,2022-05-27,19,Standard,partner,45.89,0,2.0,0,0,0
C107499,2022-05-27,19,Basic,referral,12.14,1,4.0,0,0,0
C106650,2022-05-27,19,Standard,paid_search,43.81,0,3.0,0,0,0
C107951,2022-05-28,19,Basic,paid_search,12.85,1,0.0,0,0,0
C106769,2022-05-28,19,Standard,referral,51.1,1,0.0,0,0,0
C101795,2022-05-28,19,Standard,paid_search,47.83,1,4.0,0,0,0
C100223,2022-05-28,19,Basic,referral,24.69,2,9.0,0,0,0
C104885,2022-05-28,19,Basic,organic,18.65,0,10.0,0,0,0
C107912,2022-05-28,19,Premium,organic,65.28,0,15.0,0,0,0
C104261,2022-05-28,19,Basic,partner,22.13,0,,0,0,0
C102899,2022-05-28,19,Premium,paid_search,86.24,2,4.0,0,0,0
C102348,2022-05-28,19,Standard,partner,35.9,2,3.0,0,0,0
C103503,2022-05-28,19,Basic,partner,18.85,0,7.0,0,0,0
C100663,2022-05-28,19,Basic,referral,14.78,2,5.0,0,0,0
C105666,2022-05-28,19,Premium,organic,74.44,1,16.0,0,0,0
C102115,2022-05-28,19,Standard,organic,53.63,0,17.0,0,0,0
C100652,2022-05-28,19,Basic,organic,19.17,2,2.0,0,0,0
C100871,2022-05-28,19,Basic,organic,22.01,0,1.0,1,1,0
C101363,2022-05-28,19,Premium,partner,78.97,0,39.0,0,0,0
C100008,2022-05-28,19,Basic,referral,22.35,0,7.0,2,0,0
C100338,2022-05-28,19,Standard,referral,33.21,1,31.0,0,0,0
C107743,2022-05-29,19,Basic,organic,21.25,3,0.0,0,0,0
C107307,2022-05-29,19,Premium,organic,75.42,1,5.0,0,0,0
C103735,2022-05-29,19,Basic,referral,13.39,2,3.0,0,0,0
C104810,2022-05-29,19,Standard,partner,43.73,0,3.0,0,0,0
C103831,2022-05-29,19,Standard,organic,31.94,0,,0,0,0
C102772,2022-05-29,19,Standard,paid_search,41.92,0,0.0,0,0,0
C107492,2022-05-29,19,Basic,organic,20.78,0,6.0,0,0,0
C102642,2022-05-29,19,Basic,paid_search,16.98,2,0.0,1,0,0
C107260,2022-05-29,19,Standard,paid_search,37.02,1,5.0,0,0,0
C105795,2022-05-29,19,Standard,paid_search,28.36,0,3.0,0,0,0
C105174,2022-05-30,19,Premium,organic,83.14,0,6.0,0,0,0
C104569,2022-05-30,19,Standard,organic,28.18,0,6.0,0,0,0
C102495,2022-05-30,19,Basic,paid_search,18.84,1,6.0,0,0,0
C102764,2022-05-30,19,Basic,organic,17.76,1,3.0,0,0,0
C106173,2022-05-30,19,Basic,partner,15.99,2,0.0,0,0,0
C101739,2022-05-30,19,Basic,paid_search,19.31,0,5.0,0,0,0
C104058,2022-05-30,19,Standard,referral,53.8,0,3.0,1,0,0
C105978,2022-05-31,19,Basic,referral,20.42,0,30.0,0,0,0
C103078,2022-05-31,19,Basic,paid_search,18.52,3,5.0,0,4,1
C105493,2022-05-31,19,Standard,organic,45.68,2,9.0,0,0,0
C101871,2022-05-31,19,Basic,paid_search,19.47,0,2.0,0,0,0
C106100,2022-05-31,19,Premium,organic,76.87,0,13.0,0,0,0
C107752,2022-05-31,19,Standard,organic,39.47,0,7.0,0,0,0
C103582,2022-05-31,19,Basic,paid_search,21.99,0,9.0,0,0,0
C102869,2022-05-31,19,Standard,organic,43.22,1,22.0,0,0,0
C106614,2022-05-31,19,Standard,paid_search,44.74,0,,1,0,0
C107603,2022-05-31,19,Premium,paid_search,74.8,0,6.0,0,0,0
C107254,2022-06-01,19,Standard,organic,46.02,0,8.0,0,0,0
C107849,2022-06-01,19,Basic,referral,18.01,4,4.0,0,0,0
C103432,2022-06-01,19,Standard,partner,41.52,1,12.0,0,0,0
C105624,2022-06-01,19,Standard,partner,46.59,0,11.0,0,0,0
C103241,2022-06-01,19,Basic,referral,21.58,0,0.0,0,0,0
C104118,2022-06-01,19,Basic,partner,20.07,2,30.0,1,0,0
C101939,2022-06-01,19,Premium,partner,84.93,0,5.0,2,0,0
C101473,2022-06-01,19,Basic,organic,16.17,2,10.0,0,4,1
C102473,2022-06-01,19,Standard,organic,47.66,0,4.0,0,0,0
C105863,2022-06-01,19,Premium,paid_search,76.67,1,13.0,0,0,0
C105275,2022-06-02,19,Basic,paid_search,25.49,0,5.0,1,0,0
C102359,2022-06-02,19,Standard,paid_search,21.83,1,4.0,0,0,0
C105312,2022-06-02,19,Basic,organic,22.63,2,,0,0,0
C104653,2022-06-02,19,Basic,paid_search,22.17,0,3.0,1,0,0
C101071,2022-06-02,19,Basic,organic,17.22,1,7.0,0,0,0
C105689,2022-06-02,19,Basic,organic,16.18,0,8.0,0,0,0
C100734,2022-06-02,19,Premium,referral,93.16,1,3.0,0,0,0
C103240,2022-06-02,19,Standard,paid_search,33.24,0,,0,0,0
C106977,2022-06-02,19,Basic,referral,21.62,1,1.0,0,0,0
C101744,2022-06-03,19,Standard,paid_search,29.03,3,1.0,0,0,0
C101988,2022-06-03,19,Premium,referral,81.68,0,2.0,0,0,0
C106090,2022-06-03,19,Standard,referral,32.69,1,21.0,0,0,0
C105995,2022-06-03,19,Basic,organic,25.64,1,5.0,0,0,0
C102276,2022-06-03,19,Basic,paid_search,18.96,0,10.0,0,0,0
C103327,2022-06-03,19,Basic,organic,18.35,1,7.0,0,0,0
C107893,2022-06-03,19,Standard,paid_search,45.12,0,17.0,0,0,0
C104026,2022-06-03,19,Basic,referral,18.09,3,28.0,0,0,0
C104672,2022-06-03,19,Premium,organic,95.32,1,,0,0,0
C107966,2022-06-03,19,Standard,paid_search,30.68,1,10.0,0,0,0
C102522,2022-06-03,19,Basic,organic,22.64,1,2.0,0,0,0
C104604,2022-06-03,19,Standard,paid_search,40.13,1,1.0,1,0,0
C107303,2022-06-03,19,Premium,partner,83.93,2,10.0,0,0,0
C106416,2022-06-04,19,Standard,organic,42.65,1,,0,0,0
C104995,2022-06-04,19,Premium,organic,78.03,0,15.0,0,0,0
C101987,2022-06-04,19,Basic,partner,16.35,1,15.0,1,0,0
C107462,2022-06-04,19,Standard,paid_search,42.85,1,2.0,0,0,0
C107481,2022-06-04,19,Standard,organic,45.79,1,1.0,0,0,0
C107333,2022-06-04,19,Basic,paid_search,22.38,0,16.0,0,0,0
C102443,2022-06-04,19,Standard,organic,27.91,2,12.0,0,0,0
C101709,2022-06-04,19,Standard,organic,30.31,0,4.0,0,0,0
C103296,2022-06-04,19,Standard,organic,42.65,1,,0,0,0
C104754,2022-06-04,19,Basic,paid_search,16.58,1,9.0,0,0,0
C103525,2022-06-04,19,Basic,paid_search,20.27,0,16.0,1,0,0
C105486,2022-06-05,19,Standard,paid_search,31.26,0,1.0,1,0,0
C107890,2022-06-05,19,Standard,paid_search,51.55,0,31.0,0,2,1
C103231,2022-06-05,19,Basic,partner,23.05,1,9.0,0,0,0
C107321,2022-06-05,19,Basic,paid_search,20.49,1,9.0,0,0,0
C100141,2022-06-06,19,Standard,paid_search,38.07,0,2.0,0,3,1
C102601,2022-06-06,19,Basic,referral,16.0,1,,0,0,0
C104187,2022-06-06,19,Basic,referral,22.9,2,1.0,0,0,0
C102664,2022-06-06,19,Basic,organic,20.87,0,28.0,0,0,0
C102733,2022-06-06,19,Standard,referral,37.48,1,0.0,0,0,0
C104586,2022-06-06,19,Basic,referral,16.39,1,2.0,0,0,0
C105724,2022-06-06,19,Standard,organic,41.14,0,6.0,0,0,0
C102469,2022-06-06,19,Premium,partner,77.52,0,,0,0,0
C106388,2022-06-07,19,Basic,referral,21.52,0,0.0,0,0,0
C101394,2022-06-07,19,Basic,organic,22.63,0,19.0,0,0,0
C104555,2022-06-07,19,Basic,organic,16.86,5,13.0,1,0,0
C102838,2022-06-07,19,Premium,paid_search,102.11,0,6.0,0,0,0
C106117,2022-06-07,19,Standard,organic,47.69,0,8.0,0,0,0
C103178,2022-06-07,19,Premium,paid_search,86.36,0,4.0,1,0,0
C103959,2022-06-07,19,Premium,organic,99.09,0,7.0,0,0,0
C105039,2022-06-07,19,Basic,referral,18.59,0,5.0,1,0,0
C102461,2022-06-07,19,Standard,paid_search,38.61,1,5.0,0,0,0
C101581,2022-06-07,19,Basic,organic,19.82,2,7.0,0,0,0
C103475,2022-06-07,19,Standard,paid_search,38.43,0,12.0,0,0,0
C103682,2022-06-07,19,Standard,organic,37.8,2,28.0,0,0,0
C103017,2022-06-07,19,Basic,referral,18.07,1,9.0,0,0,0
C100963,2022-06-08,19,Basic,referral,19.07,0,2.0,0,0,0
C103585,2022-06-08,19,Basic,paid_search,18.36,0,1.0,0,0,0
C102552,2022-06-08,19,Premium,paid_search,80.84,0,8.0,0,0,0
C105751,2022-06-08,19,Premium,organic,72.26,1,5.0,0,0,0
C107275,2022-06-08,19,Basic,organic,20.98,0,6.0,0,0,0
C103669,2022-06-08,19,Standard,organic,33.82,0,9.0,1,0,0
C105569,2022-06-08,19,Standard,paid_search,28.67,1,5.0,0,0,0
C106972,2022-06-09,19,Premium,organic,56.8,0,19.0,1,0,0
C107970,2022-06-09,19,Standard,partner,39.81,1,14.0,1,0,0
C100902,2022-06-09,19,Basic,referral,15.84,0,5.0,0,0,0
C102193,2022-06-09,19,Standard,partner,39.8,4,3.0,0,0,0
C102873,2022-06-09,19,Basic,paid_search,21.43,1,17.0,0,0,0
C107841,2022-06-09,19,Premium,partner,59.28,0,,0,0,0
C105544,2022-06-09,19,Standard,paid_search,41.16,1,1.0,0,0,0
C105956,2022-06-09,19,Standard,paid_search,45.53,0,4.0,0,0,0
C103443,2022-06-10,19,Basic,organic,15.31,0,,0,0,0
C107207,2022-06-10,19,Standard,referral,42.16,0,,0,0,0
C105655,2022-06-10,19,Standard,referral,43.25,2,2.0,0,0,0
C107973,2022-06-10,19,Basic,referral,18.18,2,3.0,0,0,0
C105566,2022-06-10,19,Basic,organic,16.52,0,4.0,1,0,0
C107711,2022-06-10,19,Basic,organic,12.44,0,12.0,0,0,0
C107472,2022-06-10,19,Basic,paid_search,14.29,2,50.0,1,0,0
C107728,2022-06-10,19,Standard,organic,44.32,0,6.0,0,0,0
C105548,2022-06-10,19,Standard,paid_search,31.29,1,14.0,0,0,0
C101354,2022-06-10,19,Premium,referral,87.34,1,4.0,0,0,0
C102357,2022-06-10,19,Premium,partner,63.32,1,18.0,1,0,0
C103951,2022-06-10,19,Standard,organic,42.54,1,19.0,0,0,0
C107320,2022-06-11,19,Basic,organic,16.29,0,6.0,0,0,0
C107626,2022-06-11,19,Basic,referral,17.57,0,0.0,0,0,0
C107581,2022-06-11,19,Standard,paid_search,31.12,4,7.0,0,0,0
C104929,2022-06-11,19,Basic,organic,23.29,0,2.0,0,0,0
C102702,2022-06-11,19,Premium,paid_search,49.02,1,11.0,1,4,1
C105771,2022-06-11,19,Standard,paid_search,51.56,1,7.0,0,0,0
C106202,2022-06-11,19,Basic,organic,22.66,1,4.0,1,0,0
C103868,2022-06-11,19,Standard,organic,56.45,0,1.0,0,0,0
C102393,2022-06-11,19,Basic,partner,22.33,0,,0,0,0
C104802,2022-06-11,19,Basic,organic,17.55,1,24.0,0,0,0
C105883,2022-06-12,19,Basic,organic,19.93,1,11.0,0,1,0
C101838,2022-06-12,19,Standard,paid_search,27.49,1,20.0,0,0,0
C105661,2022-06-12,19,Standard,organic,44.94,0,,0,2,1
C106161,2022-06-12,19,Standard,referral,37.33,0,7.0,0,0,0
C103621,2022-06-12,19,Standard,paid_search,42.6,1,9.0,0,0,0
C107534,2022-06-12,19,Basic,partner,25.19,0,,0,0,0
C107536,2022-06-12,19,Standard,referral,29.4,1,6.0,0,0,0
C103412,2022-06-12,19,Basic,referral,12.62,0,7.0,1,0,0
C101256,2022-06-12,19,Standard,paid_search,36.07,0,0.0,0,0,0
C102298,2022-06-12,19,Basic,organic,19.94,3,4.0,0,0,0
C106659,2022-06-12,19,Standard,paid_search,50.17,2,3.0,1,0,0
C102240,2022-06-13,19,Standard,organic,45.49,0,,0,0,0
C100362,2022-06-13,19,Standard,organic,38.81,0,18.0,0,0,0
C105738,2022-06-13,19,Standard,paid_search,34.26,2,16.0,2,0,0
C105586,2022-06-13,19,Basic,referral,18.41,0,4.0,1,0,0
C103180,2022-06-13,19,Basic,paid_search,20.03,1,7.0,1,0,0
C103028,2022-06-13,19,Standard,paid_search,41.84,2,2.0,0,0,0
C103470,2022-06-13,19,Basic,organic,18.45,2,16.0,0,0,0
C103881,2022-06-13,19,Basic,paid_search,14.79,0,77.0,0,6,1
C107138,2022-06-13,19,Standard,organic,41.21,0,1.0,0,0,0
C103849,2022-06-13,19,Standard,partner,39.42,1,3.0,1,0,0
C103713,2022-06-13,19,Basic,referral,17.22,3,10.0,0,0,0
C102746,2022-06-13,19,Standard,organic,36.4,1,1.0,0,0,0
C103740,2022-06-14,19,Standard,paid_search,47.25,1,28.0,0,0,0
C105501,2022-06-14,19,Standard,partner,30.2,2,2.0,0,0,0
C103313,2022-06-14,19,Standard,referral,41.1,1,13.0,0,0,0
C107087,2022-06-14,19,Standard,paid_search,33.15,1,1.0,1,0,0
C100975,2022-06-14,19,Basic,organic,12.17,1,1.0,0,0,0
C102913,2022-06-14,19,Standard,paid_search,34.93,1,0.0,1,0,0
C106162,2022-06-14,19,Basic,partner,13.05,1,,0,0,0
C107219,2022-06-14,19,Standard,organic,33.5,0,7.0,0,0,0
C103196,2022-06-14,19,Basic,partner,23.24,0,13.0,1,0,0
C105319,2022-06-14,19,Basic,partner,20.76,1,4.0,0,0,0
C103151,2022-06-14,19,Standard,partner,37.08,1,,0,0,0
C104260,2022-06-14,19,Basic,organic,16.68,1,0.0,0,0,0
C104966,2022-06-14,19,Standard,organic,57.88,0,5.0,0,0,0
C107567,2022-06-15,19,Standard,organic,28.41,0,25.0,0,0,0
C104372,2022-06-15,19,Basic,partner,16.62,0,,0,0,0
C104208,2022-06-15,19,Standard,paid_search,41.6,0,16.0,0,0,0
C100031,2022-06-15,19,Basic,paid_search,18.97,0,10.0,0,0,0
C102314,2022-06-15,19,Standard,partner,45.63,2,5.0,0,0,0
C107770,2022-06-15,19,Basic,organic,23.94,0,4.0,0,0,0
C105431,2022-06-15,19,Basic,organic,16.43,0,,0,0,0
C105350,2022-06-15,19,Standard,organic,38.39,1,1.0,0,0,0
C105035,2022-06-15,19,Basic,referral,20.93,2,1.0,0,0,0
C100077,2022-06-15,19,Standard,partner,39.58,0,4.0,0,3,1
C104154,2022-06-15,19,Standard,paid_search,42.1,1,14.0,0,0,0
C101511,2022-06-16,19,Standard,organic,36.56,1,10.0,0,0,0
C102967,2022-06-16,19,Basic,organic,21.75,0,24.0,0,0,0
C107073,2022-06-16,19,Basic,partner,17.86,0,11.0,0,0,0
C103781,2022-06-16,19,Basic,paid_search,18.94,0,28.0,0,2,1
C103335,2022-06-16,19,Premium,organic,76.9,0,1.0,0,0,0
C106531,2022-06-16,19,Basic,partner,17.71,2,,0,0,0
C100566,2022-06-16,19,Standard,paid_search,40.35,0,16.0,1,0,0
C105245,2022-06-16,19,Standard,organic,26.51,1,10.0,0,0,0
C102935,2022-06-16,19,Standard,organic,53.28,0,15.0,0,0,0
C107184,2022-06-17,18,Basic,referral,21.27,0,3.0,0,0,0
C101502,2022-06-17,18,Basic,paid_search,17.53,0,1.0,0,0,0
C106067,2022-06-17,18,Premium,paid_search,59.49,0,8.0,0,0,0
C103810,2022-06-17,18,Basic,paid_search,20.52,0,6.0,0,0,0
C100411,2022-06-17,18,Basic,referral,16.84,0,,0,0,0
C105415,2022-06-17,18,Standard,paid_search,42.99,1,2.0,0,0,0
C101544,2022-06-18,18,Standard,organic,51.57,0,19.0,0,0,0
C103088,2022-06-18,18,Basic,organic,19.5,1,2.0,0,0,0
C101655,2022-06-18,18,Basic,organic,10.49,0,2.0,0,0,0
C100325,2022-06-18,18,Standard,organic,48.77,0,13.0,0,0,0
C106120,2022-06-18,18,Basic,paid_search,13.98,1,8.0,0,0,0
C107078,2022-06-18,18,Basic,organic,20.75,1,12.0,0,0,0
C103701,2022-06-18,18,Standard,partner,45.87,1,5.0,0,0,0
C103483,2022-06-18,18,Standard,organic,45.93,2,25.0,0,0,0
C106992,2022-06-18,18,Standard,paid_search,46.88,0,25.0,0,3,1
C101478,2022-06-18,18,Standard,referral,42.37,1,16.0,0,0,0
C106831,2022-06-19,18,Basic,referral,19.68,1,11.0,0,0,0
C105693,2022-06-19,18,Basic,paid_search,29.95,0,1.0,0,0,0
C100625,2022-06-19,18,Standard,paid_search,52.77,1,1.0,0,0,0
C106332,2022-06-19,18,Standard,organic,23.18,1,11.0,1,0,0
C105029,2022-06-19,18,Basic,referral,21.16,1,7.0,0,0,0
C100485,2022-06-19,18,Basic,paid_search,15.35,0,2.0,0,0,0
C105215,2022-06-19,18,Standard,paid_search,36.98,0,3.0,1,0,0
C103910,2022-06-19,18,Premium,partner,76.69,0,,0,0,0
C101111,2022-06-19,18,Standard,organic,42.54,0,4.0,0,0,0
C101290,2022-06-20,18,Basic,referral,16.02,2,2.0,1,0,0
C102174,2022-06-20,18,Basic,organic,18.45,3,2.0,1,0,0
C100147,2022-06-20,18,Standard,referral,56.28,1,7.0,1,0,0
C106414,2022-06-20,18,Basic,organic,20.3,1,9.0,0,0,0
C107967,2022-06-20,18,Basic,organic,18.3,1,1.0,0,0,0
C106262,2022-06-20,18,Basic,paid_search,19.11,1,1.0,0,0,0
C101816,2022-06-20,18,Basic,paid_search,19.74,0,23.0,0,0,0
C107144,2022-06-20,18,Basic,paid_search,20.58,1,7.0,0,0,0
C105304,2022-06-20,18,Basic,referral,22.25,1,3.0,0,0,0
C101876,2022-06-20,18,Standard,organic,40.72,1,,0,0,0
C103434,2022-06-21,18,Basic,organic,21.53,0,7.0,1,0,0
C106039,2022-06-21,18,Standard,paid_search,49.89,0,8.0,0,0,0
C107864,2022-06-21,18,Basic,referral,21.55,1,13.0,0,0,0
C100636,2022-06-21,18,Basic,organic,18.59,0,6.0,0,0,0
C103209,2022-06-21,18,Standard,referral,43.17,2,8.0,0,0,0
C101385,2022-06-21,18,Standard,paid_search,46.28,0,6.0,0,0,0
C107806,2022-06-21,18,Standard,organic,32.14,0,6.0,0,0,0
C105386,2022-06-21,18,Premium,referral,74.4,0,1.0,0,0,0
C101287,2022-06-21,18,Standard,partner,42.82,0,1.0,0,0,0
C104705,2022-06-21,18,Basic,paid_search,29.21,2,5.0,0,0,0
C104963,2022-06-21,18,Standard,partner,46.44,0,4.0,0,0,0
C102292,2022-06-21,18,Premium,paid_search,58.95,1,13.0,0,0,0
C102208,2022-06-21,18,Basic,organic,24.47,1,1.0,0,0,0
C104833,2022-06-22,18,Standard,referral,37.76,0,6.0,0,0,0
C107294,2022-06-22,18,Standard,organic,41.53,0,4.0,0,0,0
C102881,2022-06-22,18,Standard,referral,44.32,2,8.0,1,0,0
C100326,2022-06-22,18,Basic,paid_search,19.1,1,43.0,0,5,1
C101608,2022-06-22,18,Basic,organic,22.76,1,2.0,0,0,0
C100509,2022-06-22,18,Basic,paid_search,17.75,0,8.0,0,1,1
C107697,2022-06-22,18,Standard,organic,42.04,0,2.0,0,0,0
C106082,2022-06-22,18,Basic,partner,19.68,0,7.0,1,0,0
C100565,2022-06-22,18,Standard,organic,34.44,0,34.0,0,0,0
C107518,2022-06-22,18,Basic,partner,19.89,1,0.0,1,0,0
C103109,2022-06-22,18,Basic,referral,20.17,0,19.0,0,0,0
C103254,2022-06-22,18,Standard,organic,29.42,1,2.0,0,0,0
C100718,2022-06-22,18,Standard,organic,47.31,2,6.0,0,0,0
C107989,2022-06-23,18,Standard,paid_search,33.63,0,3.0,1,0,0
C103292,2022-06-23,18,Standard,referral,48.81,2,3.0,0,0,0
C103371,2022-06-23,18,Premium,organic,80.44,1,9.0,1,0,0
C107388,2022-06-23,18,Basic,organic,18.59,0,4.0,1,0,0
C106588,2022-06-23,18,Basic,organic,23.34,0,8.0,0,0,0
C104763,2022-06-23,18,Standard,organic,46.53,0,1.0,1,0,0
C103627,2022-06-23,18,Premium,paid_search,88.29,0,9.0,0,0,0
C101307,2022-06-23,18,Basic,organic,21.78,0,27.0,0,0,0
C106462,2022-06-23,18,Basic,organic,16.22,1,14.0,0,0,0
C107382,2022-06-23,18,Standard,paid_search,41.82,1,15.0,0,0,0
C105114,2022-06-23,18,Basic,organic,17.45,1,,0,0,0
C101046,2022-06-24,18,Basic,paid_search,15.29,3,3.0,1,0,0
C105373,2022-06-24,18,Premium,paid_search,54.59,2,0.0,0,0,0
C106160,2022-06-24,18,Basic,referral,20.67,1,2.0,0,0,0
C105572,2022-06-24,18,Basic,paid_search,23.86,1,11.0,0,0,0
C107198,2022-06-24,18,Basic,referral,27.16,1,15.0,0,0,0
C100096,2022-06-24,18,Standard,organic,47.75,0,7.0,0,0,0
C102640,2022-06-24,18,Basic,paid_search,21.75,0,25.0,1,0,0
C101264,2022-06-24,18,Basic,organic,17.43,0,3.0,1,0,0
C100853,2022-06-24,18,Basic,organic,20.49,0,7.0,0,0,0
C100188,2022-06-24,18,Basic,organic,12.42,1,3.0,0,0,0
C104199,2022-06-24,18,Basic,organic,17.96,1,1.0,0,0,0
C104239,2022-06-25,18,Basic,partner,19.95,2,11.0,0,0,0
C107329,2022-06-25,18,Premium,partner,53.15,1,2.0,0,0,0
C102966,2022-06-25,18,Standard,referral,27.25,0,0.0,0,0,0
C103093,2022-06-25,18,Standard,referral,39.75,1,5.0,0,3,0
C100383,2022-06-25,18,Standard,organic,41.22,4,15.0,0,0,0
C102666,2022-06-25,18,Standard,organic,25.67,0,10.0,0,0,0
C103072,2022-06-25,18,Basic,organic,21.46,0,2.0,0,0,0
C100831,2022-06-25,18,Basic,paid_search,19.2,1,0.0,0,0,0
C106784,2022-06-25,18,Premium,organic,95.92,1,2.0,0,0,0
C100592,2022-06-25,18,Standard,referral,35.5,0,5.0,0,0,0
C103083,2022-06-25,18,Basic,referral,18.87,1,4.0,1,0,0
C104606,2022-06-25,18,Basic,partner,20.2,0,12.0,0,0,0
C102181,2022-06-25,18,Standard,referral,43.34,0,0.0,1,0,0
C107414,2022-06-25,18,Premium,organic,63.41,0,6.0,0,0,0
C106474,2022-06-26,18,Basic,paid_search,18.42,1,14.0,0,0,0
C101250,2022-06-26,18,Standard,referral,46.5,1,2.0,0,0,0
C105272,2022-06-26,18,Premium,paid_search,71.68,0,,0,1,0
C105259,2022-06-26,18,Basic,paid_search,12.86,0,0.0,0,0,0
C101401,2022-06-26,18,Basic,paid_search,13.22,0,5.0,0,0,0
C103967,2022-06-26,18,Premium,organic,91.9,1,,0,0,0
C101541,2022-06-26,18,Standard,partner,33.27,0,4.0,0,0,0
C105971,2022-06-26,18,Basic,paid_search,17.78,0,,0,0,0
C105102,2022-06-26,18,Standard,referral,39.64,0,1.0,0,0,0
C107990,2022-06-26,18,Premium,paid_search,82.82,3,38.0,0,4,1
C103744,2022-06-26,18,Standard,organic,41.93,0,19.0,0,0,0
C101123,2022-06-27,18,Standard,partner,35.81,2,11.0,0,0,0
C106476,2022-06-27,18,Standard,partner,38.23,0,18.0,0,0,0
C101708,2022-06-27,18,Basic,partner,19.84,0,3.0,0,0,0
C103274,2022-06-27,18,Standard,paid_search,39.32,1,,1,0,0
C106667,2022-06-27,18,Basic,referral,23.42,0,6.0,0,0,0
C102252,2022-06-27,18,Basic,referral,16.93,0,,0,0,0
C101505,2022-06-27,18,Basic,paid_search,18.14,3,4.0,0,0,0
C101785,2022-06-27,18,Standard,referral,41.79,0,7.0,0,0,0
C100856,2022-06-28,18,Standard,organic,45.64,0,7.0,0,0,0
C106125,2022-06-28,18,Basic,paid_search,18.48,0,2.0,0,0,0
C106384,2022-06-28,18,Standard,paid_search,33.7,0,10.0,0,0,0
C101810,2022-06-28,18,Standard,organic,40.16,1,15.0,1,0,0
C101106,2022-06-28,18,Basic,referral,9.65,1,27.0,0,0,0
C104498,2022-06-28,18,Standard,partner,32.37,1,,0,0,0
C102750,2022-06-28,18,Basic,organic,17.77,1,18.0,0,0,0
C107026,2022-06-28,18,Basic,organic,16.93,0,18.0,1,3,1
C107098,2022-06-28,18,Basic,organic,17.57,0,2.0,0,0,0
C102161,2022-06-28,18,Standard,paid_search,33.38,1,3.0,1,0,0
C106005,2022-06-28,18,Basic,referral,18.93,2,1.0,0,0,0
C102486,2022-06-28,18,Basic,organic,17.2,1,0.0,0,0,0
C102686,2022-06-28,18,Premium,organic,96.15,2,2.0,0,0,0
C105833,2022-06-28,18,Standard,organic,39.21,0,10.0,0,0,0
C105877,2022-06-28,18,Premium,partner,92.29,1,2.0,1,0,0
C100314,2022-06-28,18,Basic,paid_search,21.58,1,,1,0,0
C101905,2022-06-28,18,Premium,partner,69.09,1,12.0,0,0,0
C105654,2022-06-28,18,Premium,organic,95.09,0,7.0,0,0,0
C107403,2022-06-28,18,Basic,paid_search,21.83,0,17.0,0,0,0
C105611,2022-06-28,18,Standard,paid_search,36.21,2,31.0,0,0,0
C101891,2022-06-29,18,Standard,partner,48.58,1,1.0,0,0,0
C103277,2022-06-29,18,Standard,referral,50.14,0,15.0,0,0,0
C107242,2022-06-29,18,Standard,referral,48.53,2,4.0,0,0,0
C100118,2022-06-29,18,Basic,organic,22.66,0,1.0,0,0,0
C100988,2022-06-29,18,Premium,paid_search,80.12,2,4.0,0,0,1
C101453,2022-06-29,18,Basic,paid_search,21.18,2,7.0,0,0,0
C105327,2022-06-29,18,Basic,paid_search,18.57,0,28.0,0,0,0
C100830,2022-06-29,18,Standard,organic,42.43,1,21.0,0,0,0
C107326,2022-06-29,18,Standard,partner,50.98,1,8.0,0,0,0
C107215,2022-06-29,18,Basic,partner,23.37,2,3.0,0,0,0
C101012,2022-06-29,18,Basic,partner,18.34,0,9.0,0,0,0
C103877,2022-06-29,18,Standard,partner,46.76,0,5.0,0,0,0
C105687,2022-06-29,18,Premium,organic,83.15,0,7.0,0,0,0
C103569,2022-06-29,18,Premium,organic,101.16,0,10.0,0,0,0
C103481,2022-06-29,18,Premium,organic,68.99,1,1.0,0,0,0
C107297,2022-06-30,18,Premium,paid_search,77.26,0,,2,0,0
C106788,2022-06-30,18,Basic,partner,20.79,0,17.0,0,0,0
C106867,2022-06-30,18,Basic,paid_search,18.21,1,26.0,0,0,0
C105423,2022-06-30,18,Basic,organic,19.32,0,2.0,0,0,0
C107214,2022-06-30,18,Basic,paid_search,19.69,0,4.0,0,0,0
C104078,2022-06-30,18,Premium,organic,95.88,1,3.0,2,0,0
C103862,2022-06-30,18,Basic,paid_search,21.91,2,15.0,0,0,0
C101514,2022-06-30,18,Basic,organic,17.07,0,12.0,0,0,0
C102099,2022-06-30,18,Basic,paid_search,22.05,0,4.0,0,0,0
C100507,2022-06-30,18,Basic,paid_search,23.62,1,4.0,0,5,1
C104811,2022-06-30,18,Premium,partner,73.41,1,1.0,0,0,0
C103385,2022-06-30,18,Standard,paid_search,35.03,0,17.0,0,0,0
C107527,2022-07-01,18,Standard,referral,33.9,2,6.0,1,0,0
C101903,2022-07-01,18,Standard,paid_search,33.93,1,5.0,0,0,0
C103060,2022-07-01,18,Basic,organic,19.27,1,11.0,0,0,0
C107852,2022-07-01,18,Basic,organic,18.56,1,1.0,0,0,0
C103332,2022-07-01,18,Basic,organic,23.79,1,8.0,0,0,0
C104047,2022-07-01,18,Premium,organic,78.78,0,4.0,0,0,0
C103594,2022-07-01,18,Standard,paid_search,36.09,1,11.0,0,0,0
C101562,2022-07-01,18,Basic,referral,19.52,0,1.0,0,0,0
C107455,2022-07-01,18,Basic,partner,23.14,0,4.0,1,0,0
C106099,2022-07-01,18,Basic,paid_search,20.74,1,13.0,0,0,0
C100924,2022-07-01,18,Standard,partner,46.36,2,3.0,0,0,0
C105917,2022-07-01,18,Basic,organic,16.9,1,7.0,0,0,0
C106034,2022-07-01,18,Premium,paid_search,78.89,1,,0,0,0
C105126,2022-07-01,18,Basic,organic,28.22,1,3.0,0,0,0
C105425,2022-07-02,18,Standard,partner,34.48,0,7.0,0,0,0
C100616,2022-07-02,18,Basic,paid_search,20.77,1,6.0,0,0,0
C103717,2022-07-02,18,Premium,referral,86.59,1,1.0,0,2,0
C102236,2022-07-02,18,Basic,partner,18.02,1,11.0,0,0,0
C100567,2022-07-02,18,Basic,organic,24.53,0,3.0,0,0,0
C103702,2022-07-02,18,Standard,organic,47.87,1,4.0,0,0,0
C101412,2022-07-02,18,Basic,referral,14.48,0,32.0,0,0,0
C105747,2022-07-02,18,Premium,referral,65.98,2,,0,0,0
C107330,2022-07-02,18,Standard,referral,53.88,1,,0,0,0
C100482,2022-07-02,18,Standard,organic,44.13,1,4.0,0,0,0
C105276,2022-07-02,18,Premium,partner,69.86,1,6.0,0,0,0
C106164,2022-07-02,18,Basic,organic,18.2,1,,0,0,0
C105087,2022-07-02,18,Standard,organic,29.69,1,9.0,0,0,0
C103430,2022-07-02,18,Premium,referral,82.44,1,14.0,1,6,1
C107493,2022-07-02,18,Basic,organic,21.82,1,69.0,2,1,1
C104006,2022-07-03,18,Standard,referral,38.92,0,16.0,0,0,0
C102398,2022-07-03,18,Standard,organic,38.81,0,12.0,0,0,0
C105444,2022-07-03,18,Standard,referral,40.48,1,1.0,0,0,0
C106815,2022-07-03,18,Basic,partner,22.48,1,1.0,0,0,0
C104747,2022-07-03,18,Premium,partner,59.03,0,5.0,0,0,0
C107218,2022-07-03,18,Standard,partner,34.12,1,5.0,1,0,0
C101941,2022-07-04,18,Standard,organic,36.44,0,7.0,1,0,0
C101817,2022-07-04,18,Basic,referral,21.22,1,,0,0,0
C101851,2022-07-04,18,Premium,paid_search,72.19,0,6.0,1,1,1
C103221,2022-07-04,18,Basic,paid_search,16.57,0,10.0,0,0,0
C100695,2022-07-04,18,Standard,referral,37.48,2,14.0,1,0,0
C106254,2022-07-04,18,Standard,referral,44.53,1,20.0,0,0,0
C104451,2022-07-04,18,Basic,referral,17.84,0,9.0,0,0,0
C103390,2022-07-04,18,Basic,paid_search,14.05,0,,0,0,0
C107779,2022-07-05,18,Premium,organic,77.99,0,1.0,0,0,0
C101561,2022-07-05,18,Basic,organic,23.55,0,23.0,0,0,0
C101306,2022-07-05,18,Premium,partner,68.86,0,5.0,1,0,0
C106065,2022-07-05,18,Premium,referral,92.2,0,6.0,0,0,0
C100918,2022-07-05,18,Premium,organic,75.83,1,2.0,0,0,0
C105944,2022-07-05,18,Basic,referral,16.25,1,38.0,0,0,0
C105636,2022-07-05,18,Standard,organic,26.12,0,40.0,0,4,1
C105450,2022-07-05,18,Premium,organic,79.51,0,8.0,0,0,0
C101659,2022-07-05,18,Standard,organic,42.58,0,18.0,0,0,0
C103305,2022-07-05,18,Standard,paid_search,28.19,0,5.0,0,0,0
C104487,2022-07-05,18,Basic,partner,24.67,0,9.0,0,0,0
C106432,2022-07-05,18,Basic,paid_search,20.17,1,1.0,0,0,0
C105026,2022-07-05,18,Standard,partner,42.56,0,5.0,0,0,0
C105116,2022-07-06,18,Basic,paid_search,25.27,1,3.0,0,0,0
C107618,2022-07-06,18,Basic,organic,20.35,0,1.0,0,0,0
C107473,2022-07-06,18,Basic,organic,19.29,0,15.0,0,0,0
C106605,2022-07-06,18,Basic,organic,16.07,0,3.0,1,0,0
C103318,2022-07-06,18,Standard,paid_search,42.57,0,6.0,0,0,0
C103792,2022-07-06,18,Basic,partner,16.77,1,,0,0,0
C102125,2022-07-06,18,Basic,partner,24.69,3,23.0,0,3,1
C105834,2022-07-06,18,Premium,paid_search,104.75,1,2.0,0,0,0
C105852,2022-07-06,18,Basic,organic,20.58,1,2.0,0,0,0
C105940,2022-07-06,18,Premium,paid_search,68.27,1,11.0,0,0,0
C105058,2022-07-06,18,Basic,paid_search,19.74,1,12.0,0,0,0
C105377,2022-07-06,18,Basic,referral,18.32,2,,1,0,0
C100345,2022-07-06,18,Premium,paid_search,74.96,2,,0,0,0
C106223,2022-07-06,18,Standard,partner,36.73,0,7.0,0,0,0
C101424,2022-07-06,18,Premium,paid_search,96.59,0,16.0,0,0,0
C106363,2022-07-07,18,Standard,paid_search,35.09,0,19.0,0,0,0
C102607,2022-07-07,18,Basic,paid_search,18.45,1,15.0,0,0,0
C104426,2022-07-07,18,Standard,organic,33.02,2,,0,0,0
C106920,2022-07-07,18,Standard,partner,34.66,2,2.0,0,0,0
C107735,2022-07-07,18,Premium,paid_search,82.36,2,6.0,0,0,0
C105929,2022-07-07,18,Standard,referral,34.37,1,1.0,1,0,0
C104343,2022-07-07,18,Basic,organic,18.57,2,4.0,1,0,0
C104357,2022-07-07,18,Basic,organic,15.44,1,25.0,0,0,0
C107155,2022-07-07,18,Basic,partner,16.96,1,,1,0,0
C100932,2022-07-07,18,Standard,paid_search,46.89,0,5.0,1,0,0
C106392,2022-07-07,18,Standard,organic,37.45,0,3.0,0,0,0
C102345,2022-07-07,18,Standard,organic,37.9,1,4.0,0,0,0
C105476,2022-07-07,18,Standard,referral,39.55,1,10.0,0,0,0
C103973,2022-07-08,18,Basic,paid_search,22.43,0,2.0,0,0,0
C102187,2022-07-08,18,Basic,paid_search,19.47,1,5.0,1,0,0
C104137,2022-07-08,18,Basic,organic,15.27,0,11.0,0,0,0
C102078,2022-07-08,18,Basic,paid_search,19.59,0,1.0,0,0,0
C104234,2022-07-08,18,Premium,partner,73.07,1,6.0,0,0,0
C102420,2022-07-08,18,Basic,partner,15.55,0,2.0,0,0,0
C104397,2022-07-08,18,Standard,paid_search,31.2,0,2.0,0,0,0
C103467,2022-07-08,18,Basic,organic,16.86,0,8.0,0,0,0
C104793,2022-07-08,18,Standard,paid_search,37.06,1,14.0,1,0,0
C106020,2022-07-08,18,Basic,partner,19.48,2,5.0,0,0,0
C106197,2022-07-08,18,Standard,organic,28.63,1,5.0,0,0,0
C104406,2022-07-08,18,Basic,organic,24.19,1,,0,0,0
C101803,2022-07-09,18,Standard,paid_search,39.08,0,4.0,0,0,0
C104386,2022-07-09,18,Premium,organic,71.07,0,5.0,0,0,0
C102417,2022-07-09,18,Basic,referral,20.52,0,8.0,0,0,0
C101178,2022-07-09,18,Standard,organic,34.98,1,18.0,0,0,0
C105557,2022-07-09,18,Standard,partner,39.53,0,2.0,1,0,0
C104404,2022-07-10,18,Premium,paid_search,80.38,1,16.0,2,0,0
C104408,2022-07-10,18,Premium,referral,60.15,0,19.0,0,0,0
C101501,2022-07-10,18,Standard,organic,48.48,1,0.0,0,0,0
C105152,2022-07-10,18,Standard,paid_search,30.15,2,13.0,0,0,0
C103565,2022-07-10,18,Premium,referral,94.04,1,,0,0,0
C100210,2022-07-10,18,Standard,referral,30.55,0,6.0,0,0,0
C102894,2022-07-10,18,Basic,paid_search,20.31,3,,0,0,0
C105946,2022-07-10,18,Standard,organic,45.08,2,7.0,0,0,0
C105115,2022-07-11,18,Premium,referral,70.46,2,,1,0,0
C104649,2022-07-11,18,Standard,partner,42.72,1,2.0,1,0,0
C107188,2022-07-11,18,Basic,paid_search,19.55,2,3.0,1,0,0
C101296,2022-07-11,18,Premium,paid_search,79.71,0,4.0,0,0,0
C107513,2022-07-11,18,Basic,referral,17.88,0,8.0,0,0,0
C104493,2022-07-11,18,Premium,paid_search,64.81,3,4.0,0,0,0
C107276,2022-07-11,18,Basic,organic,9.68,0,,0,0,0
C104858,2022-07-11,18,Basic,organic,20.43,1,3.0,0,0,0
C103719,2022-07-11,18,Basic,paid_search,14.95,0,1.0,0,0,0
C100379,2022-07-11,18,Basic,organic,18.79,1,4.0,0,0,0
C103514,2022-07-12,18,Standard,organic,47.55,0,9.0,0,0,0
C107710,2022-07-12,18,Standard,organic,36.72,0,12.0,0,0,0
C104171,2022-07-12,18,Standard,organic,24.98,1,16.0,0,0,0
C104733,2022-07-12,18,Standard,paid_search,35.17,2,17.0,1,0,0
C106896,2022-07-12,18,Basic,referral,13.28,2,9.0,0,0,0
C100208,2022-07-12,18,Basic,organic,21.44,1,0.0,2,0,0
C101458,2022-07-12,18,Basic,paid_search,23.71,4,3.0,0,0,0
C106881,2022-07-12,18,Premium,paid_search,93.07,1,1.0,0,0,0
C107871,2022-07-12,18,Standard,paid_search,48.39,1,18.0,0,0,0
C104377,2022-07-12,18,Premium,organic,67.58,0,8.0,0,0,0
C104508,2022-07-13,18,Premium,paid_search,74.3,0,9.0,2,0,0
C106192,2022-07-13,18,Basic,organic,18.09,1,1.0,0,0,0
C103215,2022-07-13,18,Basic,paid_search,18.02,0,6.0,0,0,0
C107202,2022-07-13,18,Standard,organic,31.97,1,1.0,0,0,0
C104323,2022-07-13,18,Premium,paid_search,80.17,1,4.0,0,0,0
C104233,2022-07-13,18,Standard,paid_search,38.72,0,14.0,0,0,0
C104948,2022-07-13,18,Basic,organic,18.34,0,7.0,0,0,0
C102491,2022-07-13,18,Standard,referral,35.21,0,6.0,1,0,0
C103199,2022-07-13,18,Standard,paid_search,45.9,1,2.0,1,0,0
C105288,2022-07-13,18,Basic,organic,12.64,2,57.0,0,2,1
C104740,2022-07-13,18,Basic,referral,22.12,2,,0,0,0
C101620,2022-07-13,18,Basic,paid_search,23.38,2,5.0,0,0,0
C101700,2022-07-13,18,Standard,referral,34.06,1,,0,0,0
C101881,2022-07-13,18,Basic,organic,16.29,2,10.0,0,0,0
C100205,2022-07-14,18,Standard,paid_search,37.93,1,25.0,0,0,0
C103301,2022-07-14,18,Standard,organic,44.62,1,13.0,0,0,0
C104186,2022-07-14,18,Basic,paid_search,18.41,1,3.0,0,0,0
C106053,2022-07-14,18,Basic,organic,20.65,2,10.0,0,0,0
C101428,2022-07-14,18,Premium,organic,69.04,1,9.0,0,0,0
C101260,2022-07-14,18,Standard,organic,43.56,0,,0,0,0
C100291,2022-07-14,18,Basic,referral,16.86,0,4.0,0,0,0
C104123,2022-07-14,18,Basic,organic,16.85,1,2.0,0,4,1
C100617,2022-07-14,18,Standard,paid_search,33.55,1,8.0,0,0,0
C101672,2022-07-15,18,Basic,organic,14.28,1,2.0,0,0,0
C103167,2022-07-15,18,Basic,paid_search,19.89,1,13.0,0,0,0
C102300,2022-07-15,18,Basic,partner,17.38,1,6.0,0,0,0
C106159,2022-07-15,18,Standard,paid_search,36.53,0,2.0,0,0,0
C102332,2022-07-15,18,Standard,organic,28.25,0,5.0,0,0,0
C101010,2022-07-16,18,Basic,paid_search,21.43,0,2.0,0,0,0
C103753,2022-07-16,18,Premium,paid_search,92.45,1,23.0,0,3,1
C106779,2022-07-16,18,Standard,organic,29.94,1,10.0,1,0,1
C104086,2022-07-16,18,Premium,organic,78.48,0,48.0,1,0,1
C100508,2022-07-16,18,Standard,referral,29.77,0,1.0,0,0,0
C101122,2022-07-16,18,Basic,organic,17.8,0,3.0,1,0,0
C104032,2022-07-16,18,Standard,organic,44.41,1,6.0,0,0,0
C104774,2022-07-16,18,Standard,paid_search,51.06,0,,0,0,0
C102429,2022-07-17,18,Basic,paid_search,12.23,0,8.0,1,0,0
C107653,2022-07-17,18,Standard,partner,47.49,2,9.0,0,0,0
C105229,2022-07-17,18,Basic,referral,18.78,0,14.0,0,0,0
C102657,2022-07-17,18,Premium,organic,61.66,1,6.0,0,0,0
C104331,2022-07-17,18,Standard,paid_search,40.69,3,72.0,0,0,0
C106119,2022-07-17,18,Basic,referral,20.86,0,6.0,0,0,0
C102237,2022-07-17,18,Standard,paid_search,37.14,0,10.0,0,0,0
C106505,2022-07-17,18,Standard,paid_search,37.69,0,2.0,1,0,0
C100889,2022-07-17,18,Premium,paid_search,76.53,2,4.0,1,0,0
C106237,2022-07-17,18,Basic,paid_search,16.57,0,13.0,0,0,0
C105675,2022-07-17,18,Basic,organic,23.89,0,2.0,0,0,0
C100743,2022-07-17,18,Basic,paid_search,17.47,4,7.0,0,2,1
C104016,2022-07-17,18,Standard,organic,36.21,2,6.0,1,0,0
C102576,2022-07-17,18,Basic,paid_search,17.86,1,17.0,0,0,0
C100778,2022-07-17,18,Basic,paid_search,19.37,1,1.0,0,0,0
C106288,2022-07-18,17,Standard,organic,39.23,1,4.0,1,0,0
C107296,2022-07-18,17,Standard,organic,40.66,1,,0,0,0
C100215,2022-07-18,17,Basic,organic,18.46,2,8.0,0,5,1
C107846,2022-07-18,17,Standard,referral,49.02,0,5.0,0,0,0
C105469,2022-07-18,17,Basic,organic,16.84,1,4.0,1,0,0
C103031,2022-07-18,17,Basic,paid_search,17.38,1,4.0,0,0,0
C106516,2022-07-19,17,Basic,referral,14.62,2,0.0,1,0,0
C105710,2022-07-19,17,Standard,partner,40.33,0,0.0,0,0,0
C104917,2022-07-19,17,Basic,organic,20.93,1,14.0,0,0,0
C107602,2022-07-19,17,Basic,partner,20.63,0,5.0,0,0,0
C107608,2022-07-19,17,Basic,organic,13.12,2,22.0,0,0,0
C107599,2022-07-19,17,Basic,paid_search,17.05,0,4.0,1,0,0
C106239,2022-07-19,17,Basic,organic,14.97,0,,0,0,0
C107927,2022-07-19,17,Standard,paid_search,29.45,0,17.0,0,0,0
C101639,2022-07-19,17,Standard,organic,41.32,1,12.0,1,0,0
C104246,2022-07-19,17,Basic,paid_search,22.37,2,,0,0,0
C103059,2022-07-19,17,Basic,organic,20.55,0,26.0,1,0,0
C104241,2022-07-19,17,Premium,partner,97.94,4,1.0,0,0,0
C103099,2022-07-19,17,Basic,organic,25.18,1,,0,0,0
C105364,2022-07-19,17,Standard,referral,42.16,0,6.0,0,0,0
C106844,2022-07-19,17,Basic,organic,20.31,0,24.0,1,1,1
C103795,2022-07-20,17,Standard,paid_search,41.91,0,31.0,0,0,0
C106724,2022-07-20,17,Premium,organic,82.66,0,8.0,0,0,0
C104578,2022-07-20,17,Standard,paid_search,37.05,0,32.0,0,0,0
C106252,2022-07-20,17,Premium,paid_search,67.17,0,3.0,0,0,0
C101490,2022-07-20,17,Basic,organic,22.03,1,25.0,0,0,0
C106663,2022-07-20,17,Standard,paid_search,45.85,4,25.0,1,0,0
C106441,2022-07-20,17,Basic,organic,22.09,0,23.0,0,4,1
C102105,2022-07-20,17,Premium,organic,83.68,0,0.0,0,0,0
C101321,2022-07-20,17,Standard,organic,36.73,1,17.0,0,0,0
C104632,2022-07-20,17,Basic,organic,28.9,1,9.0,0,0,0
C105753,2022-07-20,17,Basic,organic,20.18,1,5.0,1,0,0
C103303,2022-07-20,17,Standard,organic,37.64,0,,0,0,0
C100504,2022-07-20,17,Basic,paid_search,16.05,0,1.0,0,0,0
C106268,2022-07-20,17,Standard,organic,39.89,1,20.0,1,0,0
C100142,2022-07-21,17,Basic,referral,16.14,2,1.0,0,0,0
C107281,2022-07-21,17,Standard,paid_search,46.86,5,10.0,1,0,0
C100280,2022-07-21,17,Basic,organic,21.32,0,20.0,0,0,0
C103211,2022-07-21,17,Standard,organic,38.58,1,3.0,0,0,0
C103306,2022-07-21,17,Basic,organic,17.75,0,9.0,1,0,0
C104300,2022-07-21,17,Standard,organic,45.2,1,3.0,0,0,0
C106565,2022-07-21,17,Basic,paid_search,25.0,0,5.0,0,0,0
C106510,2022-07-21,17,Standard,paid_search,26.46,0,5.0,0,0,0
C104315,2022-07-21,17,Standard,partner,45.03,1,25.0,0,0,0
C105702,2022-07-22,17,Premium,organic,86.91,1,7.0,0,0,0
C107703,2022-07-22,17,Standard,organic,44.21,0,3.0,0,0,0
C107243,2022-07-22,17,Standard,referral,36.15,1,3.0,0,0,0
C107732,2022-07-22,17,Premium,organic,98.27,2,13.0,0,4,1
C105838,2022-07-22,17,Premium,paid_search,80.94,1,4.0,0,0,0
C100949,2022-07-22,17,Standard,referral,55.99,2,2.0,0,0,0
C103082,2022-07-22,17,Standard,organic,40.41,1,8.0,0,0,0
C100038,2022-07-22,17,Basic,referral,23.8,0,4.0,1,0,0
C105009,2022-07-22,17,Basic,organic,12.84,0,17.0,1,0,0
C107019,2022-07-22,17,Standard,organic,39.54,3,4.0,0,0,0
C100110,2022-07-22,17,Basic,paid_search,22.1,0,20.0,0,0,0
C105610,2022-07-22,17,Premium,organic,51.43,1,12.0,0,0,0
C101191,2022-07-22,17,Standard,partner,44.47,1,3.0,0,0,0
C102044,2022-07-22,17,Standard,referral,26.55,0,59.0,0,0,0
C102954,2022-07-22,17,Standard,referral,35.98,1,1.0,0,0,0
C104245,2022-07-23,17,Basic,organic,19.78,1,5.0,1,0,0
C107515,2022-07-23,17,Basic,organic,14.83,0,9.0,0,0,0
C107357,2022-07-23,17,Premium,organic,76.51,2,0.0,1,0,0
C107292,2022-07-23,17,Basic,paid_search,8.23,0,2.0,0,0,0
C105963,2022-07-23,17,Premium,partner,103.2,1,12.0,0,0,0
C100412,2022-07-23,17,Standard,partner,41.25,1,11.0,1,0,0
C106029,2022-07-23,17,Standard,paid_search,46.3,2,13.0,0,0,0
C101793,2022-07-23,17,Basic,paid_search,15.17,1,0.0,0,0,0
C106437,2022-07-24,17,Premium,partner,86.07,2,15.0,0,0,0
C104033,2022-07-24,17,Basic,organic,18.84,2,1.0,0,0,0
C102108,2022-07-24,17,Basic,organic,21.36,2,7.0,0,0,0
C102310,2022-07-24,17,Basic,organic,14.05,0,9.0,0,0,0
C101998,2022-07-24,17,Premium,organic,75.13,0,12.0,0,0,0
C104145,2022-07-24,17,Standard,organic,43.96,0,,0,0,0
C101550,2022-07-24,17,Basic,organic,20.05,0,10.0,0,0,0
C106006,2022-07-24,17,Basic,partner,13.19,3,7.0,0,2,1
C102848,2022-07-24,17,Basic,organic,21.62,1,3.0,0,0,0
C100398,2022-07-24,17,Basic,organic,19.41,1,9.0,0,0,0
C107635,2022-07-24,17,Standard,referral,52.32,1,8.0,0,0,0
C107564,2022-07-24,17,Basic,organic,23.09,0,7.0,0,0,0
C101027,2022-07-24,17,Basic,paid_search,13.26,2,4.0,0,0,0
C107108,2022-07-24,17,Basic,referral,18.15,1,4.0,1,0,0
C107104,2022-07-25,17,Premium,organic,80.9,0,,0,0,0
C107148,2022-07-25,17,Basic,organic,21.17,1,16.0,0,0,0
C100313,2022-07-25,17,Standard,paid_search,37.56,0,16.0,0,0,0
C106494,2022-07-25,17,Premium,organic,89.53,0,3.0,0,0,0
C100151,2022-07-25,17,Standard,partner,48.17,1,9.0,0,0,0
C101999,2022-07-25,17,Standard,paid_search,31.43,0,1.0,0,0,0
C102110,2022-07-25,17,Basic,partner,14.38,1,12.0,0,0,0
C106220,2022-07-25,17,Standard,paid_search,31.4,1,15.0,0,0,0
C107514,2022-07-26,17,Basic,organic,19.75,2,6.0,1,5,1
C104014,2022-07-26,17,Basic,paid_search,21.22,1,9.0,0,0,0
C101916,2022-07-26,17,Standard,organic,40.98,0,14.0,0,0,0
C102786,2022-07-26,17,Standard,referral,36.52,0,4.0,0,0,0
C107826,2022-07-26,17,Standard,partner,32.75,0,1.0,0,0,0
C107699,2022-07-26,17,Standard,paid_search,46.65,1,16.0,0,0,0
C103038,2022-07-26,17,Premium,organic,82.84,0,9.0,1,0,0
C107679,2022-07-26,17,Basic,organic,18.73,0,11.0,0,0,0
C100572,2022-07-26,17,Basic,paid_search,21.5,0,23.0,0,0,0
C105633,2022-07-26,17,Basic,partner,23.05,0,7.0,0,0,0
C102978,2022-07-26,17,Standard,partner,56.89,3,2.0,0,0,0
C107392,2022-07-26,17,Standard,paid_search,24.6,2,,0,0,0
C102109,2022-07-26,17,Standard,paid_search,32.96,1,12.0,0,0,0
C105935,2022-07-26,17,Basic,paid_search,23.77,2,,0,2,1
C101409,2022-07-26,17,Standard,organic,47.28,0,5.0,0,0,0
C102870,2022-07-26,17,Standard,paid_search,40.86,0,20.0,0,0,0
C106840,2022-07-26,17,Standard,paid_search,47.71,2,5.0,0,0,0
C103598,2022-07-27,17,Basic,paid_search,16.84,1,4.0,1,3,1
C107238,2022-07-27,17,Standard,paid_search,45.17,0,4.0,0,0,0
C102705,2022-07-27,17,Standard,organic,35.07,1,14.0,0,0,0
C106475,2022-07-27,17,Basic,organic,19.26,1,1.0,0,0,0
C107768,2022-07-27,17,Basic,referral,16.7,1,1.0,0,0,0
C100533,2022-07-27,17,Standard,paid_search,28.18,1,2.0,1,0,0
C100298,2022-07-27,17,Standard,organic,46.89,0,3.0,0,0,0
C105889,2022-07-27,17,Premium,organic,73.1,1,33.0,0,4,1
C100813,2022-07-27,17,Premium,organic,89.49,1,3.0,1,0,0
C104081,2022-07-27,17,Standard,referral,41.9,1,3.0,1,0,0
C101381,2022-07-27,17,Standard,paid_search,35.9,0,,0,0,0
C101208,2022-07-27,17,Basic,paid_search,20.87,0,15.0,0,0,0
C105540,2022-07-27,17,Premium,partner,73.76,2,3.0,0,0,0
C106960,2022-07-27,17,Basic,organic,20.43,0,16.0,0,0,0
C103419,2022-07-27,17,Basic,organic,15.24,1,1.0,0,0,0
C104710,2022-07-28,17,Standard,organic,47.7,2,3.0,0,0,0
C103993,2022-07-28,17,Premium,paid_search,46.83,0,0.0,0,0,0
C107668,2022-07-28,17,Standard,referral,47.01,2,1.0,0,0,0
C104906,2022-07-28,17,Basic,paid_search,17.23,1,1.0,0,0,0
C107652,2022-07-28,17,Standard,paid_search,29.25,0,1.0,0,0,0
C105109,2022-07-28,17,Basic,paid_search,16.96,0,21.0,0,0,0
C102811,2022-07-28,17,Basic,organic,13.81,0,18.0,1,0,0
C105344,2022-07-28,17,Standard,organic,30.75,0,,0,0,0
C105369,2022-07-28,17,Standard,organic,44.48,1,7.0,0,0,0
C100449,2022-07-29,17,Basic,paid_search,17.7,2,6.0,0,0,0
C105286,2022-07-29,17,Premium,paid_search,69.94,0,10.0,1,0,0
C105162,2022-07-29,17,Standard,paid_search,34.17,1,6.0,0,0,0
C102192,2022-07-29,17,Basic,referral,17.91,0,3.0,0,0,0
C104023,2022-07-29,17,Basic,paid_search,17.06,0,2.0,0,0,0
C102218,2022-07-29,17,Basic,referral,14.36,1,6.0,0,0,0
C106761,2022-07-29,17,Standard,organic,37.96,0,8.0,0,0,0
C103715,2022-07-29,17,Basic,organic,23.08,1,2.0,0,0,0
C107201,2022-07-29,17,Basic,paid_search,16.62,2,16.0,0,0,0
C101992,2022-07-29,17,Premium,paid_search,76.45,2,10.0,1,0,0
C104631,2022-07-29,17,Standard,organic,47.85,1,13.0,0,0,0
C100854,2022-07-30,17,Basic,partner,20.22,0,2.0,1,0,0
C100840,2022-07-30,17,Premium,paid_search,102.17,3,2.0,0,3,1
C106927,2022-07-30,17,Premium,paid_search,89.89,1,12.0,0,0,0
C104687,2022-07-30,17,Basic,organic,18.15,1,,0,0,0
C100659,2022-07-30,17,Basic,organic,19.55,1,1.0,0,0,0
C100480,2022-07-30,17,Standard,referral,37.24,0,2.0,0,0,0
C106446,2022-07-30,17,Premium,paid_search,50.15,1,,0,0,0
C101229,2022-07-30,17,Basic,referral,24.77,0,7.0,0,0,0
C102418,2022-07-30,17,Premium,paid_search,76.58,1,11.0,0,0,0
C105257,2022-07-30,17,Premium,organic,106.37,0,3.0,0,2,1
C106379,2022-07-30,17,Basic,partner,16.07,1,17.0,0,0,0
C103367,2022-07-30,17,Standard,paid_search,44.01,0,3.0,0,0,0
C100095,2022-07-30,17,Basic,organic,21.03,1,10.0,1,0,0
C105641,2022-07-30,17,Basic,partner,17.85,0,15.0,0,0,0
C102806,2022-07-30,17,Standard,paid_search,39.6,3,8.0,0,1,0
C102540,2022-07-31,17,Premium,referral,81.35,2,3.0,0,0,0
C107669,2022-07-31,17,Standard,organic,44.8,1,6.0,0,0,0
C102228,2022-07-31,17,Standard,referral,46.32,0,5.0,0,0,0
C107874,2022-07-31,17,Standard,organic,37.94,1,21.0,0,0,0
C100494,2022-07-31,17,Basic,paid_search,21.72,0,8.0,0,0,0
C102397,2022-07-31,17,Basic,organic,13.77,2,1.0,0,0,0
C104506,2022-07-31,17,Standard,organic,27.45,0,5.0,0,0,0
C103698,2022-07-31,17,Basic,paid_search,19.09,1,4.0,0,0,0
C102040,2022-07-31,17,Standard,paid_search,38.0,3,22.0,0,0,0
C103293,2022-07-31,17,Basic,paid_search,21.15,0,9.0,0,0,0
C102185,2022-07-31,17,Standard,organic,36.8,0,2.0,0,0,0
C103595,2022-07-31,17,Premium,organic,85.9,0,5.0,0,0,0
C103388,2022-07-31,17,Basic,paid_search,22.36,0,17.0,1,0,0
C101482,2022-07-31,17,Basic,organic,18.42,2,6.0,0,0,0
C103041,2022-08-01,17,Basic,referral,16.9,1,7.0,0,0,0
C103524,2022-08-01,17,Basic,paid_search,15.11,2,8.0,0,0,0
C104724,2022-08-01,17,Standard,referral,52.11,0,19.0,0,0,0
C105289,2022-08-01,17,Basic,paid_search,13.48,1,5.0,0,0,0
C106380,2022-08-01,17,Standard,organic,41.8,0,,0,0,0
C102196,2022-08-01,17,Standard,organic,34.19,0,0.0,0,0,0
C104262,2022-08-01,17,Standard,partner,41.43,0,4.0,1,0,0
C101560,2022-08-01,17,Premium,organic,80.35,1,26.0,0,0,0
C106208,2022-08-01,17,Basic,organic,12.68,0,7.0,0,1,0
C102582,2022-08-01,17,Standard,paid_search,39.59,0,19.0,0,0,0
C100341,2022-08-01,17,Basic,partner,25.85,1,,0,0,0
C104114,2022-08-01,17,Basic,organic,18.48,0,9.0,0,0,0
C104648,2022-08-02,17,Standard,referral,40.24,0,4.0,0,0,0
C105048,2022-08-02,17,Premium,organic,76.62,0,4.0,0,0,0
C104579,2022-08-02,17,Basic,organic,23.66,1,1.0,0,0,0
C107179,2022-08-02,17,Standard,organic,45.04,0,14.0,0,0,0
C107109,2022-08-02,17,Basic,organic,15.93,1,0.0,0,0,0
C106021,2022-08-02,17,Basic,referral,16.6,0,2.0,0,0,0
C106677,2022-08-02,17,Standard,organic,39.53,2,12.0,0,0,0
C101113,2022-08-02,17,Premium,organic,69.99,0,0.0,0,0,0
C104616,2022-08-02,17,Standard,paid_search,50.98,0,9.0,0,3,1
C106629,2022-08-02,17,Standard,referral,32.48,1,2.0,0,0,0
C107538,2022-08-02,17,Standard,organic,42.3,1,19.0,0,0,0
C103436,2022-08-03,17,Basic,organic,16.15,1,,2,0,0
C107128,2022-08-03,17,Basic,organic,18.95,1,9.0,0,0,0
C105099,2022-08-03,17,Premium,partner,96.62,0,2.0,0,0,0
C106958,2022-08-03,17,Standard,paid_search,34.46,3,8.0,0,0,0
C101450,2022-08-03,17,Basic,paid_search,22.54,1,5.0,0,0,0
C100153,2022-08-03,17,Standard,paid_search,45.49,0,1.0,0,0,0
C106980,2022-08-03,17,Basic,paid_search,15.67,1,6.0,0,0,0
C105189,2022-08-04,17,Standard,organic,35.79,0,10.0,0,0,0
C100270,2022-08-04,17,Premium,referral,72.07,1,9.0,0,0,0
C104770,2022-08-04,17,Basic,partner,22.09,1,6.0,0,0,0
C107899,2022-08-04,17,Premium,organic,86.89,0,5.0,0,0,0
C100795,2022-08-04,17,Basic,paid_search,16.6,3,5.0,0,0,0
C101645,2022-08-04,17,Basic,referral,17.94,0,14.0,0,0,0
C106912,2022-08-04,17,Standard,partner,38.45,0,23.0,0,0,0
C104938,2022-08-04,17,Basic,referral,20.7,0,2.0,0,0,0
C104396,2022-08-04,17,Standard,paid_search,50.03,1,3.0,0,0,0
C101819,2022-08-04,17,Basic,referral,23.87,1,3.0,0,0,0
C102254,2022-08-04,17,Premium,partner,66.37,0,3.0,0,0,0
C103591,2022-08-04,17,Premium,organic,61.48,0,2.0,0,0,0
C106456,2022-08-04,17,Standard,referral,47.14,1,10.0,0,0,0
C101861,2022-08-05,17,Basic,referral,18.6,0,15.0,0,0,0
C100637,2022-08-05,17,Standard,referral,38.08,1,3.0,0,0,0
C106758,2022-08-05,17,Premium,organic,80.53,0,5.0,0,0,0
C107345,2022-08-05,17,Standard,paid_search,39.03,1,1.0,0,0,0
C104204,2022-08-05,17,Basic,paid_search,16.06,2,3.0,0,0,0
C101337,2022-08-05,17,Standard,referral,43.28,0,6.0,1,0,0
C103177,2022-08-05,17,Premium,organic,65.57,3,,0,0,0
C102272,2022-08-05,17,Standard,partner,43.47,2,6.0,0,0,0
C104481,2022-08-05,17,Basic,referral,19.15,0,3.0,0,0,0
C100418,2022-08-05,17,Basic,paid_search,19.02,0,4.0,1,0,0
C106492,2022-08-05,17,Premium,organic,68.49,1,14.0,0,0,0
C101580,2022-08-05,17,Standard,organic,31.56,0,10.0,0,0,0
C101906,2022-08-05,17,Standard,paid_search,28.18,1,15.0,0,0,0
C106298,2022-08-05,17,Standard,referral,33.06,0,,1,0,0
C106524,2022-08-06,17,Premium,paid_search,98.31,0,20.0,0,0,0
C104815,2022-08-06,17,Basic,paid_search,19.38,0,,0,0,0
C103474,2022-08-06,17,Basic,paid_search,22.08,0,33.0,0,0,0
C107356,2022-08-06,17,Standard,organic,55.01,0,0.0,0,0,0
C101238,2022-08-06,17,Basic,organic,20.72,2,,0,0,0
C107070,2022-08-06,17,Premium,paid_search,69.38,0,3.0,0,0,0
C106340,2022-08-06,17,Standard,organic,35.37,2,16.0,0,0,0
C107301,2022-08-06,17,Premium,partner,65.15,1,1.0,0,0,0
C104589,2022-08-07,17,Standard,paid_search,52.77,0,2.0,1,0,0
C100352,2022-08-07,17,Standard,paid_search,48.37,1,1.0,0,0,0
C106710,2022-08-07,17,Premium,paid_search,92.84,0,14.0,0,0,0
C106487,2022-08-07,17,Basic,organic,16.86,0,23.0,1,0,0
C100970,2022-08-07,17,Standard,organic,40.97,1,10.0,0,0,0
C106829,2022-08-07,17,Basic,paid_search,22.49,2,2.0,0,0,0
C105463,2022-08-07,17,Basic,organic,14.01,1,24.0,0,0,0
C107393,2022-08-07,17,Basic,paid_search,26.7,1,24.0,0,1,1
C101402,2022-08-07,17,Basic,organic,18.86,2,16.0,0,0,0
C105736,2022-08-07,17,Basic,organic,21.42,1,,1,0,0
C101399,2022-08-07,17,Basic,organic,19.93,0,10.0,0,0,0
C100262,2022-08-07,17,Basic,paid_search,23.04,0,4.0,0,0,0
C104510,2022-08-07,17,Basic,organic,12.91,0,10.0,0,0,0
C101315,2022-08-07,17,Basic,organic,13.69,1,27.0,0,0,0
C105232,2022-08-07,17,Standard,referral,41.69,1,4.0,0,0,0
C103204,2022-08-07,17,Standard,organic,46.18,1,3.0,0,0,0
C105812,2022-08-07,17,Standard,paid_search,44.65,0,6.0,1,0,0
C105542,2022-08-07,17,Basic,organic,14.96,0,13.0,0,0,0
C102832,2022-08-08,17,Basic,referral,15.74,2,1.0,0,0,0
C100441,2022-08-08,17,Basic,paid_search,20.24,0,12.0,0,0,0
C100927,2022-08-08,17,Standard,organic,26.06,0,1.0,0,0,0
C103429,2022-08-08,17,Premium,referral,95.5,4,5.0,1,0,0
C106935,2022-08-08,17,Basic,paid_search,16.92,0,1.0,1,0,0
C102466,2022-08-08,17,Basic,organic,13.76,0,17.0,1,0,0
C106304,2022-08-08,17,Premium,referral,75.96,0,0.0,0,0,0
C105424,2022-08-08,17,Standard,partner,36.02,3,53.0,0,0,0
C104698,2022-08-08,17,Basic,referral,19.61,0,2.0,0,0,0
C103843,2022-08-08,17,Standard,organic,40.09,2,,0,0,0
C102996,2022-08-09,17,Standard,paid_search,49.27,0,3.0,0,0,0
C101475,2022-08-09,17,Basic,paid_search,19.31,2,25.0,0,0,0
C105340,2022-08-09,17,Basic,paid_search,22.11,2,14.0,0,0,0
C106166,2022-08-09,17,Premium,partner,71.77,2,14.0,0,0,0
C105220,2022-08-09,17,Premium,referral,82.57,1,1.0,0,0,0
C100306,2022-08-09,17,Standard,organic,43.56,2,5.0,0,0,0
C106221,2022-08-09,17,Standard,referral,43.39,0,6.0,0,0,0
C104157,2022-08-09,17,Basic,partner,23.77,3,39.0,1,0,0
C100189,2022-08-09,17,Standard,organic,36.95,0,5.0,2,0,0
C101600,2022-08-09,17,Standard,paid_search,40.72,0,13.0,0,4,1
C102775,2022-08-09,17,Basic,organic,19.25,1,5.0,1,0,0
C100801,2022-08-09,17,Basic,paid_search,16.66,3,2.0,0,0,0
C102051,2022-08-09,17,Standard,referral,34.16,0,17.0,0,0,0
C101822,2022-08-09,17,Standard,organic,42.42,1,23.0,1,0,0
C101366,2022-08-09,17,Basic,paid_search,23.18,1,1.0,0,0,0
C106498,2022-08-09,17,Standard,partner,35.83,4,3.0,0,0,0
C105482,2022-08-09,17,Premium,organic,59.34,0,0.0,0,0,0
C106076,2022-08-09,17,Standard,paid_search,39.23,1,3.0,1,0,0
C104374,2022-08-10,17,Standard,paid_search,34.56,0,16.0,0,3,1
C103105,2022-08-10,17,Basic,paid_search,18.43,3,8.0,0,0,0
C103741,2022-08-10,17,Standard,paid_search,32.16,1,4.0,0,0,0
C107079,2022-08-10,17,Standard,organic,40.03,0,3.0,0,0,0
C104176,2022-08-10,17,Standard,paid_search,37.09,0,5.0,1,0,0
C102020,2022-08-10,17,Premium,referral,81.3,0,3.0,0,0,0
C103898,2022-08-10,17,Premium,organic,62.03,1,2.0,0,0,0
C106281,2022-08-10,17,Premium,organic,100.96,1,7.0,0,0,0
C100135,2022-08-10,17,Basic,paid_search,18.31,1,3.0,0,0,0
C102707,2022-08-10,17,Standard,organic,33.03,1,8.0,0,0,0
C101154,2022-08-11,17,Basic,partner,19.37,1,2.0,0,0,0
C102088,2022-08-11,17,Basic,paid_search,17.32,1,10.0,0,1,0
C107270,2022-08-11,17,Basic,organic,26.06,0,31.0,0,2,1
C100951,2022-08-11,17,Standard,organic,29.53,0,8.0,0,0,0
C101837,2022-08-11,17,Standard,organic,45.97,2,28.0,0,0,0
C107831,2022-08-11,17,Basic,partner,22.37,3,19.0,0,0,0
C102186,2022-08-11,17,Standard,organic,45.67,0,0.0,0,0,0
C102594,2022-08-12,17,Premium,organic,85.66,1,9.0,0,0,0
C103341,2022-08-12,17,Basic,partner,19.28,1,,0,0,0
C106974,2022-08-12,17,Standard,paid_search,26.72,0,,0,3,1
C104745,2022-08-12,17,Basic,paid_search,22.51,2,4.0,0,0,0
C104038,2022-08-12,17,Basic,paid_search,18.36,0,,0,0,0
C100225,2022-08-12,17,Premium,organic,74.09,0,23.0,1,0,0
C101104,2022-08-12,17,Standard,organic,34.89,0,8.0,0,0,0
C107139,2022-08-12,17,Basic,paid_search,20.47,0,3.0,0,0,0
C104788,2022-08-12,17,Basic,referral,18.91,3,,0,0,0
C101390,2022-08-12,17,Standard,referral,50.4,3,1.0,0,0,0
C103696,2022-08-13,17,Basic,partner,19.95,0,3.0,0,0,0
C101185,2022-08-13,17,Premium,organic,74.47,0,3.0,0,0,0
C107145,2022-08-13,17,Standard,referral,27.47,2,4.0,0,0,0
C104587,2022-08-13,17,Basic,partner,17.74,1,11.0,0,0,0
C104666,2022-08-13,17,Standard,referral,40.32,1,,0,0,0
C104494,2022-08-13,17,Standard,organic,28.61,0,4.0,0,0,0
C105454,2022-08-13,17,Standard,organic,50.87,0,,0,0,0
C103583,2022-08-13,17,Standard,organic,43.78,0,4.0,0,0,0
C104446,2022-08-13,17,Basic,paid_search,21.54,2,3.0,0,0,0
C102308,2022-08-13,17,Basic,paid_search,19.27,0,1.0,0,0,0
C105804,2022-08-13,17,Basic,organic,20.15,0,1.0,0,0,0
C102126,2022-08-13,17,Basic,organic,22.06,1,7.0,0,0,0
C103548,2022-08-13,17,Basic,referral,17.85,0,2.0,0,0,0
C101778,2022-08-13,17,Standard,organic,21.46,0,10.0,0,0,0
C103061,2022-08-14,17,Basic,partner,17.05,0,12.0,0,0,0
C107305,2022-08-14,17,Standard,organic,46.08,2,3.0,0,0,0
C103372,2022-08-14,17,Standard,partner,35.87,1,,0,0,0
C105985,2022-08-14,17,Premium,organic,78.51,3,1.0,0,0,0
C104568,2022-08-14,17,Standard,partner,43.28,1,3.0,0,0,0
C105348,2022-08-14,17,Standard,organic,49.12,1,,0,1,0
C107497,2022-08-14,17,Premium,referral,108.01,1,0.0,0,0,0
C102354,2022-08-14,17,Basic,partner,19.36,0,16.0,0,0,0
C100238,2022-08-14,17,Standard,partner,32.99,1,,0,0,0
C104289,2022-08-14,17,Basic,paid_search,19.09,0,6.0,0,0,0
C105766,2022-08-14,17,Basic,organic,18.44,0,1.0,1,0,0
C106515,2022-08-14,17,Basic,referral,21.13,1,2.0,0,0,0
C100332,2022-08-15,17,Basic,paid_search,15.85,1,5.0,0,0,0
C103502,2022-08-15,17,Basic,paid_search,22.09,4,1.0,0,0,0
C100525,2022-08-15,17,Standard,organic,51.61,0,6.0,0,0,0
C106402,2022-08-15,17,Standard,organic,36.8,1,13.0,1,0,0
C107630,2022-08-15,17,Standard,referral,23.89,1,9.0,0,0,0
C106937,2022-08-15,17,Standard,referral,38.89,1,1.0,0,0,0
C100399,2022-08-15,17,Standard,paid_search,50.19,1,6.0,0,0,0
C103986,2022-08-15,17,Premium,referral,85.24,0,10.0,0,0,0
C102807,2022-08-15,17,Premium,organic,91.43,2,0.0,0,0,0
C101059,2022-08-16,17,Basic,paid_search,18.94,2,5.0,0,0,0
C102780,2022-08-16,17,Basic,paid_search,22.53,1,12.0,0,0,0
C105226,2022-08-16,17,Premium,paid_search,108.8,0,9.0,0,0,0
C103941,2022-08-16,17,Basic,paid_search,21.73,1,,0,0,0
C106319,2022-08-16,17,Basic,organic,16.37,1,10.0,0,0,0
C107793,2022-08-16,17,Basic,organic,20.27,1,4.0,1,2,1
C107196,2022-08-16,17,Basic,organic,18.76,0,27.0,0,3,1
C106639,2022-08-16,17,Basic,partner,21.15,1,3.0,0,0,0
C105414,2022-08-16,17,Premium,paid_search,94.4,2,10.0,0,0,0
C105704,2022-08-16,17,Basic,referral,19.65,0,33.0,1,0,0
C100087,2022-08-17,16,Standard,organic,48.6,1,14.0,0,0,0
C106542,2022-08-17,16,Basic,referral,24.22,0,2.0,0,0,0
C104602,2022-08-17,16,Basic,organic,19.67,1,5.0,0,0,0
C107605,2022-08-17,16,Basic,paid_search,19.99,1,1.0,0,0,0
C101461,2022-08-17,16,Basic,paid_search,22.98,3,7.0,0,0,0
C100748,2022-08-17,16,Premium,paid_search,106.32,2,24.0,0,6,1
C107526,2022-08-17,16,Basic,organic,24.74,0,9.0,0,0,0
C104664,2022-08-17,16,Basic,paid_search,18.73,0,6.0,0,0,0
C101820,2022-08-17,16,Standard,partner,22.63,1,2.0,0,0,0
C103097,2022-08-18,16,Basic,paid_search,18.37,3,24.0,0,0,0
C104424,2022-08-18,16,Basic,referral,18.87,0,,0,0,0
C106729,2022-08-18,16,Premium,paid_search,84.21,1,10.0,0,0,0
C105764,2022-08-18,16,Standard,organic,30.15,2,3.0,0,0,0
C104273,2022-08-18,16,Standard,paid_search,41.21,0,0.0,1,0,0
C100446,2022-08-18,16,Basic,paid_search,19.97,1,8.0,0,0,0
C107850,2022-08-18,16,Basic,paid_search,22.36,1,16.0,0,0,0
C106094,2022-08-18,16,Premium,paid_search,98.94,0,2.0,0,0,0
C105568,2022-08-18,16,Basic,organic,16.78,1,0.0,0,0,0
C106049,2022-08-18,16,Standard,paid_search,36.18,2,1.0,0,0,0
C101013,2022-08-18,16,Standard,organic,42.28,1,3.0,1,0,0
C102433,2022-08-18,16,Premium,referral,86.7,0,13.0,0,0,0
C105320,2022-08-18,16,Standard,organic,42.96,3,18.0,1,0,0
C101033,2022-08-18,16,Standard,organic,34.12,0,22.0,0,0,0
C100747,2022-08-18,16,Standard,organic,32.5,1,,0,0,0
C104439,2022-08-18,16,Basic,organic,17.85,0,6.0,1,0,0
C103163,2022-08-18,16,Standard,organic,36.72,0,5.0,0,0,0
C102166,2022-08-19,16,Standard,paid_search,41.5,1,0.0,0,0,0
C107921,2022-08-19,16,Standard,referral,38.77,1,18.0,0,0,0
C106171,2022-08-19,16,Basic,referral,14.59,0,5.0,0,0,0
C100367,2022-08-19,16,Standard,organic,38.21,1,1.0,0,0,0
C105080,2022-08-19,16,Standard,referral,42.28,1,,0,0,0
C100308,2022-08-19,16,Premium,paid_search,106.89,0,10.0,0,0,0
C103789,2022-08-19,16,Basic,referral,19.19,1,9.0,0,0,0
C102866,2022-08-19,16,Standard,paid_search,42.19,2,10.0,0,0,0
C100987,2022-08-19,16,Basic,organic,15.59,1,1.0,0,0,0
C100798,2022-08-19,16,Premium,paid_search,80.78,1,7.0,0,0,0
C105527,2022-08-19,16,Basic,referral,19.78,0,2.0,0,0,0
C106880,2022-08-19,16,Basic,organic,20.09,0,2.0,0,0,0
C105725,2022-08-20,16,Standard,paid_search,48.5,0,11.0,0,0,0
C106140,2022-08-20,16,Basic,paid_search,19.24,1,5.0,0,0,0
C104000,2022-08-20,16,Standard,paid_search,38.52,0,,1,0,0
C101585,2022-08-20,16,Premium,partner,87.88,0,2.0,1,0,0
C106022,2022-08-20,16,Basic,organic,22.29,0,16.0,1,0,0
C104376,2022-08-20,16,Standard,organic,42.47,0,8.0,1,0,0
C105030,2022-08-20,16,Basic,referral,22.9,1,18.0,0,0,0
C100337,2022-08-20,16,Basic,paid_search,24.31,1,0.0,0,0,0
C100967,2022-08-20,16,Basic,organic,18.27,4,0.0,0,0,0
C107309,2022-08-20,16,Basic,paid_search,22.46,1,2.0,1,0,0
C101176,2022-08-20,16,Basic,paid_search,13.06,1,9.0,0,0,0
C101603,2022-08-20,16,Premium,organic,59.88,0,,0,0,0
C100553,2022-08-21,16,Standard,paid_search,35.54,0,,0,0,0
C102271,2022-08-21,16,Basic,referral,14.8,2,22.0,1,0,0
C101755,2022-08-21,16,Standard,referral,23.73,0,0.0,1,0,0
C101438,2022-08-21,16,Premium,organic,50.61,1,6.0,1,0,0
C102015,2022-08-21,16,Basic,paid_search,16.34,2,6.0,0,0,0
C101526,2022-08-21,16,Basic,referral,24.95,0,4.0,0,0,0
C106721,2022-08-21,16,Basic,referral,26.05,1,,0,0,0
C101575,2022-08-21,16,Basic,referral,13.56,0,13.0,0,0,0
C106603,2022-08-21,16,Standard,paid_search,40.46,0,5.0,0,0,0
C100524,2022-08-21,16,Standard,paid_search,46.1,0,10.0,0,0,0
C105097,2022-08-22,16,Basic,paid_search,20.83,1,7.0,0,0,0
C101434,2022-08-22,16,Standard,referral,45.23,0,12.0,0,0,0
C102270,2022-08-22,16,Standard,partner,22.52,1,1.0,0,0,0
C102483,2022-08-22,16,Standard,organic,36.82,2,24.0,0,0,0
C104475,2022-08-22,16,Basic,referral,21.53,1,1.0,0,0,0
C100402,2022-08-22,16,Basic,paid_search,21.65,0,12.0,0,0,0
C106128,2022-08-22,16,Basic,partner,17.61,2,12.0,0,0,0
C105933,2022-08-22,16,Basic,partner,17.62,2,28.0,0,3,1
C103446,2022-08-22,16,Standard,paid_search,42.52,2,,0,0,0
C102129,2022-08-22,16,Basic,organic,19.95,2,3.0,0,0,0
C102291,2022-08-23,16,Premium,paid_search,65.1,1,22.0,0,0,0
C107130,2022-08-23,16,Basic,paid_search,16.24,1,7.0,0,0,0
C100320,2022-08-23,16,Standard,paid_search,44.92,0,8.0,0,0,0
C101949,2022-08-23,16,Standard,paid_search,43.65,0,4.0,0,0,0
C106618,2022-08-23,16,Premium,paid_search,95.49,1,14.0,0,0,0
C102551,2022-08-23,16,Basic,organic,17.35,0,5.0,0,0,0
C107237,2022-08-23,16,Standard,organic,47.68,1,2.0,0,0,0
C106194,2022-08-23,16,Basic,organic,23.46,0,5.0,0,0,0
C103755,2022-08-23,16,Premium,organic,84.5,0,1.0,1,0,0
C105873,2022-08-23,16,Basic,paid_search,20.4,1,0.0,0,0,0
C100594,2022-08-23,16,Basic,paid_search,14.0,1,2.0,1,0,0
C102587,2022-08-23,16,Premium,organic,62.38,0,6.0,0,0,0
C105707,2022-08-23,16,Premium,organic,84.11,2,12.0,0,0,0
C102927,2022-08-23,16,Premium,referral,76.23,0,16.0,0,0,0
C100166,2022-08-23,16,Basic,paid_search,17.38,0,29.0,1,0,0
C105130,2022-08-24,16,Basic,partner,26.57,1,3.0,0,0,0
C107149,2022-08-24,16,Standard,organic,34.39,2,6.0,1,0,0
C106479,2022-08-24,16,Premium,organic,77.3,1,1.0,0,0,0
C107892,2022-08-24,16,Standard,referral,28.27,0,1.0,0,0,0
C101403,2022-08-24,16,Basic,paid_search,19.06,1,14.0,0,0,0
C107353,2022-08-24,16,Basic,organic,17.51,1,2.0,0,0,0
C101503,2022-08-24,16,Standard,organic,27.74,1,,0,0,0
C104409,2022-08-24,16,Standard,paid_search,38.16,0,5.0,0,0,0
C106875,2022-08-24,16,Standard,paid_search,42.07,0,,0,0,0
C100606,2022-08-24,16,Premium,paid_search,62.22,2,14.0,0,0,0
C103734,2022-08-24,16,Standard,referral,35.16,1,2.0,0,0,0
C102151,2022-08-24,16,Standard,paid_search,39.04,0,20.0,0,3,1
C104867,2022-08-24,16,Basic,paid_search,19.73,2,4.0,1,0,0
C102525,2022-08-25,16,Premium,paid_search,69.28,1,10.0,0,0,0
C104109,2022-08-25,16,Standard,partner,40.53,1,9.0,0,0,0
C107987,2022-08-25,16,Basic,paid_search,25.0,1,2.0,0,0,0
C107886,2022-08-25,16,Premium,organic,70.79,0,3.0,0,0,0
C105893,2022-08-25,16,Premium,organic,72.22,0,5.0,0,0,0
C107731,2022-08-25,16,Basic,organic,24.63,0,30.0,0,0,0
C104050,2022-08-25,16,Basic,referral,20.06,1,0.0,0,0,0
C104074,2022-08-25,16,Premium,paid_search,77.18,0,13.0,0,0,0
C102282,2022-08-25,16,Basic,referral,19.63,0,,0,2,1
C106557,2022-08-25,16,Basic,organic,19.8,1,7.0,0,0,0
C104611,2022-08-25,16,Standard,organic,28.48,1,20.0,0,0,0
C105916,2022-08-26,16,Standard,paid_search,43.18,1,18.0,0,0,0
C102920,2022-08-26,16,Standard,paid_search,50.24,2,10.0,0,0,0
C104680,2022-08-26,16,Basic,organic,17.17,0,2.0,0,0,0
C102082,2022-08-26,16,Standard,organic,31.84,1,,0,0,0
C100065,2022-08-26,16,Standard,paid_search,33.18,0,,0,0,0
C101387,2022-08-26,16,Basic,referral,24.03,2,2.0,0,0,0
C106538,2022-08-26,16,Standard,paid_search,32.1,0,5.0,1,0,0
C107583,2022-08-26,16,Basic,organic,19.6,1,2.0,0,0,0
C102306,2022-08-26,16,Standard,organic,47.08,0,4.0,1,0,0
C101248,2022-08-26,16,Basic,partner,16.72,0,16.0,0,0,0
C105108,2022-08-26,16,Standard,paid_search,39.59,1,14.0,0,0,0
C103858,2022-08-26,16,Premium,referral,63.22,2,5.0,0,0,0
C107523,2022-08-27,16,Basic,paid_search,21.6,0,8.0,1,0,0
C102536,2022-08-27,16,Basic,organic,18.05,1,4.0,1,0,0
C102346,2022-08-27,16,Premium,organic,94.14,0,1.0,0,0,0
C106037,2022-08-27,16,Standard,paid_search,36.22,0,0.0,1,0,0
C104440,2022-08-27,16,Standard,organic,40.06,2,,0,0,0
C103693,2022-08-27,16,Basic,referral,22.64,1,6.0,0,0,0
C102091,2022-08-27,16,Basic,paid_search,23.61,1,6.0,0,0,0
C104256,2022-08-27,16,Standard,paid_search,33.73,1,1.0,0,0,0
C106640,2022-08-27,16,Standard,organic,47.44,1,5.0,0,0,1
C104743,2022-08-27,16,Standard,paid_search,40.38,0,21.0,0,0,0
C100631,2022-08-28,16,Basic,referral,17.48,5,,0,0,0
C101094,2022-08-28,16,Premium,organic,79.36,0,,0,0,0
C101914,2022-08-28,16,Basic,partner,22.35,0,,0,0,0
C107223,2022-08-28,16,Standard,paid_search,41.27,1,11.0,1,2,1
C104255,2022-08-28,16,Basic,organic,20.61,0,15.0,0,0,0
C104040,2022-08-28,16,Basic,partner,18.46,3,1.0,0,0,0
C100645,2022-08-28,16,Premium,partner,89.6,1,10.0,0,0,0
C103042,2022-08-28,16,Basic,organic,21.9,1,,0,2,1
C104337,2022-08-28,16,Basic,partner,23.69,1,13.0,0,2,0
C107655,2022-08-28,16,Standard,paid_search,46.85,1,5.0,1,0,0
C107183,2022-08-28,16,Premium,paid_search,70.02,1,4.0,0,0,0
C106897,2022-08-28,16,Standard,partner,35.65,1,,0,0,0
C103606,2022-08-28,16,Standard,organic,44.27,3,9.0,0,0,0
C102150,2022-08-28,16,Standard,organic,29.62,0,8.0,0,0,0
C100253,2022-08-29,16,Standard,organic,32.0,1,1.0,0,0,0
C104817,2022-08-29,16,Standard,organic,42.56,0,1.0,0,0,0
C106734,2022-08-29,16,Basic,partner,16.59,1,4.0,1,0,0
C105076,2022-08-29,16,Standard,organic,31.69,1,5.0,0,0,0
C105767,2022-08-29,16,Standard,paid_search,34.38,3,13.0,0,4,1
C106707,2022-08-29,16,Standard,organic,41.15,1,2.0,0,0,0
C106873,2022-08-29,16,Basic,paid_search,26.38,0,1.0,0,0,0
C106698,2022-08-29,16,Premium,organic,82.0,1,6.0,0,0,0
C104150,2022-08-29,16,Standard,organic,28.15,0,3.0,0,0,0
C104496,2022-08-29,16,Basic,referral,6.93,1,5.0,2,0,0
C102575,2022-08-29,16,Standard,organic,47.91,2,4.0,0,0,0
C105613,2022-08-29,16,Basic,paid_search,19.52,1,13.0,0,0,0
C107089,2022-08-29,16,Standard,paid_search,33.83,0,2.0,0,0,0
C106439,2022-08-30,16,Basic,organic,24.86,1,,1,0,0
C106213,2022-08-30,16,Standard,organic,42.43,0,8.0,2,0,0
C105830,2022-08-30,16,Standard,paid_search,33.04,0,26.0,0,0,0
C100076,2022-08-30,16,Standard,paid_search,50.11,0,9.0,0,0,0
C103622,2022-08-30,16,Basic,organic,16.91,1,2.0,0,0,0
C106245,2022-08-30,16,Standard,referral,27.87,0,3.0,0,0,0
C106731,2022-08-30,16,Basic,organic,23.69,3,3.0,0,0,0
C105756,2022-08-30,16,Standard,organic,25.68,2,29.0,0,0,0
C102649,2022-08-30,16,Basic,paid_search,17.52,0,8.0,0,0,0
C102068,2022-08-30,16,Basic,paid_search,22.18,0,2.0,0,0,0
C104950,2022-08-30,16,Basic,referral,24.23,3,1.0,0,0,0
C105770,2022-08-30,16,Basic,partner,16.24,1,3.0,1,0,0
C104924,2022-08-30,16,Basic,referral,15.12,3,3.0,1,0,0
C101144,2022-08-30,16,Basic,paid_search,18.31,0,0.0,0,0,0
C101513,2022-08-30,16,Basic,paid_search,12.03,3,5.0,0,0,0
C103573,2022-08-30,16,Basic,referral,22.22,1,0.0,0,0,0
C104652,2022-08-30,16,Premium,referral,73.16,1,5.0,0,0,0
C107413,2022-08-30,16,Standard,paid_search,25.99,0,15.0,0,0,0
C103771,2022-08-30,16,Basic,organic,15.88,2,23.0,0,0,0
C101776,2022-08-31,16,Standard,paid_search,35.33,0,3.0,1,0,0
C100293,2022-08-31,16,Standard,paid_search,21.02,0,14.0,0,0,0
C106243,2022-08-31,16,Basic,paid_search,22.59,1,2.0,0,0,0
C106311,2022-08-31,16,Standard,organic,26.21,1,1.0,0,0,0
C105432,2022-08-31,16,Standard,organic,29.97,2,11.0,0,0,0
C103521,2022-08-31,16,Basic,paid_search,15.49,0,13.0,1,0,0
C106016,2022-08-31,16,Standard,partner,43.96,1,1.0,0,0,0
C103769,2022-09-01,16,Standard,referral,24.35,0,10.0,0,0,0
C105467,2022-09-01,16,Standard,organic,41.24,2,5.0,0,0,0
C100486,2022-09-01,16,Standard,organic,44.29,1,16.0,0,0,0
C106672,2022-09-01,16,Basic,organic,15.91,3,21.0,0,0,0
C102159,2022-09-01,16,Premium,partner,70.28,1,15.0,0,0,0
C101493,2022-09-01,16,Basic,paid_search,25.62,1,5.0,0,0,0
C101904,2022-09-01,16,Standard,organic,26.56,0,2.0,0,0,0
C101068,2022-09-01,16,Basic,organic,14.96,0,,0,0,0
C101029,2022-09-01,16,Basic,organic,17.46,0,13.0,1,0,0
C100737,2022-09-01,16,Basic,partner,17.75,0,20.0,0,0,0
C107334,2022-09-01,16,Basic,referral,18.83,1,,0,0,0
C101510,2022-09-01,16,Basic,organic,21.42,0,7.0,0,0,0
C104412,2022-09-01,16,Standard,paid_search,41.62,0,7.0,1,0,0
C104776,2022-09-02,16,Basic,paid_search,23.08,1,2.0,0,0,0
C100168,2022-09-02,16,Standard,organic,34.04,0,11.0,1,0,0
C105173,2022-09-02,16,Basic,organic,19.51,0,2.0,0,0,0
C106610,2022-09-02,16,Basic,paid_search,20.01,0,1.0,0,0,0
C103658,2022-09-02,16,Basic,paid_search,14.57,1,1.0,0,0,0
C102636,2022-09-02,16,Basic,referral,16.63,1,,1,0,0
C100370,2022-09-02,16,Basic,partner,22.6,0,6.0,0,0,0
C107902,2022-09-02,16,Standard,partner,35.23,2,7.0,1,0,0
C103995,2022-09-02,16,Basic,paid_search,11.14,0,8.0,0,0,0
C104048,2022-09-03,16,Standard,partner,33.91,0,7.0,0,0,0
C105911,2022-09-03,16,Standard,referral,49.98,0,4.0,0,0,0
C107930,2022-09-03,16,Standard,partner,36.88,0,0.0,0,0,0
C103433,2022-09-03,16,Basic,referral,26.33,0,5.0,0,0,0
C102203,2022-09-03,16,Basic,referral,17.2,0,0.0,0,0,0
C103394,2022-09-03,16,Premium,organic,101.95,3,3.0,0,0,0
C104240,2022-09-03,16,Basic,paid_search,26.61,0,8.0,0,0,0
C104388,2022-09-03,16,Basic,paid_search,23.38,1,,0,0,0
C106891,2022-09-03,16,Basic,paid_search,26.42,0,0.0,0,0,0
C106300,2022-09-03,16,Basic,referral,16.67,0,14.0,0,0,0
C105600,2022-09-03,16,Standard,paid_search,44.73,1,9.0,0,0,0
C104099,2022-09-03,16,Premium,partner,83.72,0,88.0,0,2,1
C102366,2022-09-04,16,Basic,referral,22.05,0,1.0,1,0,0
C103826,2022-09-04,16,Standard,paid_search,31.51,2,7.0,1,0,0
C104888,2022-09-04,16,Standard,organic,31.96,0,7.0,0,0,0
C104967,2022-09-04,16,Basic,organic,15.84,0,3.0,0,0,0
C101770,2022-09-04,16,Standard,partner,38.11,0,7.0,0,0,0
C100626,2022-09-04,16,Premium,paid_search,71.88,1,14.0,1,0,0
C107535,2022-09-04,16,Basic,referral,17.88,1,8.0,0,0,0
C102322,2022-09-04,16,Premium,referral,73.89,2,2.0,1,0,0
C106153,2022-09-04,16,Basic,organic,14.51,0,8.0,0,0,0
C104253,2022-09-05,16,Premium,organic,91.41,0,1.0,0,0,0
C100198,2022-09-05,16,Basic,paid_search,17.43,2,8.0,0,0,0
C107920,2022-09-05,16,Standard,organic,41.31,0,2.0,0,0,0
C105085,2022-09-05,16,Basic,organic,21.04,1,22.0,0,0,0
C101899,2022-09-05,16,Basic,paid_search,20.17,1,29.0,0,0,0
C101175,2022-09-05,16,Basic,organic,17.59,0,12.0,0,0,0
C104461,2022-09-05,16,Standard,partner,41.09,1,5.0,1,0,0
C103084,2022-09-05,16,Standard,organic,42.51,2,8.0,0,0,0
C105932,2022-09-05,16,Standard,organic,43.42,0,6.0,0,0,0
C104939,2022-09-05,16,Premium,organic,92.74,1,0.0,0,0,0
C104565,2022-09-05,16,Basic,paid_search,18.85,1,,0,0,0
C101141,2022-09-05,16,Standard,organic,38.62,1,18.0,0,0,0
C107332,2022-09-05,16,Basic,referral,11.23,0,4.0,0,0,0
C101781,2022-09-05,16,Premium,partner,84.96,1,0.0,0,0,0
C107997,2022-09-05,16,Basic,referral,21.5,1,2.0,0,0,0
C103250,2022-09-05,16,Standard,referral,43.37,0,4.0,0,0,0
C106529,2022-09-05,16,Standard,organic,25.6,0,7.0,0,0,0
C105292,2022-09-05,16,Standard,partner,24.68,1,2.0,0,1,0
C103596,2022-09-05,16,Basic,organic,22.39,1,68.0,0,2,1
C102460,2022-09-06,16,Basic,paid_search,23.52,0,8.0,0,3,1
C106681,2022-09-06,16,Premium,paid_search,86.28,1,1.0,0,0,0
C103728,2022-09-06,16,Standard,partner,28.72,2,0.0,1,0,0
C101159,2022-09-06,16,Basic,organic,22.97,0,,0,0,0
C103486,2022-09-06,16,Basic,organic,19.09,0,6.0,0,0,0
C106996,2022-09-06,16,Basic,paid_search,12.06,2,2.0,1,0,0
C106962,2022-09-06,16,Premium,referral,80.36,2,13.0,0,0,0
C103985,2022-09-06,16,Basic,organic,25.49,2,15.0,0,0,0
C101973,2022-09-07,16,Premium,paid_search,81.58,1,,0,0,0
C102490,2022-09-07,16,Basic,referral,23.36,1,15.0,0,0,0
C101977,2022-09-07,16,Basic,partner,28.49,2,13.0,0,0,0
C104217,2022-09-07,16,Standard,paid_search,42.01,2,15.0,0,4,1
C102073,2022-09-07,16,Basic,paid_search,23.03,1,7.0,0,0,0
C107250,2022-09-07,16,Standard,paid_search,55.84,0,8.0,0,0,0
C107080,2022-09-07,16,Standard,paid_search,46.35,1,11.0,1,0,0
C105858,2022-09-07,16,Standard,organic,29.23,1,1.0,1,0,0
C105359,2022-09-07,16,Basic,referral,20.09,2,2.0,0,0,0
C106843,2022-09-07,16,Standard,organic,45.59,1,,0,0,0
C106350,2022-09-07,16,Basic,paid_search,21.2,1,31.0,0,0,0
C102326,2022-09-07,16,Premium,organic,92.71,2,3.0,0,0,0
C103212,2022-09-07,16,Standard,paid_search,37.55,2,1.0,0,0,0
C104254,2022-09-07,16,Standard,organic,40.95,1,0.0,0,0,0
C101329,2022-09-07,16,Basic,paid_search,18.23,0,12.0,0,0,0
C102484,2022-09-08,16,Premium,paid_search,47.14,0,4.0,0,0,0
C107511,2022-09-08,16,Premium,organic,66.74,0,32.0,0,1,0
C104782,2022-09-08,16,Premium,organic,62.93,0,,0,0,0
C101371,2022-09-08,16,Premium,paid_search,82.3,1,9.0,0,0,0
C105255,2022-09-08,16,Basic,paid_search,24.24,2,22.0,0,0,0
C103090,2022-09-08,16,Standard,organic,38.01,0,7.0,1,0,0
C107873,2022-09-08,16,Basic,organic,21.05,1,,0,0,0
C100990,2022-09-08,16,Basic,paid_search,21.21,1,2.0,0,0,0
C101710,2022-09-08,16,Standard,organic,32.6,0,1.0,0,0,0
C100196,2022-09-08,16,Basic,organic,23.36,1,1.0,0,0,0
C104191,2022-09-08,16,Premium,organic,54.02,1,16.0,0,0,0
C101646,2022-09-08,16,Standard,paid_search,42.7,0,6.0,1,0,0
C102029,2022-09-08,16,Basic,referral,25.59,2,5.0,0,0,0
C107727,2022-09-08,16,Standard,organic,37.78,0,9.0,0,0,0
C101792,2022-09-08,16,Basic,organic,19.69,1,11.0,0,0,0
C103173,2022-09-09,16,Standard,referral,43.81,2,16.0,0,0,0
C101356,2022-09-09,16,Standard,organic,41.74,0,1.0,0,0,0
C107105,2022-09-09,16,Basic,organic,12.85,2,5.0,0,0,0
C106536,2022-09-09,16,Standard,organic,46.43,1,5.0,0,0,0
C104202,2022-09-09,16,Basic,organic,19.83,0,10.0,0,0,0
C104438,2022-09-09,16,Premium,paid_search,81.9,0,,0,0,0
C102739,2022-09-09,16,Basic,referral,21.03,3,4.0,0,0,0
C107929,2022-09-09,16,Premium,partner,80.18,0,4.0,0,0,0
C104065,2022-09-09,16,Basic,partner,11.37,1,7.0,0,0,0
C106848,2022-09-10,16,Standard,partner,39.02,0,4.0,0,0,0
C106723,2022-09-10,16,Basic,referral,19.55,1,14.0,1,0,0
C107347,2022-09-10,16,Basic,organic,14.77,0,11.0,0,0,0
C101235,2022-09-10,16,Standard,organic,45.49,0,1.0,0,0,0
C104499,2022-09-10,16,Basic,organic,21.67,0,1.0,0,0,0
C106493,2022-09-10,16,Basic,partner,19.06,0,2.0,0,0,0
C102589,2022-09-10,16,Standard,paid_search,28.6,0,21.0,0,0,0
C103557,2022-09-10,16,Basic,organic,19.47,0,19.0,0,0,0
C106458,2022-09-10,16,Basic,referral,20.42,1,,0,0,0
C105254,2022-09-10,16,Standard,paid_search,35.66,0,5.0,0,0,0
C107845,2022-09-10,16,Standard,organic,34.98,1,3.0,0,0,0
C104900,2022-09-10,16,Basic,organic,19.42,4,18.0,0,0,0
C101591,2022-09-10,16,Standard,paid_search,32.07,1,4.0,1,0,0
C101406,2022-09-11,16,Basic,organic,18.74,0,1.0,0,0,0
C101382,2022-09-11,16,Standard,organic,43.46,1,25.0,0,0,1
C102909,2022-09-11,16,Basic,paid_search,20.0,1,3.0,0,0,0
C100138,2022-09-11,16,Standard,referral,31.2,1,0.0,0,0,0
C102997,2022-09-11,16,Basic,organic,22.87,0,0.0,0,0,0
C104228,2022-09-11,16,Premium,organic,70.4,0,1.0,0,0,0
C100267,2022-09-11,16,Standard,organic,36.01,1,19.0,0,0,0
C107373,2022-09-12,16,Premium,paid_search,82.51,2,4.0,0,0,0
C101756,2022-09-12,16,Basic,partner,16.35,0,7.0,0,0,0
C102424,2022-09-12,16,Basic,organic,25.3,0,0.0,1,0,0
C107577,2022-09-12,16,Basic,paid_search,24.24,0,3.0,1,3,1
C104312,2022-09-12,16,Basic,partner,18.45,0,28.0,0,0,0
C103453,2022-09-12,16,Standard,organic,29.13,0,3.0,0,0,0
C106924,2022-09-12,16,Basic,organic,22.73,2,6.0,0,0,0
C104830,2022-09-12,16,Basic,organic,22.75,0,1.0,0,0,0
C101311,2022-09-12,16,Basic,paid_search,21.88,3,,0,0,0
C104175,2022-09-12,16,Premium,referral,60.5,1,0.0,0,0,0
C103020,2022-09-13,16,Premium,referral,97.67,2,28.0,0,4,1
C103509,2022-09-13,16,Standard,organic,32.69,2,6.0,0,0,0
C106042,2022-09-13,16,Standard,paid_search,31.12,1,30.0,0,0,0
C104738,2022-09-13,16,Standard,referral,33.68,1,7.0,0,0,0
C103716,2022-09-13,16,Standard,organic,43.69,0,8.0,0,0,0
C107293,2022-09-13,16,Standard,organic,36.84,2,,1,0,0
C107378,2022-09-13,16,Standard,paid_search,36.24,2,5.0,0,0,0
C102584,2022-09-13,16,Standard,referral,29.61,0,5.0,0,0,0
C100978,2022-09-14,16,Standard,organic,34.66,1,1.0,0,0,0
C101362,2022-09-14,16,Basic,organic,17.1,0,1.0,0,0,0
C106671,2022-09-14,16,Standard,paid_search,30.61,3,12.0,0,0,0
C105219,2022-09-14,16,Basic,paid_search,20.31,0,1.0,1,0,0
C104516,2022-09-14,16,Premium,paid_search,79.9,1,3.0,0,0,0
C103405,2022-09-14,16,Basic,partner,16.37,2,5.0,1,0,0
C104349,2022-09-14,16,Basic,organic,24.18,0,,0,0,0
C105567,2022-09-14,16,Standard,paid_search,30.98,0,4.0,0,0,0
C105244,2022-09-14,16,Basic,referral,20.55,0,2.0,0,0,0
C105040,2022-09-14,16,Basic,paid_search,19.32,0,11.0,2,0,0
C106421,2022-09-14,16,Basic,organic,14.04,0,,0,0,0
C105240,2022-09-14,16,Basic,organic,17.78,0,13.0,0,1,1
C104266,2022-09-14,16,Premium,paid_search,96.07,3,5.0,0,0,0
C102281,2022-09-15,16,Basic,organic,15.81,0,,0,0,0
C105168,2022-09-15,16,Basic,referral,12.37,0,0.0,0,0,0
C103853,2022-09-15,16,Standard,paid_search,32.65,1,10.0,0,0,0
C104010,2022-09-15,16,Premium,organic,70.12,0,0.0,0,0,0
C104629,2022-09-15,16,Premium,organic,100.6,0,7.0,0,0,0
C104382,2022-09-15,16,Basic,referral,22.85,1,32.0,0,2,1
C105670,2022-09-15,16,Basic,paid_search,13.97,0,9.0,0,0,0
C105595,2022-09-15,16,Standard,organic,44.85,0,12.0,0,0,0
C107234,2022-09-15,16,Standard,partner,14.68,0,5.0,0,0,0
C106581,2022-09-15,16,Basic,referral,14.94,0,1.0,0,0,0
C104244,2022-09-15,16,Premium,organic,102.81,1,3.0,1,0,0
C105416,2022-09-15,16,Basic,organic,24.27,0,18.0,0,0,0
C106850,2022-09-15,16,Standard,organic,30.55,0,15.0,0,0,0
C105551,2022-09-16,16,Basic,organic,18.58,0,0.0,0,0,0
C100043,2022-09-16,16,Premium,organic,100.79,0,2.0,0,0,0
C106305,2022-09-16,16,Standard,referral,34.4,0,8.0,0,0,0
C101830,2022-09-17,15,Standard,organic,24.59,0,2.0,0,0,0
C104173,2022-09-17,15,Standard,organic,40.83,0,1.0,0,0,0
C105164,2022-09-17,15,Standard,referral,43.74,1,0.0,0,0,0
C102884,2022-09-17,15,Premium,referral,105.02,1,12.0,0,0,0
C104441,2022-09-17,15,Basic,partner,22.3,0,7.0,0,0,0
C106477,2022-09-17,15,Basic,paid_search,18.29,0,16.0,0,0,0
C107550,2022-09-17,15,Basic,referral,20.13,1,4.0,0,0,0
C103406,2022-09-17,15,Premium,organic,79.86,2,1.0,0,0,0
C106433,2022-09-17,15,Standard,paid_search,46.67,2,1.0,0,0,0
C105445,2022-09-17,15,Basic,paid_search,22.34,1,3.0,0,0,0
C107760,2022-09-18,15,Basic,referral,22.06,2,10.0,1,0,0
C107568,2022-09-18,15,Basic,partner,19.55,2,27.0,0,0,0
C107680,2022-09-18,15,Basic,organic,18.86,1,,0,0,0
C106711,2022-09-18,15,Basic,paid_search,17.55,1,3.0,0,0,0
C102489,2022-09-18,15,Premium,organic,73.58,0,10.0,0,0,0
C107220,2022-09-18,15,Basic,organic,17.03,3,2.0,0,0,0
C103130,2022-09-19,15,Standard,referral,38.06,2,7.0,0,0,0
C100520,2022-09-19,15,Basic,paid_search,18.87,0,5.0,0,0,0
C101684,2022-09-19,15,Basic,organic,18.37,0,7.0,0,0,0
C103053,2022-09-19,15,Basic,paid_search,21.69,1,8.0,0,0,0
C102561,2022-09-19,15,Basic,partner,22.36,2,40.0,0,0,0
C105032,2022-09-20,15,Basic,paid_search,14.43,1,4.0,0,0,0
C103847,2022-09-20,15,Basic,organic,22.72,0,1.0,0,0,0
C105372,2022-09-20,15,Standard,referral,42.07,0,12.0,1,0,0
C103856,2022-09-20,15,Basic,referral,24.02,1,1.0,0,0,0
C107880,2022-09-20,15,Standard,organic,29.1,0,6.0,0,0,0
C101926,2022-09-20,15,Standard,organic,32.51,1,7.0,0,0,0
C103464,2022-09-20,15,Premium,referral,107.63,2,9.0,0,0,0
C107341,2022-09-20,15,Basic,paid_search,26.66,1,,0,0,0
C103710,2022-09-20,15,Basic,partner,18.69,0,8.0,0,1,0
C101698,2022-09-20,15,Premium,organic,72.19,3,15.0,1,0,0
C102758,2022-09-20,15,Basic,organic,22.64,0,4.0,1,0,0
C104785,2022-09-20,15,Basic,paid_search,12.9,1,10.0,0,0,0
C102849,2022-09-21,15,Premium,organic,82.69,1,,1,0,0
C103085,2022-09-21,15,Standard,referral,49.05,1,0.0,1,0,0
C102485,2022-09-21,15,Premium,paid_search,80.39,1,6.0,0,0,0
C101924,2022-09-21,15,Standard,paid_search,39.46,0,5.0,0,0,0
C101571,2022-09-21,15,Basic,organic,21.45,0,37.0,0,1,1
C102052,2022-09-21,15,Premium,partner,93.19,0,9.0,0,0,0
C104181,2022-09-21,15,Standard,referral,45.3,0,4.0,0,0,0
C100764,2022-09-21,15,Basic,paid_search,14.96,0,16.0,0,0,0
C100997,2022-09-21,15,Standard,organic,46.18,0,5.0,0,0,0
C105489,2022-09-21,15,Premium,referral,78.74,1,4.0,0,0,0
C100193,2022-09-22,15,Premium,organic,90.38,2,,1,2,0
C102440,2022-09-22,15,Standard,organic,41.58,0,4.0,0,0,0
C102826,2022-09-22,15,Basic,referral,15.13,1,3.0,1,0,0
C102190,2022-09-22,15,Premium,organic,65.19,1,0.0,0,1,0
C102144,2022-09-22,15,Standard,paid_search,25.08,1,4.0,0,0,0
C101772,2022-09-22,15,Basic,paid_search,20.04,3,1.0,0,0,0
C100300,2022-09-23,15,Standard,organic,23.94,1,17.0,1,0,0
C102892,2022-09-23,15,Basic,organic,15.76,1,3.0,0,0,0
C106748,2022-09-23,15,Basic,organic,21.99,1,50.0,0,7,1
C106887,2022-09-23,15,Premium,organic,50.58,1,,0,0,0
C100745,2022-09-23,15,Basic,organic,25.24,0,2.0,0,0,0
C103236,2022-09-23,15,Basic,paid_search,16.58,1,7.0,0,0,0
C100052,2022-09-23,15,Standard,organic,30.96,3,,0,0,0
C107233,2022-09-24,15,Standard,partner,45.3,1,2.0,0,0,0
C102762,2022-09-24,15,Premium,paid_search,94.03,0,1.0,0,1,0
C103100,2022-09-24,15,Basic,paid_search,23.61,1,26.0,0,0,0
C101359,2022-09-24,15,Standard,organic,38.02,0,3.0,0,0,0
C103114,2022-09-24,15,Standard,organic,35.41,1,13.0,0,0,0
C105857,2022-09-24,15,Standard,paid_search,30.76,0,4.0,1,2,1
C106355,2022-09-24,15,Standard,organic,39.25,1,,0,0,0
C101051,2022-09-24,15,Basic,referral,18.86,0,7.0,0,0,0
C104749,2022-09-24,15,Standard,paid_search,37.39,2,10.0,0,0,0
C107705,2022-09-25,15,Basic,paid_search,23.45,0,0.0,0,0,0
C102200,2022-09-25,15,Standard,paid_search,34.34,1,13.0,0,0,0
C100200,2022-09-25,15,Basic,referral,14.79,2,11.0,0,0,0
C106669,2022-09-25,15,Basic,paid_search,20.39,0,2.0,0,0,0
C106466,2022-09-25,15,Basic,organic,17.02,1,5.0,0,0,0
C104092,2022-09-25,15,Basic,organic,20.33,0,,0,0,0
C100629,2022-09-25,15,Basic,referral,23.64,3,36.0,0,0,0
C103676,2022-09-25,15,Basic,referral,16.89,3,2.0,0,0,0
C102055,2022-09-25,15,Basic,organic,22.06,0,,0,0,0
C101137,2022-09-25,15,Basic,organic,17.63,2,2.0,1,0,0
C100062,2022-09-25,15,Basic,referral,17.51,3,,1,0,0
C104737,2022-09-25,15,Basic,partner,15.83,0,17.0,0,0,0
C105045,2022-09-26,15,Basic,partner,17.83,0,17.0,1,0,0
C100627,2022-09-26,15,Basic,organic,20.13,2,0.0,0,0,0
C107650,2022-09-26,15,Basic,paid_search,20.38,0,5.0,0,0,0
C102355,2022-09-26,15,Standard,referral,26.68,3,0.0,1,0,0
C100392,2022-09-26,15,Standard,referral,42.92,0,11.0,0,0,0
C104477,2022-09-26,15,Basic,paid_search,22.32,0,5.0,0,0,0
C104949,2022-09-26,15,Basic,organic,11.52,0,12.0,0,0,0
C103107,2022-09-27,15,Standard,organic,52.15,0,,0,0,0
C106988,2022-09-27,15,Basic,paid_search,21.07,0,,0,2,0
C104485,2022-09-27,15,Premium,partner,89.89,0,8.0,0,0,0
C102278,2022-09-27,15,Standard,paid_search,33.91,1,,1,0,0
C102766,2022-09-27,15,Premium,organic,62.81,0,12.0,0,0,0
C102586,2022-09-27,15,Basic,referral,16.97,1,9.0,1,0,0
C103010,2022-09-27,15,Basic,organic,20.67,1,0.0,0,0,0
C101270,2022-09-27,15,Premium,organic,64.69,0,2.0,0,0,0
C104675,2022-09-27,15,Standard,partner,25.1,1,3.0,1,0,0
C103947,2022-09-27,15,Basic,organic,18.88,0,25.0,0,0,0
C106814,2022-09-27,15,Basic,paid_search,22.29,0,7.0,0,0,0
C107741,2022-09-28,15,Basic,referral,17.89,1,30.0,1,4,1
C101150,2022-09-28,15,Standard,referral,38.61,0,5.0,1,0,0
C102406,2022-09-28,15,Premium,organic,74.46,0,3.0,0,0,0
C100908,2022-09-28,15,Standard,organic,41.38,0,2.0,0,0,0
C107374,2022-09-28,15,Basic,paid_search,22.08,0,1.0,1,0,0
C100331,2022-09-28,15,Premium,paid_search,77.61,1,5.0,0,0,0
C102695,2022-09-28,15,Basic,referral,17.05,4,2.0,0,0,0
C104946,2022-09-28,15,Basic,partner,19.19,2,8.0,1,0,0
C105194,2022-09-28,15,Standard,organic,42.39,1,5.0,0,0,0
C100021,2022-09-28,15,Basic,paid_search,22.44,2,,0,0,0
C106592,2022-09-28,15,Standard,paid_search,37.57,2,2.0,0,0,0
C107542,2022-09-28,15,Basic,referral,17.59,0,19.0,0,0,0
C105690,2022-09-28,15,Basic,organic,17.36,2,8.0,0,0,0
C100067,2022-09-28,15,Standard,partner,44.88,1,12.0,0,0,0
C101966,2022-09-28,15,Standard,paid_search,51.25,0,13.0,0,0,0
C103005,2022-09-28,15,Standard,organic,42.73,1,,0,0,0
C105148,2022-09-28,15,Basic,organic,20.55,0,0.0,0,0,0
C102414,2022-09-29,15,Standard,organic,38.4,0,7.0,0,0,0
C101936,2022-09-29,15,Basic,referral,18.21,0,18.0,0,0,0
C103253,2022-09-29,15,Standard,organic,39.87,0,7.0,1,0,0
C106064,2022-09-29,15,Standard,referral,37.48,1,1.0,0,0,0
C107969,2022-09-29,15,Basic,organic,20.52,2,,0,0,0
C105677,2022-09-29,15,Standard,paid_search,35.71,0,10.0,1,0,0
C101863,2022-09-29,15,Standard,paid_search,51.48,0,4.0,0,0,0
C107960,2022-09-29,15,Standard,paid_search,37.64,0,11.0,0,0,0
C103492,2022-09-29,15,Standard,partner,45.1,1,5.0,0,0,0
C101043,2022-09-29,15,Basic,referral,14.19,0,7.0,0,0,0
C106738,2022-09-29,15,Standard,organic,27.99,0,7.0,1,0,0
C102653,2022-09-30,15,Standard,paid_search,36.05,0,3.0,0,0,0
C106129,2022-09-30,15,Basic,paid_search,17.02,0,,0,0,0
C100575,2022-09-30,15,Basic,paid_search,29.15,0,6.0,0,0,0
C104170,2022-09-30,15,Premium,referral,68.84,3,1.0,0,0,0
C103024,2022-09-30,15,Basic,referral,17.83,0,1.0,0,0,0
C100373,2022-09-30,15,Basic,organic,19.54,1,17.0,1,0,0
C107510,2022-09-30,15,Basic,organic,15.06,0,5.0,0,0,0
C101267,2022-09-30,15,Premium,paid_search,106.95,1,6.0,0,0,0
C104039,2022-09-30,15,Premium,organic,104.12,0,1.0,0,0,0
C104957,2022-09-30,15,Standard,paid_search,26.77,1,1.0,1,0,0
C107352,2022-09-30,15,Basic,referral,19.29,0,3.0,0,0,0
C107809,2022-10-01,15,Premium,paid_search,91.9,1,,0,0,0
C104344,2022-10-01,15,Premium,paid_search,75.42,3,5.0,0,0,0
C102679,2022-10-01,15,Standard,paid_search,39.05,0,13.0,0,0,0
C101856,2022-10-01,15,Standard,partner,44.97,1,24.0,1,0,0
C106948,2022-10-01,15,Standard,paid_search,41.04,0,3.0,0,0,0
C107692,2022-10-01,15,Basic,referral,18.53,1,1.0,1,0,0
C100497,2022-10-01,15,Standard,organic,40.0,2,25.0,0,0,0
C106684,2022-10-01,15,Standard,partner,35.55,0,11.0,1,0,0
C105091,2022-10-01,15,Standard,partner,46.81,0,2.0,1,0,0
C104954,2022-10-02,15,Standard,paid_search,38.95,1,7.0,0,0,0
C105699,2022-10-02,15,Basic,paid_search,19.51,1,7.0,1,0,0
C106279,2022-10-02,15,Premium,organic,63.27,1,9.0,0,0,0
C100769,2022-10-02,15,Standard,organic,37.82,1,4.0,0,0,0
C106224,2022-10-02,15,Standard,paid_search,31.48,1,6.0,0,0,0
C105234,2022-10-02,15,Basic,paid_search,14.99,1,3.0,0,0,0
C100912,2022-10-02,15,Basic,organic,27.59,1,,0,0,0
C105278,2022-10-03,15,Basic,organic,15.47,0,2.0,0,0,0
C106062,2022-10-03,15,Standard,referral,42.43,0,5.0,0,0,0
C106059,2022-10-03,15,Premium,referral,104.01,0,18.0,0,0,0
C103950,2022-10-03,15,Standard,paid_search,36.21,1,19.0,0,1,0
C105075,2022-10-03,15,Basic,paid_search,24.03,2,3.0,0,0,0
C104663,2022-10-03,15,Premium,paid_search,51.81,0,1.0,0,0,0
C104055,2022-10-03,15,Standard,partner,39.05,0,13.0,0,0,0
C101771,2022-10-03,15,Premium,organic,85.8,1,,0,0,0
C102723,2022-10-03,15,Basic,paid_search,19.82,0,0.0,0,0,0
C105140,2022-10-03,15,Basic,referral,16.87,2,,0,0,0
C101747,2022-10-03,15,Premium,paid_search,72.31,1,0.0,0,0,0
C104249,2022-10-04,15,Basic,referral,21.46,0,5.0,0,0,0
C102919,2022-10-04,15,Standard,paid_search,40.54,0,5.0,0,0,0
C102568,2022-10-04,15,Standard,organic,39.37,1,11.0,0,0,0
C104505,2022-10-04,15,Basic,referral,19.98,3,8.0,0,0,0
C103736,2022-10-04,15,Standard,organic,37.08,3,6.0,0,0,0
C104400,2022-10-04,15,Standard,partner,45.61,2,9.0,0,0,0
C102591,2022-10-04,15,Standard,partner,38.11,2,10.0,1,0,0
C101717,2022-10-04,15,Premium,organic,86.74,0,2.0,1,0,0
C103227,2022-10-04,15,Basic,referral,14.31,1,16.0,0,3,1
C105809,2022-10-04,15,Standard,referral,36.08,2,25.0,0,5,1
C107056,2022-10-04,15,Basic,paid_search,17.27,0,15.0,0,0,0
C107712,2022-10-04,15,Basic,paid_search,20.54,4,3.0,0,0,0
C103963,2022-10-04,15,Standard,partner,45.32,0,25.0,0,0,0
C101944,2022-10-05,15,Basic,organic,17.73,1,1.0,0,0,0
C100378,2022-10-05,15,Premium,referral,83.73,0,5.0,0,0,0
C102543,2022-10-05,15,Standard,partner,37.63,0,29.0,0,0,0
C107337,2022-10-05,15,Standard,partner,21.11,2,16.0,0,0,0
C100633,2022-10-05,15,Basic,paid_search,21.97,0,1.0,1,0,0
C103530,2022-10-05,15,Basic,partner,16.24,2,,1,0,0
C104880,2022-10-05,15,Standard,organic,37.52,1,5.0,1,0,0
C106081,2022-10-05,15,Basic,paid_search,22.32,1,3.0,0,0,0
C105682,2022-10-05,15,Premium,paid_search,84.13,1,14.0,0,0,0
C105701,2022-10-05,15,Basic,partner,19.1,0,,0,0,0
C104934,2022-10-05,15,Standard,paid_search,35.13,0,15.0,0,0,0
C105160,2022-10-06,15,Basic,referral,16.77,1,1.0,0,0,0
C104960,2022-10-06,15,Basic,partner,19.28,0,5.0,0,0,0
C100187,2022-10-06,15,Basic,organic,21.25,2,14.0,0,0,0
C107379,2022-10-06,15,Basic,referral,19.91,2,3.0,0,0,0
C107047,2022-10-06,15,Basic,organic,27.68,0,8.0,0,0,0
C107432,2022-10-06,15,Standard,paid_search,39.72,2,1.0,0,0,0
C101284,2022-10-06,15,Basic,partner,13.01,0,50.0,0,0,1
C105383,2022-10-06,15,Premium,referral,81.14,0,6.0,2,0,0
C103062,2022-10-07,15,Basic,paid_search,23.55,2,6.0,1,0,0
C102874,2022-10-07,15,Basic,paid_search,17.51,1,7.0,0,0,0
C104971,2022-10-07,15,Basic,partner,20.32,0,,0,0,0
C100757,2022-10-07,15,Premium,organic,75.16,1,,0,0,0
C101592,2022-10-07,15,Standard,paid_search,39.24,1,,0,0,0
C104384,2022-10-07,15,Basic,paid_search,19.88,1,19.0,0,7,1
C103814,2022-10-07,15,Standard,organic,39.72,2,2.0,0,0,0
C103423,2022-10-07,15,Standard,organic,41.76,0,4.0,0,0,0
C106066,2022-10-07,15,Basic,organic,24.66,3,17.0,0,0,0
C101880,2022-10-08,15,Basic,paid_search,16.86,0,1.0,0,0,0
C101016,2022-10-08,15,Standard,paid_search,39.66,1,,1,0,0
C104625,2022-10-08,15,Basic,paid_search,20.5,1,3.0,0,0,0
C102404,2022-10-08,15,Basic,partner,18.55,3,5.0,1,0,0
C101158,2022-10-08,15,Standard,partner,34.99,3,16.0,1,0,0
C102580,2022-10-08,15,Standard,referral,51.21,0,1.0,0,0,0
C105801,2022-10-08,15,Standard,referral,49.43,1,1.0,1,0,0
C101467,2022-10-08,15,Basic,referral,13.96,2,5.0,0,0,0
C101760,2022-10-08,15,Basic,paid_search,22.59,0,4.0,0,0,0
C104251,2022-10-09,15,Basic,referral,12.95,0,12.0,1,0,0
C105579,2022-10-09,15,Basic,paid_search,23.14,0,6.0,0,0,0
C107004,2022-10-09,15,Standard,paid_search,39.62,1,18.0,0,0,0
C104489,2022-10-09,15,Standard,organic,33.85,1,18.0,0,0,0
C102427,2022-10-09,15,Basic,organic,19.4,3,1.0,0,0,0
C100613,2022-10-09,15,Standard,referral,45.94,0,3.0,0,0,0
C102847,2022-10-10,15,Basic,paid_search,18.04,0,3.0,0,0,0
C107836,2022-10-10,15,Standard,partner,33.55,3,1.0,0,0,0
C101384,2022-10-10,15,Basic,paid_search,21.78,1,1.0,0,0,0
C103022,2022-10-10,15,Basic,referral,17.42,0,13.0,0,0,0
C100093,2022-10-10,15,Basic,organic,17.9,1,,0,0,0
C106926,2022-10-10,15,Standard,partner,33.16,1,35.0,0,2,1
C107827,2022-10-10,15,Basic,organic,20.68,2,21.0,0,0,0
C107151,2022-10-10,15,Basic,referral,16.26,0,22.0,1,0,0
C105405,2022-10-11,15,Standard,paid_search,39.02,0,8.0,1,0,0
C106391,2022-10-11,15,Premium,organic,75.32,1,10.0,0,0,0
C104497,2022-10-11,15,Premium,referral,77.57,0,,0,0,0
C102778,2022-10-11,15,Basic,partner,18.89,1,7.0,0,0,0
C101065,2022-10-11,15,Standard,organic,46.36,1,4.0,0,0,0
C101628,2022-10-11,15,Basic,partner,16.01,3,,0,0,0
C102834,2022-10-11,15,Basic,partner,14.63,1,25.0,0,0,0
C105382,2022-10-11,15,Standard,partner,40.38,1,0.0,0,0,0
C107178,2022-10-11,15,Premium,referral,77.75,0,38.0,0,0,0
C106195,2022-10-12,15,Premium,paid_search,71.73,2,,0,0,0
C106186,2022-10-12,15,Standard,organic,46.29,2,7.0,0,0,0
C106934,2022-10-12,15,Basic,referral,17.2,2,2.0,0,0,0
C106088,2022-10-12,15,Basic,paid_search,18.49,2,14.0,1,2,1
C107295,2022-10-12,15,Premium,organic,40.85,0,6.0,0,0,0
C105338,2022-10-12,15,Standard,paid_search,56.17,1,2.0,0,0,0
C102599,2022-10-12,15,Basic,referral,18.96,0,13.0,0,0,0
C107631,2022-10-12,15,Standard,partner,44.0,0,17.0,0,0,0
C102682,2022-10-12,15,Standard,partner,36.45,1,1.0,0,0,0
C104832,2022-10-12,15,Basic,organic,26.82,0,20.0,0,0,0
C102215,2022-10-12,15,Basic,organic,20.84,1,3.0,0,0,0
C106052,2022-10-12,15,Standard,partner,29.25,2,3.0,0,0,0
C104149,2022-10-12,15,Basic,organic,16.51,1,4.0,0,0,0
C104808,2022-10-12,15,Premium,paid_search,81.43,1,3.0,0,0,0
C103058,2022-10-12,15,Standard,referral,44.49,2,,0,0,0
C104798,2022-10-13,15,Basic,paid_search,23.6,1,29.0,0,0,0
C107173,2022-10-13,15,Premium,organic,64.79,0,,0,0,0
C100808,2022-10-13,15,Basic,partner,21.95,1,,1,0,0
C107707,2022-10-13,15,Basic,referral,8.88,1,0.0,0,0,0
C102851,2022-10-13,15,Basic,referral,14.16,1,6.0,0,0,0
C102573,2022-10-13,15,Standard,organic,47.02,1,8.0,0,0,0
C105332,2022-10-13,15,Basic,organic,17.45,1,5.0,0,0,0
C106180,2022-10-13,15,Premium,paid_search,55.63,2,19.0,1,0,0
C101172,2022-10-13,15,Premium,referral,65.34,1,2.0,0,0,0
C106699,2022-10-14,15,Premium,paid_search,84.39,0,4.0,0,0,0
C103328,2022-10-14,15,Basic,paid_search,26.05,1,12.0,0,4,1
C101093,2022-10-14,15,Basic,referral,23.51,0,21.0,0,0,0
C104624,2022-10-14,15,Basic,organic,15.3,2,21.0,0,0,0
C102383,2022-10-14,15,Standard,organic,39.64,2,4.0,0,0,0
C104325,2022-10-14,15,Basic,paid_search,17.67,3,4.0,0,0,0
C101351,2022-10-14,15,Standard,partner,45.28,2,8.0,0,0,0
C104161,2022-10-14,15,Standard,organic,43.54,3,29.0,0,0,0
C102011,2022-10-14,15,Standard,paid_search,21.91,2,12.0,0,0,0
C103091,2022-10-14,15,Standard,paid_search,37.01,0,11.0,0,0,0
C102621,2022-10-14,15,Basic,paid_search,16.97,1,2.0,0,0,0
C107328,2022-10-14,15,Standard,organic,37.88,0,8.0,0,0,0
C105792,2022-10-14,15,Basic,organic,14.2,1,23.0,0,0,0
C103404,2022-10-14,15,Standard,paid_search,30.9,1,20.0,0,0,0
C106997,2022-10-14,15,Standard,paid_search,48.59,0,6.0,0,0,0
C101477,2022-10-15,15,Standard,paid_search,33.72,3,,0,0,0
C106041,2022-10-15,15,Standard,partner,49.31,3,6.0,0,0,0
C105306,2022-10-15,15,Premium,organic,50.53,0,4.0,0,0,0
C105457,2022-10-15,15,Basic,paid_search,21.73,0,12.0,0,0,0
C105325,2022-10-15,15,Standard,paid_search,41.17,1,20.0,0,0,1
C101773,2022-10-15,15,Standard,paid_search,39.65,0,11.0,1,0,0
C102341,2022-10-15,15,Premium,organic,86.13,0,11.0,0,0,0
C101282,2022-10-15,15,Premium,partner,96.34,0,7.0,0,0,0
C104051,2022-10-15,15,Standard,paid_search,35.25,1,4.0,0,0,0
C105313,2022-10-15,15,Standard,partner,43.58,2,10.0,0,0,0
C105397,2022-10-15,15,Premium,referral,85.06,2,15.0,0,0,0
C100551,2022-10-15,15,Standard,organic,33.96,2,22.0,0,0,0
C101920,2022-10-15,15,Standard,referral,60.13,0,1.0,0,0,0
C102058,2022-10-15,15,Standard,organic,33.99,0,14.0,0,0,0
C105818,2022-10-15,15,Basic,paid_search,20.85,1,2.0,0,0,0
C101693,2022-10-16,15,Premium,organic,104.21,0,2.0,0,0,0
C103040,2022-10-16,15,Standard,paid_search,33.37,1,,0,0,0
C101753,2022-10-16,15,Standard,organic,42.48,2,2.0,0,0,0
C103249,2022-10-16,15,Standard,organic,39.16,2,10.0,0,0,0
C102290,2022-10-16,15,Standard,partner,41.36,0,4.0,0,0,0
C103379,2022-10-16,15,Basic,referral,18.09,1,8.0,0,0,0
C103694,2022-10-16,15,Basic,partner,18.48,0,,0,0,0
C105323,2022-10-17,14,Standard,organic,48.97,1,14.0,0,0,0
C101319,2022-10-17,14,Basic,organic,21.76,0,10.0,0,0,0
C102799,2022-10-17,14,Basic,paid_search,14.17,0,4.0,0,0,0
C101665,2022-10-17,14,Standard,organic,29.58,0,2.0,0,0,0
C106010,2022-10-17,14,Standard,referral,32.11,0,,1,0,0
C107829,2022-10-17,14,Basic,referral,22.01,1,7.0,0,0,0
C107919,2022-10-17,14,Basic,partner,21.02,0,3.0,0,0,0
C104794,2022-10-17,14,Standard,paid_search,35.4,1,11.0,0,0,0
C105131,2022-10-17,14,Standard,organic,36.88,2,3.0,0,0,0
C106782,2022-10-17,14,Basic,organic,16.7,1,,0,0,0
C106308,2022-10-17,14,Standard,paid_search,25.46,2,3.0,0,0,0
C103459,2022-10-17,14,Standard,paid_search,39.97,2,1.0,0,0,0
C102373,2022-10-18,14,Standard,organic,38.19,0,11.0,1,0,0
C105042,2022-10-18,14,Basic,organic,16.54,0,3.0,0,0,0
C100439,2022-10-18,14,Basic,paid_search,15.18,2,22.0,0,0,0
C102545,2022-10-18,14,Premium,paid_search,78.5,0,11.0,0,0,0
C104650,2022-10-18,14,Basic,organic,20.59,1,2.0,0,0,0
C102002,2022-10-18,14,Standard,paid_search,27.34,1,2.0,0,0,0
C106040,2022-10-18,14,Basic,organic,15.98,0,0.0,0,0,0
C105776,2022-10-18,14,Basic,paid_search,17.64,1,,1,0,0
C106736,2022-10-18,14,Basic,organic,23.54,1,35.0,0,0,0
C101167,2022-10-18,14,Standard,organic,39.49,1,1.0,0,0,0
C104402,2022-10-19,14,Standard,referral,31.41,2,5.0,0,0,0
C102133,2022-10-19,14,Basic,paid_search,15.54,0,,1,0,0
C105345,2022-10-19,14,Standard,organic,18.72,1,1.0,0,0,0
C104926,2022-10-19,14,Standard,partner,34.19,1,0.0,0,0,0
C103317,2022-10-19,14,Premium,organic,60.98,1,5.0,1,0,0
C107222,2022-10-19,14,Basic,organic,17.69,1,1.0,0,0,0
C107168,2022-10-19,14,Standard,referral,35.53,0,0.0,0,0,0
C107795,2022-10-20,14,Standard,organic,33.47,1,8.0,0,0,0
C104718,2022-10-20,14,Standard,paid_search,43.52,1,3.0,0,0,0
C107544,2022-10-20,14,Basic,organic,17.47,2,2.0,0,0,0
C102224,2022-10-20,14,Standard,paid_search,39.92,0,17.0,0,0,0
C102139,2022-10-20,14,Basic,referral,13.75,0,,0,0,0
C101301,2022-10-20,14,Standard,partner,38.66,1,5.0,0,0,0
C102523,2022-10-20,14,Basic,referral,19.1,1,,0,0,0
C105755,2022-10-20,14,Basic,referral,15.06,1,16.0,0,0,0
C100956,2022-10-20,14,Premium,organic,62.09,3,16.0,0,0,0
C105950,2022-10-20,14,Basic,partner,21.01,0,4.0,0,0,0
C104174,2022-10-20,14,Basic,partner,24.27,0,9.0,1,0,0
C101955,2022-10-20,14,Standard,paid_search,59.48,0,,0,1,0
C102072,2022-10-21,14,Basic,paid_search,22.36,1,3.0,0,0,0
C100026,2022-10-21,14,Standard,partner,36.04,3,8.0,1,0,0
C103311,2022-10-21,14,Basic,referral,19.29,0,,0,0,0
C103690,2022-10-21,14,Basic,organic,16.3,1,0.0,0,0,0
C105179,2022-10-21,14,Basic,organic,15.69,0,5.0,0,0,0
C106847,2022-10-21,14,Basic,partner,21.33,0,10.0,2,0,0
C103732,2022-10-21,14,Basic,organic,22.75,0,5.0,0,0,0
C101846,2022-10-21,14,Premium,referral,74.5,0,14.0,0,0,0
C104983,2022-10-21,14,Standard,organic,21.47,0,5.0,0,0,0
C107165,2022-10-21,14,Standard,paid_search,36.11,0,0.0,0,0,0
C104470,2022-10-21,14,Basic,organic,18.82,0,17.0,1,0,0
C103165,2022-10-21,14,Basic,organic,20.01,0,9.0,0,0,0
C104645,2022-10-22,14,Basic,organic,14.22,1,4.0,0,0,0
C102059,2022-10-22,14,Premium,organic,68.84,3,1.0,1,0,0
C103273,2022-10-22,14,Basic,paid_search,18.17,1,13.0,1,4,1
C105794,2022-10-22,14,Basic,paid_search,17.34,1,1.0,1,0,0
C100584,2022-10-22,14,Standard,paid_search,37.57,1,9.0,0,0,0
C102162,2022-10-22,14,Basic,referral,20.1,1,2.0,0,0,0
C107248,2022-10-22,14,Basic,referral,18.81,1,7.0,0,0,0
C104160,2022-10-22,14,Basic,organic,17.4,0,4.0,0,0,0
C103314,2022-10-22,14,Basic,paid_search,20.74,0,11.0,0,0,0
C100941,2022-10-22,14,Basic,paid_search,14.9,1,5.0,0,0,0
C107524,2022-10-22,14,Premium,referral,89.98,1,1.0,1,0,0
C103290,2022-10-22,14,Basic,referral,16.67,2,5.0,0,0,0
C107832,2022-10-22,14,Standard,paid_search,42.89,1,11.0,0,0,0
C103187,2022-10-22,14,Basic,referral,26.3,0,,1,4,1
C105436,2022-10-23,14,Basic,paid_search,19.86,1,4.0,1,0,0
C101865,2022-10-23,14,Basic,organic,12.16,1,11.0,0,0,0
C102745,2022-10-23,14,Basic,referral,18.5,0,0.0,1,0,0
C104895,2022-10-23,14,Basic,referral,21.79,0,17.0,0,0,0
C107876,2022-10-23,14,Standard,partner,33.93,1,34.0,0,7,1
C106290,2022-10-24,14,Basic,paid_search,17.17,1,24.0,1,0,0
C105510,2022-10-24,14,Standard,referral,23.67,0,2.0,0,0,0
C100686,2022-10-24,14,Basic,referral,14.57,2,7.0,0,0,0
C106653,2022-10-24,14,Basic,organic,20.5,1,2.0,0,0,0
C100163,2022-10-24,14,Basic,referral,20.63,0,0.0,0,0,0
C101130,2022-10-24,14,Basic,paid_search,21.85,0,16.0,0,0,0
C105195,2022-10-25,14,Basic,referral,13.87,0,43.0,1,2,1
C103484,2022-10-25,14,Basic,organic,19.72,2,2.0,0,0,0
C103141,2022-10-25,14,Standard,partner,44.08,0,18.0,0,0,0
C101339,2022-10-25,14,Basic,organic,16.13,0,0.0,0,0,0
C101687,2022-10-25,14,Basic,organic,21.49,0,9.0,0,0,0
C105816,2022-10-25,14,Basic,paid_search,16.56,0,0.0,0,0,0
C102914,2022-10-25,14,Standard,organic,40.34,1,3.0,0,0,0
C102508,2022-10-25,14,Standard,paid_search,39.31,1,12.0,0,0,0
C102075,2022-10-25,14,Standard,organic,27.65,0,17.0,0,0,0
C103617,2022-10-26,14,Standard,organic,41.4,1,27.0,0,0,0
C101874,2022-10-26,14,Basic,paid_search,13.03,2,6.0,0,2,1
C103478,2022-10-26,14,Basic,organic,14.43,1,1.0,0,0,0
C101761,2022-10-26,14,Premium,paid_search,76.7,0,4.0,0,0,0
C105772,2022-10-26,14,Standard,paid_search,23.59,1,5.0,0,0,0
C103765,2022-10-26,14,Basic,organic,20.29,1,13.0,0,0,0
C106947,2022-10-26,14,Standard,organic,49.25,0,2.0,0,0,0
C100961,2022-10-26,14,Basic,paid_search,24.85,1,1.0,0,0,0
C102563,2022-10-26,14,Premium,referral,101.84,1,2.0,0,0,0
C105314,2022-10-26,14,Basic,paid_search,19.07,0,10.0,0,0,0
C100162,2022-10-26,14,Premium,organic,94.91,2,44.0,0,0,0
C100143,2022-10-26,14,Basic,organic,17.45,1,10.0,0,0,0
C103546,2022-10-26,14,Standard,paid_search,36.94,4,0.0,0,0,0
C101494,2022-10-27,14,Premium,paid_search,56.1,1,23.0,0,0,0
C106133,2022-10-27,14,Premium,organic,87.83,1,,1,0,0
C100372,2022-10-27,14,Standard,organic,45.96,1,6.0,0,0,0
C103259,2022-10-27,14,Basic,organic,17.1,0,7.0,0,0,0
C105733,2022-10-27,14,Basic,organic,13.46,3,10.0,1,0,0
C107434,2022-10-27,14,Standard,referral,33.01,2,,1,0,0
C103652,2022-10-27,14,Standard,referral,44.18,0,,0,0,0
C101834,2022-10-27,14,Standard,referral,43.24,2,1.0,0,0,0
C105447,2022-10-27,14,Standard,organic,35.66,0,17.0,0,0,0
C100064,2022-10-27,14,Basic,organic,21.23,0,12.0,0,0,0
C102191,2022-10-27,14,Basic,referral,15.86,3,,1,0,0
C100906,2022-10-28,14,Premium,referral,80.17,1,32.0,0,0,0
C105854,2022-10-28,14,Basic,referral,21.4,1,3.0,0,0,0
C106812,2022-10-28,14,Basic,partner,23.64,1,3.0,0,3,1
C103697,2022-10-28,14,Premium,organic,64.75,1,9.0,0,0,0
C105706,2022-10-28,14,Standard,paid_search,58.79,0,3.0,0,0,0
C103271,2022-10-28,14,Premium,referral,61.17,1,1.0,0,0,0
C107751,2022-10-28,14,Basic,referral,21.54,2,19.0,0,0,0
C102356,2022-10-28,14,Basic,organic,20.97,0,30.0,0,0,0
C100959,2022-10-28,14,Standard,referral,48.68,1,3.0,1,0,0
C105201,2022-10-28,14,Premium,organic,98.02,0,4.0,1,0,0
C101251,2022-10-28,14,Basic,organic,17.47,2,,0,0,0
C103415,2022-10-29,14,Premium,organic,76.83,2,6.0,0,0,0
C106504,2022-10-29,14,Standard,paid_search,31.11,1,2.0,1,0,0
C104146,2022-10-29,14,Basic,organic,18.94,1,14.0,1,0,0
C104353,2022-10-29,14,Basic,partner,20.85,1,7.0,0,4,1
C104876,2022-10-29,14,Premium,paid_search,94.65,1,,1,0,0
C101887,2022-10-29,14,Basic,partner,22.16,0,7.0,0,0,0
C103764,2022-10-29,14,Standard,organic,40.6,1,6.0,1,0,0
C101718,2022-10-29,14,Basic,paid_search,18.44,1,17.0,0,0,0
C100495,2022-10-29,14,Basic,partner,18.03,2,28.0,1,0,0
C104044,2022-10-29,14,Premium,referral,89.71,1,3.0,0,0,0
C106050,2022-10-30,14,Basic,partner,20.28,0,10.0,1,2,1
C103284,2022-10-30,14,Premium,organic,77.35,0,15.0,0,0,0
C105729,2022-10-30,14,Premium,paid_search,70.05,1,8.0,0,0,0
C105728,2022-10-30,14,Standard,partner,35.99,1,,0,0,0
C101634,2022-10-30,14,Basic,referral,22.05,1,20.0,1,0,0
C102016,2022-10-30,14,Basic,organic,25.95,1,0.0,1,0,0
C103885,2022-10-30,14,Basic,paid_search,18.5,0,1.0,0,0,0
C105721,2022-10-30,14,Premium,organic,64.34,1,37.0,0,0,0
C101583,2022-10-30,14,Standard,paid_search,32.44,0,2.0,0,0,0
C101484,2022-10-30,14,Premium,organic,100.08,1,5.0,0,0,0
C102472,2022-10-30,14,Premium,organic,63.78,0,,1,0,0
C103554,2022-10-30,14,Standard,paid_search,31.23,0,,1,0,0
C104029,2022-10-30,14,Standard,paid_search,43.82,1,4.0,0,0,0
C107001,2022-10-30,14,Basic,partner,27.08,1,2.0,0,0,0
C102748,2022-10-30,14,Standard,partner,39.94,0,17.0,1,0,0
C104317,2022-10-30,14,Premium,paid_search,69.98,0,0.0,0,0,0
C107665,2022-10-30,14,Standard,organic,32.64,1,1.0,1,0,0
C101308,2022-10-30,14,Basic,organic,18.82,0,6.0,0,0,0
C107597,2022-10-31,14,Standard,organic,28.82,0,14.0,0,0,0
C104212,2022-10-31,14,Standard,organic,41.31,2,3.0,0,0,0
C100571,2022-10-31,14,Premium,partner,63.34,1,1.0,0,0,0
C100247,2022-10-31,14,Basic,paid_search,18.69,1,15.0,0,0,0
C104445,2022-10-31,14,Basic,paid_search,15.31,0,1.0,0,0,0
C103988,2022-10-31,14,Standard,organic,38.22,1,4.0,0,0,0
C107267,2022-10-31,14,Standard,paid_search,46.58,2,2.0,0,0,0
C106998,2022-10-31,14,Standard,paid_search,34.01,1,7.0,0,0,0
C106554,2022-10-31,14,Standard,referral,43.08,1,4.0,0,0,0
C103460,2022-10-31,14,Standard,paid_search,42.37,0,2.0,0,0,0
C101190,2022-10-31,14,Standard,organic,36.7,0,10.0,0,0,0
C101042,2022-10-31,14,Basic,organic,18.84,1,13.0,0,0,0
C102697,2022-11-01,14,Basic,referral,18.99,2,2.0,0,0,0
C107315,2022-11-01,14,Basic,organic,23.21,2,5.0,0,0,0
C101479,2022-11-01,14,Premium,partner,81.68,1,18.0,0,0,0
C103923,2022-11-01,14,Standard,paid_search,37.19,0,12.0,0,0,0
C107642,2022-11-01,14,Basic,organic,24.89,1,3.0,0,5,1
C101224,2022-11-01,14,Standard,paid_search,44.02,1,3.0,0,0,0
C104341,2022-11-01,14,Standard,paid_search,44.63,2,24.0,1,0,0
C106411,2022-11-01,14,Basic,paid_search,17.14,2,10.0,1,3,1
C102289,2022-11-01,14,Premium,organic,55.51,0,12.0,0,0,0
C100623,2022-11-01,14,Premium,paid_search,68.21,0,5.0,0,0,0
C104825,2022-11-01,14,Premium,paid_search,93.89,1,2.0,0,0,0
C101078,2022-11-01,14,Basic,referral,22.25,0,3.0,1,0,0
C100424,2022-11-01,14,Standard,organic,38.7,1,16.0,0,0,0
C100928,2022-11-02,14,Standard,organic,31.77,1,4.0,0,0,0
C100164,2022-11-02,14,Standard,organic,37.75,2,2.0,0,0,0
C102494,2022-11-02,14,Premium,organic,70.07,1,7.0,0,0,0
C100463,2022-11-02,14,Premium,organic,87.24,0,42.0,0,6,1
C104250,2022-11-02,14,Basic,organic,20.66,1,10.0,1,0,0
C105626,2022-11-02,14,Basic,paid_search,18.0,1,6.0,1,0,0
C100731,2022-11-02,14,Premium,organic,58.32,0,5.0,0,0,0
C107566,2022-11-02,14,Standard,partner,41.99,0,22.0,0,3,1
C104735,2022-11-02,14,Basic,partner,20.5,0,2.0,0,0,0
C107759,2022-11-02,14,Standard,paid_search,43.18,0,1.0,0,0,0
C105891,2022-11-02,14,Standard,paid_search,25.31,1,3.0,0,0,0
C102419,2022-11-02,14,Standard,organic,43.39,0,17.0,0,0,0
C100971,2022-11-02,14,Basic,organic,21.46,2,6.0,0,0,0
C100274,2022-11-02,14,Basic,referral,17.35,0,7.0,0,0,0
C104658,2022-11-03,14,Standard,paid_search,41.42,0,6.0,0,0,0
C102069,2022-11-03,14,Basic,referral,17.29,0,41.0,0,0,0
C101184,2022-11-03,14,Basic,paid_search,12.17,0,27.0,1,0,0
C103208,2022-11-03,14,Basic,organic,16.6,1,1.0,0,0,0
C101677,2022-11-03,14,Standard,organic,45.66,0,8.0,0,1,0
C105799,2022-11-03,14,Basic,referral,19.97,1,11.0,1,0,0
C104561,2022-11-03,14,Basic,organic,15.47,1,18.0,0,0,0
C105303,2022-11-03,14,Standard,paid_search,36.09,0,3.0,0,0,0
C107331,2022-11-03,14,Premium,paid_search,78.92,0,34.0,0,0,0
C105023,2022-11-03,14,Standard,referral,25.27,3,5.0,0,0,0
C101373,2022-11-03,14,Standard,paid_search,37.35,2,,0,0,0
C107404,2022-11-04,14,Standard,paid_search,42.16,1,2.0,0,0,0
C107778,2022-11-04,14,Basic,organic,21.33,0,0.0,0,0,0
C103562,2022-11-04,14,Basic,paid_search,24.51,0,12.0,0,0,0
C106575,2022-11-04,14,Standard,paid_search,46.12,0,2.0,0,0,0
C102961,2022-11-04,14,Basic,organic,16.63,1,7.0,0,0,0
C104067,2022-11-04,14,Basic,referral,12.13,1,5.0,0,0,0
C107092,2022-11-04,14,Standard,organic,37.91,2,12.0,1,0,0
C102924,2022-11-05,14,Basic,organic,21.74,1,0.0,0,0,0
C107662,2022-11-05,14,Basic,paid_search,19.06,2,4.0,0,0,0
C107154,2022-11-05,14,Basic,partner,21.63,1,35.0,1,0,0
C103070,2022-11-05,14,Standard,organic,36.82,2,1.0,0,0,0
C105251,2022-11-05,14,Basic,referral,21.94,0,5.0,0,0,0
C105438,2022-11-05,14,Standard,organic,41.6,2,12.0,0,0,0
C102475,2022-11-05,14,Basic,referral,18.23,1,4.0,0,0,0
C103566,2022-11-05,14,Basic,referral,18.79,1,2.0,0,0,0
C107983,2022-11-05,14,Basic,paid_search,19.94,0,2.0,0,0,0
C102223,2022-11-05,14,Basic,partner,14.85,0,12.0,0,0,0
C104129,2022-11-06,14,Basic,paid_search,20.18,0,2.0,0,0,0
C102249,2022-11-06,14,Basic,paid_search,24.68,1,,0,0,0
C101058,2022-11-06,14,Standard,paid_search,36.72,0,17.0,0,0,0
C107932,2022-11-06,14,Basic,organic,17.98,0,19.0,1,0,0
C103770,2022-11-06,14,Basic,partner,20.76,1,4.0,0,0,0
C100776,2022-11-06,14,Basic,organic,14.61,1,1.0,0,0,0
C107391,2022-11-06,14,Standard,organic,33.98,1,16.0,1,0,0
C103368,2022-11-06,14,Premium,organic,74.63,1,3.0,0,0,0
C107701,2022-11-06,14,Standard,paid_search,38.75,1,5.0,0,0,0
C102340,2022-11-06,14,Premium,paid_search,62.37,0,3.0,0,0,0
C106751,2022-11-06,14,Basic,referral,16.71,2,12.0,1,0,0
C104327,2022-11-07,14,Standard,paid_search,48.57,0,,0,3,1
C104335,2022-11-07,14,Standard,organic,42.83,1,60.0,0,0,0
C107901,2022-11-07,14,Basic,organic,20.33,1,3.0,0,2,1
C103668,2022-11-07,14,Standard,organic,46.26,1,3.0,0,0,0
C107530,2022-11-07,14,Standard,organic,44.09,1,2.0,0,0,0
C104034,2022-11-07,14,Basic,organic,15.66,2,34.0,0,0,0
C101840,2022-11-07,14,Basic,organic,25.95,1,4.0,1,0,0
C102275,2022-11-07,14,Standard,referral,21.48,0,9.0,0,0,0
C100499,2022-11-07,14,Standard,organic,35.68,0,3.0,0,0,0
C102693,2022-11-07,14,Standard,organic,34.55,0,1.0,0,0,0
C103007,2022-11-07,14,Basic,partner,20.78,0,1.0,0,0,0
C107365,2022-11-07,14,Premium,referral,75.48,2,2.0,0,0,0
C101332,2022-11-07,14,Basic,paid_search,10.66,1,12.0,0,0,0
C106261,2022-11-08,14,Premium,referral,76.1,0,3.0,0,0,0
C104709,2022-11-08,14,Basic,paid_search,22.76,1,23.0,0,0,0
C101436,2022-11-08,14,Standard,organic,36.36,2,13.0,1,0,0
C105448,2022-11-09,14,Basic,paid_search,17.99,1,12.0,0,0,0
C101686,2022-11-09,14,Basic,paid_search,20.92,0,5.0,0,0,0
C105271,2022-11-09,14,Standard,paid_search,48.94,0,3.0,0,0,0
C105806,2022-11-09,14,Standard,organic,40.61,1,12.0,0,0,0
C102989,2022-11-09,14,Basic,referral,20.03,2,14.0,1,0,0
C104669,2022-11-09,14,Premium,paid_search,93.75,0,6.0,1,0,0
C104742,2022-11-09,14,Basic,partner,22.08,0,10.0,0,0,0
C107633,2022-11-09,14,Basic,organic,18.24,1,0.0,0,0,0
C107118,2022-11-09,14,Basic,paid_search,20.5,2,6.0,0,0,0
C106858,2022-11-09,14,Standard,organic,51.86,1,5.0,1,0,0
C100953,2022-11-09,14,Premium,paid_search,94.62,1,9.0,0,0,0
C103217,2022-11-10,14,Standard,referral,31.73,1,8.0,1,0,0
C100546,2022-11-10,14,Premium,referral,85.54,0,3.0,0,0,0
C104519,2022-11-10,14,Basic,paid_search,18.3,1,2.0,0,0,0
C102759,2022-11-10,14,Basic,paid_search,20.13,0,2.0,0,0,0
C106954,2022-11-10,14,Premium,paid_search,91.18,0,6.0,0,0,0
C104190,2022-11-10,14,Standard,organic,48.12,1,14.0,1,0,0
C107399,2022-11-10,14,Premium,paid_search,81.5,0,,0,0,0
C107014,2022-11-10,14,Premium,organic,73.48,1,2.0,1,1,0
C103774,2022-11-10,14,Standard,paid_search,48.36,1,12.0,0,0,0
C107800,2022-11-10,14,Standard,paid_search,41.45,0,34.0,0,0,0
C100794,2022-11-11,14,Basic,organic,14.51,1,0.0,0,0,0
C101152,2022-11-11,14,Standard,organic,36.94,3,5.0,0,0,0
C101740,2022-11-11,14,Standard,paid_search,42.39,0,,0,0,0
C100993,2022-11-11,14,Basic,organic,22.15,0,,0,0,0
C107839,2022-11-11,14,Basic,organic,17.35,1,16.0,0,0,0
C101495,2022-11-11,14,Basic,paid_search,18.7,0,1.0,0,0,0
C105703,2022-11-11,14,Basic,organic,20.58,0,4.0,1,0,0
C104615,2022-11-11,14,Standard,referral,40.99,1,9.0,1,0,0
C102761,2022-11-11,14,Standard,paid_search,36.99,0,7.0,0,0,0
C107447,2022-11-11,14,Basic,organic,25.35,1,2.0,0,0,0
C107298,2022-11-11,14,Standard,organic,30.74,1,2.0,1,0,0
C107629,2022-11-11,14,Standard,referral,40.96,2,10.0,0,0,0
C103219,2022-11-12,14,Basic,paid_search,17.21,1,14.0,0,0,0
C100237,2022-11-12,14,Premium,organic,98.47,1,0.0,1,0,0
C107937,2022-11-12,14,Premium,organic,77.98,0,,0,0,0
C102565,2022-11-12,14,Standard,paid_search,39.29,0,1.0,0,1,0
C100472,2022-11-12,14,Standard,organic,33.3,0,,0,0,0
C105715,2022-11-12,14,Standard,paid_search,34.78,0,11.0,0,0,0
C106951,2022-11-12,14,Premium,organic,67.92,1,31.0,0,0,0
C103172,2022-11-12,14,Standard,organic,39.84,1,8.0,0,0,0
C107051,2022-11-12,14,Basic,organic,19.72,1,8.0,0,0,0
C103675,2022-11-12,14,Standard,organic,35.71,1,11.0,0,0,0
C100620,2022-11-13,14,Basic,referral,16.41,1,,0,0,0
C102716,2022-11-13,14,Standard,paid_search,40.96,0,1.0,0,0,0
C106643,2022-11-13,14,Premium,organic,54.96,1,6.0,0,0,0
C100632,2022-11-13,14,Basic,partner,17.51,1,3.0,0,0,0
C103324,2022-11-13,14,Standard,partner,35.52,1,21.0,0,0,0
C105050,2022-11-13,14,Basic,paid_search,19.64,2,,0,0,0
C100406,2022-11-13,14,Premium,paid_search,71.11,4,13.0,0,0,0
C100434,2022-11-13,14,Standard,referral,25.1,0,3.0,0,0,0
C105746,2022-11-13,14,Standard,partner,38.06,1,2.0,0,0,0
C100004,2022-11-13,14,Standard,organic,40.49,1,2.0,0,0,0
C101099,2022-11-13,14,Premium,organic,89.88,1,20.0,0,0,0
C105683,2022-11-13,14,Basic,partner,20.24,0,10.0,2,0,0
C106579,2022-11-13,14,Basic,organic,26.79,0,2.0,0,3,1
C101443,2022-11-13,14,Standard,referral,43.08,2,17.0,0,0,0
C102006,2022-11-13,14,Standard,referral,20.07,1,9.0,0,0,0
C102998,2022-11-14,14,Premium,organic,75.75,3,17.0,1,0,0
C105637,2022-11-14,14,Standard,organic,45.77,1,1.0,0,0,0
C100353,2022-11-14,14,Basic,paid_search,20.32,1,12.0,0,0,0
C104283,2022-11-14,14,Standard,paid_search,35.74,0,13.0,0,0,0
C100154,2022-11-14,14,Standard,referral,51.56,1,20.0,0,0,0
C102933,2022-11-14,14,Standard,organic,47.67,0,4.0,0,0,0
C101923,2022-11-14,14,Basic,partner,17.24,2,1.0,0,0,0
C107972,2022-11-14,14,Premium,partner,60.58,0,6.0,0,0,0
C107718,2022-11-14,14,Standard,partner,39.4,3,9.0,1,1,1
C106832,2022-11-14,14,Basic,referral,18.52,0,5.0,0,0,0
C103618,2022-11-14,14,Standard,organic,55.16,1,20.0,0,0,0
C102660,2022-11-14,14,Basic,paid_search,19.88,1,2.0,1,0,0
C103260,2022-11-14,14,Premium,organic,70.51,2,18.0,1,0,0
C100090,2022-11-14,14,Basic,paid_search,17.36,1,7.0,0,0,0
C102317,2022-11-15,14,Standard,referral,39.51,1,4.0,0,0,0
C107678,2022-11-15,14,Standard,paid_search,38.39,0,1.0,0,0,0
C106038,2022-11-15,14,Standard,referral,53.43,0,2.0,1,0,0
C101038,2022-11-15,14,Premium,organic,77.48,1,2.0,0,0,0
C102953,2022-11-15,14,Standard,organic,30.96,0,9.0,0,0,0
C106628,2022-11-15,14,Premium,organic,82.97,1,6.0,0,0,0
C103892,2022-11-15,14,Basic,organic,23.06,2,1.0,0,0,0
C100139,2022-11-15,14,Standard,referral,34.15,1,18.0,0,0,0
C104609,2022-11-15,14,Basic,referral,19.44,2,26.0,0,0,0
C105200,2022-11-15,14,Basic,partner,23.85,2,1.0,0,0,0
C104764,2022-11-15,14,Basic,partner,26.52,0,5.0,1,2,1
C105520,2022-11-15,14,Premium,paid_search,56.53,2,4.0,0,0,0
C102915,2022-11-16,14,Premium,organic,65.96,2,7.0,0,0,0
C105685,2022-11-16,14,Basic,paid_search,16.93,0,7.0,0,0,0
C100081,2022-11-16,14,Basic,referral,21.42,2,3.0,0,0,0
C102840,2022-11-16,14,Standard,organic,41.96,1,2.0,0,0,0
C107715,2022-11-16,14,Premium,organic,75.49,0,29.0,0,0,0
C100755,2022-11-16,14,Standard,referral,41.22,0,17.0,0,0,0
C107199,2022-11-16,14,Basic,organic,17.87,0,4.0,0,0,0
C105802,2022-11-16,14,Standard,paid_search,36.33,0,5.0,0,0,0
C101991,2022-11-16,14,Standard,organic,45.05,0,6.0,0,0,0
C105083,2022-11-16,14,Basic,partner,21.69,1,13.0,1,0,0
C104877,2022-11-16,14,Standard,organic,41.7,0,0.0,0,0,0
C106461,2022-11-17,13,Standard,organic,49.48,0,0.0,1,0,0
C103080,2022-11-17,13,Standard,organic,45.36,1,4.0,0,0,0
C103859,2022-11-17,13,Standard,partner,37.5,2,6.0,0,0,0
C100297,2022-11-17,13,Standard,organic,42.0,1,0.0,0,0,0
C103103,2022-11-17,13,Basic,organic,19.75,1,52.0,1,0,0
C106777,2022-11-17,13,Standard,organic,39.83,0,36.0,0,0,0
C106216,2022-11-17,13,Standard,paid_search,43.37,4,12.0,0,0,0
C100003,2022-11-17,13,Basic,partner,25.98,0,,0,0,0
C106941,2022-11-17,13,Premium,organic,94.9,2,4.0,0,0,0
C101417,2022-11-17,13,Premium,organic,110.45,0,1.0,0,0,0
C107288,2022-11-17,13,Basic,organic,18.01,2,,0,0,0
C102564,2022-11-17,13,Basic,referral,21.9,1,14.0,0,0,0
C100120,2022-11-17,13,Premium,organic,102.65,0,1.0,0,0,0
C107417,2022-11-17,13,Standard,organic,33.05,0,7.0,0,0,0
C106804,2022-11-18,13,Standard,paid_search,44.71,1,22.0,0,0,0
C103124,2022-11-18,13,Basic,paid_search,15.44,0,5.0,0,0,0
C107208,2022-11-18,13,Standard,organic,32.71,0,17.0,0,0,0
C106739,2022-11-18,13,Basic,organic,15.44,1,21.0,0,0,0
C106876,2022-11-18,13,Basic,organic,17.45,3,4.0,0,0,0
C107232,2022-11-18,13,Basic,paid_search,16.08,2,7.0,0,0,0
C103623,2022-11-18,13,Basic,referral,25.03,2,1.0,0,0,0
C102134,2022-11-18,13,Basic,referral,19.56,0,13.0,0,0,0
C103550,2022-11-18,13,Premium,paid_search,92.61,1,4.0,0,0,0
C107963,2022-11-18,13,Basic,partner,21.25,1,4.0,0,0,0
C103743,2022-11-18,13,Premium,paid_search,70.91,1,2.0,0,0,0
C102077,2022-11-18,13,Basic,organic,23.46,0,16.0,0,0,0
C104027,2022-11-18,13,Standard,partner,32.02,1,1.0,0,0,0
C101219,2022-11-18,13,Basic,paid_search,18.54,2,1.0,0,0,0
C107671,2022-11-18,13,Standard,organic,41.34,1,34.0,0,2,1
C100799,2022-11-19,13,Standard,paid_search,23.33,1,20.0,0,0,0
C100284,2022-11-19,13,Premium,paid_search,79.71,1,,1,0,0
C107479,2022-11-19,13,Premium,paid_search,89.64,1,0.0,0,0,0
C106123,2022-11-19,13,Basic,organic,17.72,1,,0,0,0
C106961,2022-11-19,13,Basic,organic,17.74,1,15.0,0,0,0
C103355,2022-11-19,13,Basic,paid_search,16.33,1,23.0,1,0,0
C101292,2022-11-20,13,Premium,paid_search,87.82,2,12.0,0,0,0
C100934,2022-11-20,13,Standard,partner,38.51,1,7.0,2,0,0
C104415,2022-11-20,13,Standard,paid_search,39.27,0,5.0,0,0,0
C103488,2022-11-20,13,Basic,organic,20.74,0,7.0,0,0,0
C104528,2022-11-20,13,Standard,organic,47.99,0,28.0,0,0,0
C100029,2022-11-20,13,Premium,paid_search,90.35,0,30.0,1,0,0
C106874,2022-11-20,13,Premium,organic,66.2,3,3.0,0,0,0
C107708,2022-11-20,13,Standard,organic,35.98,0,1.0,0,0,0
C102156,2022-11-20,13,Standard,referral,49.48,0,1.0,0,0,0
C103813,2022-11-20,13,Basic,partner,21.22,2,12.0,0,0,0
C102520,2022-11-20,13,Premium,organic,103.39,1,0.0,0,0,0
C100688,2022-11-21,13,Premium,organic,57.17,1,36.0,1,0,0
C104093,2022-11-21,13,Premium,organic,48.83,0,0.0,0,0,0
C106086,2022-11-21,13,Standard,organic,41.18,1,,0,0,0
C105094,2022-11-21,13,Basic,referral,18.42,1,0.0,0,0,0
C101262,2022-11-21,13,Basic,organic,22.25,1,6.0,1,0,0
C101728,2022-11-21,13,Premium,organic,71.09,2,25.0,0,3,1
C105628,2022-11-21,13,Premium,partner,105.04,0,1.0,0,0,0
C103811,2022-11-21,13,Standard,paid_search,46.68,0,2.0,0,0,0
C102145,2022-11-21,13,Standard,referral,31.84,0,1.0,0,0,0
C102801,2022-11-21,13,Standard,paid_search,33.98,2,15.0,0,0,0
C106604,2022-11-22,13,Basic,paid_search,20.19,3,3.0,0,0,0
C104941,2022-11-22,13,Basic,paid_search,16.1,0,10.0,0,0,0
C106131,2022-11-22,13,Basic,organic,16.19,2,90.0,0,4,1
C103779,2022-11-22,13,Standard,organic,40.7,0,11.0,1,0,0
C104296,2022-11-22,13,Standard,organic,49.56,0,3.0,0,0,0
C100046,2022-11-22,13,Basic,paid_search,20.05,1,3.0,1,0,0
C107028,2022-11-22,13,Standard,organic,23.58,0,2.0,1,0,0
C104464,2022-11-22,13,Standard,organic,41.43,2,27.0,0,0,0
C102859,2022-11-22,13,Basic,paid_search,21.29,0,12.0,0,0,0
C107147,2022-11-22,13,Basic,referral,16.49,1,9.0,0,0,0
C105533,2022-11-22,13,Standard,organic,37.95,3,3.0,0,0,0
C100185,2022-11-22,13,Standard,organic,37.7,0,2.0,0,0,0
C107180,2022-11-22,13,Basic,paid_search,20.78,1,1.0,0,0,0
C100868,2022-11-22,13,Basic,organic,23.77,0,5.0,0,0,0
C103600,2022-11-22,13,Premium,organic,89.55,1,13.0,0,3,1
C104003,2022-11-22,13,Basic,organic,15.47,0,15.0,0,0,0
C105171,2022-11-22,13,Standard,referral,43.11,2,3.0,0,0,0
C100922,2022-11-22,13,Basic,organic,18.66,0,11.0,0,0,0
C104544,2022-11-22,13,Basic,partner,21.18,1,11.0,1,0,0
C106087,2022-11-23,13,Standard,partner,31.12,1,10.0,0,0,0
C100218,2022-11-23,13,Premium,partner,73.93,1,8.0,0,3,1
C102734,2022-11-23,13,Basic,paid_search,22.76,0,1.0,0,0,0
C101642,2022-11-23,13,Standard,paid_search,26.69,1,6.0,0,0,0
C106943,2022-11-23,13,Standard,paid_search,30.57,0,6.0,0,0,0
C107086,2022-11-23,13,Standard,paid_search,27.3,0,,0,0,0
C100266,2022-11-23,13,Basic,paid_search,15.59,0,21.0,0,0,0
C103615,2022-11-23,13,Standard,referral,46.87,1,4.0,0,0,0
C105343,2022-11-23,13,Basic,paid_search,21.81,0,1.0,0,1,0
C103555,2022-11-23,13,Premium,paid_search,101.55,2,26.0,0,4,1
C104321,2022-11-24,13,Standard,paid_search,38.11,1,7.0,0,0,0
C106026,2022-11-24,13,Premium,paid_search,60.07,1,12.0,0,0,0
C101091,2022-11-24,13,Standard,paid_search,35.88,1,22.0,0,0,0
C104143,2022-11-24,13,Basic,partner,16.17,0,,1,0,0
C106472,2022-11-24,13,Standard,referral,45.62,0,4.0,0,0,0
C103746,2022-11-24,13,Standard,paid_search,43.76,0,18.0,1,0,0
C101472,2022-11-24,13,Premium,organic,78.56,1,5.0,1,4,1
C103079,2022-11-24,13,Premium,organic,66.53,1,2.0,0,0,0
C100882,2022-11-24,13,Standard,organic,31.44,1,20.0,0,0,0
C107464,2022-11-24,13,Premium,organic,71.95,2,1.0,0,0,0
C106139,2022-11-24,13,Basic,organic,23.39,1,8.0,0,0,0
C101318,2022-11-24,13,Basic,referral,22.24,0,1.0,0,0,0
C101183,2022-11-24,13,Standard,organic,24.05,0,,0,0,0
C107872,2022-11-24,13,Standard,referral,43.82,1,21.0,0,0,0
C102381,2022-11-24,13,Premium,paid_search,85.51,1,,0,0,0
C106866,2022-11-24,13,Basic,organic,21.13,0,1.0,0,0,0
C103665,2022-11-25,13,Standard,referral,34.84,1,13.0,1,0,0
C101889,2022-11-25,13,Basic,organic,18.19,1,21.0,1,3,0
C104226,2022-11-25,13,Standard,partner,39.64,1,5.0,0,0,0
C106668,2022-11-25,13,Basic,paid_search,28.14,3,16.0,0,2,1
C101372,2022-11-25,13,Basic,organic,16.32,0,18.0,0,0,0
C100030,2022-11-25,13,Standard,organic,38.76,3,,0,2,1
C102216,2022-11-25,13,Standard,referral,52.75,0,2.0,0,0,0
C100019,2022-11-25,13,Standard,organic,38.47,0,29.0,0,0,0
C101056,2022-11-25,13,Standard,organic,36.75,2,1.0,1,0,0
C102434,2022-11-25,13,Standard,organic,37.72,0,17.0,0,0,0
C103499,2022-11-25,13,Basic,organic,12.0,0,10.0,0,0,0
C102039,2022-11-25,13,Basic,organic,28.42,0,9.0,0,0,0
C101330,2022-11-25,13,Standard,organic,38.25,0,7.0,1,0,0
C100213,2022-11-25,13,Basic,referral,20.21,1,13.0,0,0,0
C105663,2022-11-26,13,Premium,referral,65.81,0,6.0,1,0,0
C107505,2022-11-26,13,Basic,paid_search,21.67,0,6.0,0,0,0
C102577,2022-11-26,13,Standard,organic,41.9,0,5.0,0,0,0
C103980,2022-11-26,13,Basic,organic,14.86,0,9.0,0,0,0
C106690,2022-11-26,13,Premium,organic,88.24,1,15.0,0,0,0
C103142,2022-11-26,13,Standard,organic,44.2,1,2.0,1,0,0
C104758,2022-11-26,13,Basic,paid_search,22.97,0,8.0,0,0,0
C103816,2022-11-26,13,Standard,paid_search,33.32,1,,0,0,0
C106921,2022-11-26,13,Standard,organic,51.2,1,4.0,0,0,0
C106229,2022-11-26,13,Basic,referral,20.46,2,,1,0,0
C101918,2022-11-26,13,Premium,organic,71.2,0,6.0,0,0,0
C105606,2022-11-26,13,Standard,referral,37.47,1,3.0,0,0,0
C107245,2022-11-26,13,Standard,organic,32.69,1,19.0,0,0,0
C105177,2022-11-26,13,Standard,referral,55.5,3,,0,0,0
C104105,2022-11-27,13,Basic,organic,17.99,3,16.0,1,0,0
C101367,2022-11-27,13,Standard,organic,37.19,3,44.0,1,2,1
C103452,2022-11-27,13,Basic,partner,27.86,1,1.0,0,0,0
C102242,2022-11-27,13,Basic,referral,22.74,0,7.0,0,0,0
C100832,2022-11-27,13,Standard,organic,34.59,3,14.0,0,0,0
C104443,2022-11-27,13,Basic,referral,11.79,2,20.0,0,0,0
C102644,2022-11-27,13,Standard,organic,47.53,1,,0,0,0
C107995,2022-11-27,13,Standard,referral,34.93,1,2.0,0,0,0
C107612,2022-11-27,13,Basic,paid_search,15.24,2,6.0,0,0,0
C104046,2022-11-27,13,Standard,paid_search,37.74,1,12.0,0,0,0
C102046,2022-11-27,13,Basic,partner,16.5,0,5.0,0,0,0
C103586,2022-11-27,13,Basic,organic,20.75,0,12.0,0,0,0
C105309,2022-11-27,13,Standard,partner,34.92,1,16.0,0,1,1
C102336,2022-11-28,13,Basic,paid_search,16.74,0,17.0,0,0,0
C105578,2022-11-28,13,Basic,paid_search,17.48,1,4.0,0,0,0
C103396,2022-11-28,13,Basic,referral,16.08,1,0.0,0,0,0
C102390,2022-11-28,13,Basic,paid_search,17.25,4,11.0,0,1,1
C106247,2022-11-28,13,Basic,paid_search,19.4,0,,1,0,0
C104024,2022-11-28,13,Basic,partner,20.01,1,9.0,0,0,0
C106175,2022-11-28,13,Standard,organic,35.06,1,3.0,0,0,0
C100505,2022-11-28,13,Basic,organic,18.26,1,,0,0,0
C101852,2022-11-28,13,Basic,organic,15.13,1,54.0,0,2,1
C101802,2022-11-28,13,Standard,organic,26.16,1,6.0,1,0,0
C102204,2022-11-28,13,Basic,partner,13.08,1,19.0,0,0,0
C100791,2022-11-28,13,Basic,organic,16.85,1,0.0,0,0,0
C101565,2022-11-28,13,Basic,referral,20.57,1,2.0,1,0,0
C102990,2022-11-29,13,Basic,partner,21.36,1,3.0,0,0,0
C100221,2022-11-29,13,Basic,paid_search,16.71,0,16.0,0,0,0
C100536,2022-11-29,13,Standard,organic,39.72,0,2.0,0,0,0
C101742,2022-11-29,13,Standard,paid_search,41.05,0,7.0,0,0,0
C103442,2022-11-29,13,Standard,referral,40.06,0,5.0,1,0,0
C103883,2022-11-29,13,Standard,referral,31.08,1,2.0,1,0,0
C106757,2022-11-29,13,Standard,organic,39.01,0,10.0,1,0,0
C101457,2022-11-29,13,Standard,referral,43.77,1,7.0,1,0,0
C104423,2022-11-29,13,Premium,paid_search,75.07,0,1.0,0,0,0
C100870,2022-11-30,13,Basic,partner,24.01,0,1.0,0,0,0
C105829,2022-11-30,13,Standard,paid_search,40.45,0,4.0,0,0,0
C102845,2022-11-30,13,Basic,organic,22.04,0,1.0,0,0,0
C100204,2022-11-30,13,Standard,paid_search,45.12,1,6.0,1,0,0
C105205,2022-11-30,13,Premium,referral,83.3,0,17.0,0,0,0
C102179,2022-11-30,13,Basic,organic,17.12,0,,0,0,0
C104049,2022-11-30,13,Standard,referral,29.41,0,14.0,0,0,0
C102844,2022-11-30,13,Standard,organic,42.32,0,5.0,0,0,0
C102003,2022-12-01,13,Basic,organic,20.97,3,7.0,0,0,0
C100797,2022-12-01,13,Standard,organic,38.76,1,,0,0,0
C105719,2022-12-01,13,Basic,organic,19.45,0,5.0,0,0,0
C105136,2022-12-01,13,Standard,paid_search,31.94,1,0.0,0,0,0
C100915,2022-12-01,13,Standard,partner,48.59,0,8.0,0,0,0
C104525,2022-12-01,13,Premium,paid_search,53.71,0,3.0,0,0,0
C101554,2022-12-01,13,Standard,partner,37.81,0,17.0,0,0,0
C105743,2022-12-01,13,Standard,partner,42.5,0,6.0,0,0,0
C107100,2022-12-02,13,Premium,organic,65.49,1,6.0,0,0,0
C105471,2022-12-02,13,Basic,organic,23.04,2,,0,0,0
C100334,2022-12-02,13,Premium,organic,106.58,0,0.0,0,0,0
C104178,2022-12-02,13,Standard,organic,52.48,1,12.0,0,0,0
C102506,2022-12-02,13,Premium,referral,65.96,2,3.0,0,0,0
C100904,2022-12-02,13,Standard,organic,47.29,0,4.0,0,0,0
C103015,2022-12-02,13,Premium,partner,58.0,2,3.0,0,0,0
C107814,2022-12-02,13,Standard,referral,27.89,0,6.0,0,0,0
C100113,2022-12-02,13,Standard,organic,32.54,0,2.0,0,0,0
C105584,2022-12-02,13,Standard,organic,35.12,1,17.0,0,0,0
C106093,2022-12-03,13,Standard,organic,40.08,3,6.0,0,0,0
C106112,2022-12-03,13,Basic,paid_search,16.67,1,10.0,1,0,0
C101519,2022-12-03,13,Standard,paid_search,41.37,1,0.0,0,0,0
C100646,2022-12-03,13,Premium,organic,102.39,1,2.0,0,0,0
C102019,2022-12-03,13,Premium,referral,86.03,3,4.0,1,0,0
C101212,2022-12-03,13,Premium,paid_search,87.4,0,,0,0,0
C102273,2022-12-03,13,Basic,partner,18.65,0,7.0,0,0,0
C103131,2022-12-03,13,Standard,organic,35.37,3,10.0,0,0,0
C104166,2022-12-04,13,Standard,paid_search,38.72,1,11.0,0,0,0
C104741,2022-12-04,13,Standard,paid_search,32.96,2,18.0,1,0,0
C100072,2022-12-04,13,Basic,organic,12.96,0,15.0,0,3,1
C105021,2022-12-04,13,Premium,organic,86.92,2,,0,0,0
C100175,2022-12-04,13,Standard,organic,39.91,1,2.0,1,0,0
C100938,2022-12-04,13,Standard,referral,30.62,1,9.0,0,0,0
C100484,2022-12-04,13,Premium,paid_search,62.8,1,3.0,0,0,0
C102581,2022-12-04,13,Standard,organic,32.38,1,8.0,0,0,0
C102729,2022-12-04,13,Standard,paid_search,39.65,0,3.0,0,0,0
C105665,2022-12-04,13,Standard,organic,27.22,0,0.0,0,0,0
C105212,2022-12-04,13,Basic,paid_search,15.32,0,9.0,0,0,0
C102188,2022-12-04,13,Standard,referral,40.88,0,1.0,1,0,0
C100611,2022-12-04,13,Basic,organic,13.42,1,5.0,0,0,0
C104322,2022-12-04,13,Basic,organic,19.3,2,4.0,0,0,0
C107482,2022-12-05,13,Basic,partner,21.31,0,3.0,0,0,0
C107767,2022-12-05,13,Standard,organic,42.31,1,1.0,0,0,0
C102408,2022-12-05,13,Standard,organic,40.63,1,1.0,0,0,0
C102464,2022-12-05,13,Standard,referral,39.62,0,11.0,0,0,0
C106580,2022-12-05,13,Standard,organic,35.19,0,28.0,0,5,1
C105712,2022-12-05,13,Premium,partner,51.81,1,18.0,0,0,0
C103291,2022-12-05,13,Basic,organic,20.58,0,26.0,0,0,0
C102076,2022-12-05,13,Standard,organic,44.29,1,13.0,0,0,0
C105117,2022-12-05,13,Standard,organic,37.67,0,15.0,0,0,0
C107018,2022-12-05,13,Basic,organic,24.19,1,8.0,0,0,0
C103630,2022-12-05,13,Standard,paid_search,42.95,0,4.0,0,0,0
C102715,2022-12-05,13,Premium,organic,109.49,1,1.0,0,0,0
C103953,2022-12-05,13,Basic,organic,21.8,1,44.0,0,2,1
C100230,2022-12-05,13,Premium,paid_search,110.8,1,1.0,0,0,0
C102353,2022-12-06,13,Basic,organic,15.44,2,,1,0,0
C106189,2022-12-06,13,Basic,referral,26.77,1,19.0,0,1,1
C105653,2022-12-06,13,Standard,referral,31.36,0,26.0,0,0,0
C105273,2022-12-06,13,Standard,paid_search,35.06,0,3.0,0,0,0
C106174,2022-12-06,13,Basic,organic,23.3,1,4.0,1,0,0
C101247,2022-12-06,13,Basic,organic,22.55,0,3.0,1,0,0
C101953,2022-12-06,13,Basic,referral,19.19,2,1.0,0,0,0
C107509,2022-12-06,13,Basic,paid_search,16.1,1,2.0,0,0,0
C106454,2022-12-07,13,Basic,partner,24.86,0,,0,0,0
C100709,2022-12-07,13,Basic,organic,22.47,1,12.0,0,0,0
C106318,2022-12-07,13,Premium,organic,76.45,0,1.0,0,0,0
C106284,2022-12-07,13,Basic,referral,9.79,2,0.0,2,0,0
C100053,2022-12-07,13,Basic,paid_search,23.67,0,10.0,0,0,0
C107975,2022-12-07,13,Basic,organic,21.12,1,3.0,0,0,0
C104179,2022-12-07,13,Basic,partner,26.72,1,38.0,0,0,0
C100276,2022-12-07,13,Basic,partner,21.01,1,4.0,1,0,0
C102643,2022-12-07,13,Basic,referral,17.98,3,7.0,0,0,0
C101074,2022-12-07,13,Premium,organic,88.75,0,2.0,0,0,0
C107739,2022-12-07,13,Standard,organic,31.81,1,,0,0,0
C102526,2022-12-08,13,Basic,partner,15.18,1,3.0,0,0,0
C101498,2022-12-08,13,Basic,organic,16.81,1,,0,0,0
C103661,2022-12-08,13,Premium,paid_search,51.47,1,11.0,0,0,0
C103559,2022-12-08,13,Premium,partner,84.13,0,18.0,0,0,0
C104806,2022-12-08,13,Basic,paid_search,20.66,1,16.0,0,0,0
C100473,2022-12-08,13,Basic,organic,21.19,2,4.0,0,0,0
C105411,2022-12-08,13,Basic,partner,18.49,0,,0,0,0
C103285,2022-12-08,13,Premium,organic,64.88,1,1.0,0,0,0
C106004,2022-12-08,13,Basic,referral,21.22,0,1.0,0,0,0
C104342,2022-12-08,13,Standard,organic,41.26,0,12.0,1,0,0
C106946,2022-12-08,13,Premium,paid_search,91.24,0,14.0,0,0,0
C103089,2022-12-08,13,Basic,paid_search,17.27,2,14.0,0,0,0
C104866,2022-12-08,13,Basic,organic,14.65,0,14.0,0,0,0
C104480,2022-12-08,13,Basic,referral,18.57,0,9.0,0,0,0
C107764,2022-12-08,13,Premium,paid_search,83.59,1,2.0,0,0,0
C101767,2022-12-08,13,Standard,organic,37.63,1,3.0,0,0,0
C101801,2022-12-08,13,Standard,referral,37.54,1,4.0,0,0,0
C105339,2022-12-08,13,Basic,organic,20.43,1,9.0,0,0,0
C103138,2022-12-09,13,Standard,referral,35.51,1,56.0,0,0,0
C105768,2022-12-09,13,Standard,organic,43.12,0,13.0,0,0,0
C105941,2022-12-09,13,Basic,organic,11.78,0,16.0,0,0,0
C101967,2022-12-09,13,Basic,paid_search,18.76,0,6.0,0,0,0
C104484,2022-12-09,13,Standard,partner,30.37,3,6.0,0,0,0
C106060,2022-12-09,13,Premium,referral,108.72,2,19.0,0,0,0
C100366,2022-12-09,13,Standard,partner,41.94,1,10.0,0,0,0
C101696,2022-12-09,13,Basic,organic,25.24,0,8.0,0,4,1
C105906,2022-12-09,13,Standard,paid_search,32.05,0,1.0,0,0,0
C107548,2022-12-09,13,Basic,paid_search,24.54,1,,1,0,0
C101101,2022-12-09,13,Basic,organic,11.32,0,0.0,0,0,0
C102975,2022-12-09,13,Basic,referral,15.94,1,6.0,0,0,0
C107186,2022-12-09,13,Premium,partner,94.73,0,6.0,0,0,0
C100069,2022-12-09,13,Basic,paid_search,15.85,0,7.0,0,0,0
C101711,2022-12-09,13,Standard,paid_search,38.57,2,12.0,0,0,0
C104706,2022-12-10,13,Basic,organic,17.32,0,14.0,0,0,0
C101430,2022-12-10,13,Basic,partner,14.16,0,0.0,0,0,0
C102548,2022-12-10,13,Standard,organic,38.75,2,5.0,0,0,0
C107667,2022-12-10,13,Premium,organic,71.81,0,18.0,1,6,1
C107091,2022-12-10,13,Basic,paid_search,21.84,0,,0,0,0
C100123,2022-12-10,13,Basic,partner,20.1,0,5.0,0,0,0
C107978,2022-12-10,13,Basic,referral,22.51,1,14.0,1,4,1
C107721,2022-12-10,13,Standard,referral,33.85,2,2.0,0,0,0
C102453,2022-12-10,13,Basic,paid_search,12.27,0,4.0,0,0,0
C104416,2022-12-10,13,Premium,paid_search,77.59,1,17.0,0,0,0
C105871,2022-12-11,13,Standard,partner,33.83,2,5.0,0,0,0
C103635,2022-12-11,13,Basic,partner,17.16,1,30.0,0,0,0
C103122,2022-12-11,13,Premium,organic,96.66,0,30.0,1,3,1
C104605,2022-12-11,13,Basic,organic,15.1,0,44.0,0,0,0
C106616,2022-12-11,13,Basic,organic,19.27,1,3.0,0,0,0
C107268,2022-12-11,13,Basic,paid_search,22.88,1,1.0,0,0,0
C106922,2022-12-11,13,Standard,partner,38.75,0,5.0,0,0,0
C105347,2022-12-11,13,Premium,paid_search,78.29,3,20.0,0,5,1
C105353,2022-12-11,13,Standard,organic,34.02,0,4.0,0,0,0
C103937,2022-12-11,13,Basic,paid_search,18.49,0,9.0,0,0,0
C102912,2022-12-11,13,Standard,paid_search,38.25,0,37.0,0,0,0
C106499,2022-12-11,13,Standard,paid_search,34.88,0,4.0,0,0,0
C100108,2022-12-11,13,Premium,organic,61.44,1,2.0,0,0,0
C105490,2022-12-12,13,Basic,referral,20.3,1,,0,0,0
C101788,2022-12-12,13,Standard,organic,44.18,1,11.0,0,1,1
C102394,2022-12-12,13,Standard,referral,32.08,0,0.0,0,0,0
C102025,2022-12-12,13,Premium,organic,78.39,1,,0,0,0
C105991,2022-12-12,13,Basic,organic,23.75,1,10.0,0,0,0
C106828,2022-12-12,13,Standard,paid_search,42.57,1,3.0,0,0,0
C100289,2022-12-12,13,Standard,organic,49.18,1,2.0,0,0,0
C107065,2022-12-12,13,Basic,paid_search,23.07,0,19.0,0,0,0
C103409,2022-12-12,13,Basic,organic,21.75,1,3.0,1,0,0
C102462,2022-12-13,13,Standard,paid_search,26.86,0,1.0,0,0,0
C100973,2022-12-13,13,Premium,referral,83.9,0,14.0,0,0,0
C104115,2022-12-13,13,Premium,paid_search,91.29,0,9.0,1,0,0
C102458,2022-12-13,13,Standard,paid_search,44.45,1,2.0,0,0,0
C100943,2022-12-13,13,Premium,referral,84.99,0,3.0,0,4,1
C106602,2022-12-13,13,Premium,organic,78.56,0,7.0,0,0,0
C103873,2022-12-13,13,Basic,paid_search,20.86,0,1.0,0,0,0
C103989,2022-12-13,13,Premium,paid_search,67.16,0,6.0,0,0,0
C106230,2022-12-13,13,Standard,organic,41.56,1,17.0,0,0,0
C103450,2022-12-13,13,Basic,organic,17.55,0,4.0,0,0,0
C107474,2022-12-13,13,Basic,organic,13.82,2,2.0,0,0,0
C106045,2022-12-13,13,Standard,organic,38.46,0,1.0,0,1,0
C107439,2022-12-13,13,Premium,organic,90.32,0,3.0,1,1,0
C106562,2022-12-13,13,Standard,organic,42.99,1,10.0,0,0,0
C105856,2022-12-13,13,Standard,referral,37.94,1,4.0,1,4,1
C107823,2022-12-13,13,Standard,referral,49.89,0,3.0,0,0,0
C107661,2022-12-14,13,Basic,partner,20.27,0,7.0,0,0,0
C105132,2022-12-14,13,Basic,partner,16.0,3,3.0,0,0,0
C105146,2022-12-14,13,Basic,referral,18.29,0,4.0,0,0,0
C102455,2022-12-14,13,Standard,organic,42.7,3,21.0,0,0,1
C101419,2022-12-14,13,Basic,paid_search,17.27,0,20.0,0,0,0
C105630,2022-12-14,13,Standard,paid_search,37.11,2,,0,3,1
C100518,2022-12-14,13,Standard,organic,46.86,2,7.0,1,0,0
C102979,2022-12-14,13,Standard,paid_search,32.32,1,11.0,0,0,0
C107190,2022-12-14,13,Basic,partner,15.99,0,7.0,2,0,0
C100075,2022-12-14,13,Basic,partner,20.84,0,1.0,0,0,0
C102238,2022-12-14,13,Premium,paid_search,80.67,1,7.0,0,0,0
C105560,2022-12-14,13,Standard,organic,38.73,1,12.0,0,0,0
C103497,2022-12-14,13,Standard,organic,34.23,0,6.0,0,0,0
C100708,2022-12-14,13,Basic,organic,14.49,2,9.0,0,2,1
C101540,2022-12-14,13,Premium,organic,79.47,3,,0,0,0
C103845,2022-12-15,13,Basic,organic,12.71,0,,0,0,0
C106527,2022-12-15,13,Standard,organic,33.72,2,5.0,0,0,0
C104725,2022-12-15,13,Premium,paid_search,101.32,1,13.0,0,0,0
C101794,2022-12-15,13,Standard,organic,45.28,1,0.0,0,0,0
C107324,2022-12-15,13,Basic,partner,24.07,1,0.0,0,0,0
C104452,2022-12-15,13,Basic,organic,13.93,2,16.0,0,0,0
C103970,2022-12-15,13,Standard,organic,47.14,1,,0,0,0
C107522,2022-12-15,13,Premium,organic,73.21,1,13.0,0,0,0
C103137,2022-12-15,13,Basic,organic,13.12,0,7.0,0,0,0
C101201,2022-12-15,13,Basic,organic,16.82,1,1.0,0,0,0
C102959,2022-12-15,13,Premium,organic,81.62,0,22.0,0,2,1
C106348,2022-12-15,13,Basic,organic,17.85,1,4.0,0,0,0
C100621,2022-12-15,13,Premium,referral,75.57,1,1.0,0,0,0
C100972,2022-12-15,13,Basic,referral,19.49,1,18.0,1,3,1
C106597,2022-12-16,13,Standard,organic,40.48,0,13.0,0,0,0
C104280,2022-12-16,13,Standard,partner,42.82,1,14.0,0,0,0
C106798,2022-12-16,13,Premium,partner,92.22,0,1.0,0,0,0
C103055,2022-12-16,13,Basic,referral,26.28,2,7.0,0,0,0
C100767,2022-12-16,13,Standard,organic,41.56,1,1.0,1,0,0
C102768,2022-12-16,13,Standard,organic,41.65,0,10.0,0,0,0
C103261,2022-12-16,13,Standard,partner,36.23,0,6.0,0,0,0
C100784,2022-12-16,13,Premium,paid_search,102.88,1,9.0,0,3,1
C101798,2022-12-16,13,Standard,organic,53.53,0,0.0,0,0,0
C102177,2022-12-17,12,Basic,referral,21.0,0,10.0,1,0,0
C103426,2022-12-17,12,Premium,partner,66.43,1,,0,0,0
C106715,2022-12-17,12,Basic,partner,17.36,0,4.0,0,0,0
C101100,2022-12-17,12,Standard,organic,33.71,1,8.0,0,0,0
C101507,2022-12-17,12,Basic,referral,15.39,0,6.0,0,0,0
C107093,2022-12-17,12,Basic,referral,16.96,0,14.0,0,0,0
C104111,2022-12-17,12,Basic,paid_search,19.5,1,6.0,0,0,0
C103655,2022-12-18,12,Standard,paid_search,35.54,0,32.0,0,2,1
C102685,2022-12-18,12,Basic,partner,19.86,0,2.0,0,0,0
C101807,2022-12-18,12,Premium,organic,74.92,2,13.0,0,4,1
C101931,2022-12-18,12,Basic,paid_search,16.71,0,2.0,0,0,0
C103854,2022-12-18,12,Basic,partner,17.65,1,6.0,0,0,0
C104889,2022-12-18,12,Basic,referral,18.57,1,5.0,0,0,0
C104894,2022-12-18,12,Basic,organic,18.71,0,2.0,0,0,0
C103071,2022-12-18,12,Basic,partner,19.06,0,7.0,0,0,0
C107512,2022-12-18,12,Standard,paid_search,20.24,1,4.0,0,2,1
C100643,2022-12-18,12,Basic,organic,16.7,1,17.0,1,0,1
C103922,2022-12-18,12,Standard,organic,46.66,0,10.0,0,0,0
C107135,2022-12-19,12,Premium,referral,119.14,0,14.0,0,0,0
C107396,2022-12-19,12,Premium,paid_search,71.51,2,6.0,0,0,0
C104354,2022-12-19,12,Standard,referral,33.68,0,3.0,1,0,0
C104427,2022-12-19,12,Basic,organic,22.34,1,,0,0,0
C101516,2022-12-19,12,Basic,organic,19.57,0,12.0,0,0,0
C107784,2022-12-19,12,Standard,organic,38.79,0,1.0,0,0,0
C106662,2022-12-19,12,Premium,paid_search,84.67,1,15.0,0,0,0
C106764,2022-12-19,12,Standard,paid_search,37.63,1,30.0,1,0,0
C105808,2022-12-19,12,Basic,organic,19.56,1,1.0,0,0,0
C100275,2022-12-19,12,Basic,paid_search,15.94,0,13.0,0,0,0
C106459,2022-12-19,12,Standard,paid_search,41.72,0,12.0,0,0,0
C102843,2022-12-19,12,Basic,paid_search,23.6,1,6.0,0,0,0
C106936,2022-12-19,12,Standard,organic,35.55,0,1.0,0,0,0
C101145,2022-12-19,12,Premium,organic,66.01,2,8.0,0,0,0
C106310,2022-12-19,12,Basic,organic,28.81,2,20.0,0,0,0
C106553,2022-12-19,12,Basic,paid_search,23.6,1,1.0,0,0,0
C107175,2022-12-20,12,Standard,organic,44.43,2,3.0,0,0,0
C107059,2022-12-20,12,Basic,organic,17.07,3,1.0,0,0,0
C107060,2022-12-20,12,Basic,paid_search,19.48,2,5.0,0,0,0
C102415,2022-12-21,12,Basic,paid_search,18.72,0,5.0,0,0,0
C104607,2022-12-21,12,Standard,organic,40.45,1,,1,0,0
C105378,2022-12-21,12,Basic,referral,21.97,1,8.0,0,0,0
C102957,2022-12-21,12,Standard,organic,48.88,1,15.0,0,0,0
C106630,2022-12-21,12,Basic,organic,20.08,0,5.0,1,0,0
C101030,2022-12-22,12,Basic,organic,16.06,0,7.0,0,0,0
C107367,2022-12-22,12,Standard,partner,52.05,2,8.0,0,0,0
C106386,2022-12-22,12,Standard,partner,44.22,0,2.0,0,0,0
C104829,2022-12-22,12,Premium,paid_search,72.83,2,6.0,0,0,0
C106589,2022-12-22,12,Standard,organic,44.01,0,8.0,0,1,1
C100281,2022-12-22,12,Basic,partner,20.54,0,1.0,0,0,0
C104560,2022-12-23,12,Basic,referral,22.15,2,38.0,0,0,0
C100728,2022-12-23,12,Standard,paid_search,39.79,0,18.0,0,0,0
C106507,2022-12-23,12,Basic,organic,19.37,0,14.0,0,0,0
C104472,2022-12-23,12,Basic,organic,15.62,1,3.0,0,0,0
C100443,2022-12-23,12,Premium,organic,81.64,0,20.0,0,0,0
C106102,2022-12-23,12,Premium,organic,77.98,0,11.0,0,0,0
C104216,2022-12-23,12,Premium,paid_search,103.75,0,,0,0,0
C106024,2022-12-23,12,Basic,referral,20.94,0,6.0,1,0,0
C104713,2022-12-23,12,Standard,paid_search,42.43,2,2.0,0,0,0
C107840,2022-12-24,12,Premium,organic,74.01,0,3.0,0,0,0
C101491,2022-12-24,12,Standard,referral,37.98,0,8.0,0,0,0
C101243,2022-12-24,12,Basic,organic,22.6,1,0.0,1,0,0
C103014,2022-12-24,12,Basic,paid_search,22.88,1,18.0,1,5,1
C104013,2022-12-24,12,Basic,organic,19.1,1,8.0,0,0,0
C102155,2022-12-24,12,Basic,referral,16.21,2,1.0,0,0,0
C101115,2022-12-24,12,Premium,referral,109.06,1,7.0,0,0,0
C100650,2022-12-24,12,Premium,organic,90.91,1,3.0,0,0,0
C102297,2022-12-25,12,Standard,organic,32.55,2,10.0,1,0,0
C106587,2022-12-25,12,Premium,organic,81.71,0,0.0,0,0,0
C101917,2022-12-25,12,Standard,paid_search,23.57,3,8.0,0,0,0
C105208,2022-12-25,12,Basic,referral,17.17,2,,0,0,0
C105329,2022-12-25,12,Standard,organic,50.96,2,14.0,0,0,0
C104414,2022-12-25,12,Basic,paid_search,11.75,2,3.0,1,0,0
C100283,2022-12-25,12,Basic,organic,20.6,0,10.0,1,0,0
C101476,2022-12-25,12,Basic,paid_search,18.33,0,1.0,0,0,0
C107594,2022-12-25,12,Basic,paid_search,16.97,0,11.0,0,0,0
C107562,2022-12-25,12,Basic,organic,19.9,0,7.0,0,0,0
C107551,2022-12-25,12,Premium,organic,86.89,1,1.0,0,0,0
C106365,2022-12-25,12,Basic,organic,19.21,0,13.0,0,0,0
C100562,2022-12-26,12,Basic,referral,21.42,0,6.0,0,0,0
C105603,2022-12-26,12,Basic,organic,22.15,1,,0,0,0
C104292,2022-12-26,12,Standard,organic,43.14,0,20.0,0,0,0
C103140,2022-12-26,12,Basic,paid_search,17.93,0,2.0,0,0,0
C105774,2022-12-26,12,Standard,referral,40.33,1,2.0,0,0,0
C100717,2022-12-26,12,Standard,referral,43.61,2,3.0,0,0,0
C103708,2022-12-26,12,Basic,organic,19.62,2,8.0,0,0,0
C102738,2022-12-26,12,Standard,organic,28.84,1,15.0,0,0,0
C103643,2022-12-26,12,Standard,organic,42.21,1,1.0,0,0,0
C100234,2022-12-26,12,Basic,partner,16.86,2,1.0,0,0,0
C105225,2022-12-26,12,Standard,organic,47.99,0,5.0,0,0,0
C103139,2022-12-27,12,Basic,paid_search,13.11,0,2.0,1,0,0
C103659,2022-12-27,12,Standard,referral,48.53,1,,0,0,0
C105674,2022-12-27,12,Basic,referral,19.53,0,0.0,0,0,0
C100251,2022-12-27,12,Basic,organic,25.7,1,1.0,0,0,0
C107957,2022-12-27,12,Basic,organic,18.32,0,,0,0,0
C101119,2022-12-27,12,Standard,paid_search,43.36,1,0.0,0,0,0
C103841,2022-12-27,12,Basic,paid_search,13.08,0,0.0,0,0,0
C101017,2022-12-27,12,Standard,paid_search,36.81,0,1.0,1,0,0
C101548,2022-12-27,12,Standard,organic,24.17,0,0.0,0,0,0
C102539,2022-12-27,12,Standard,referral,44.1,1,0.0,0,0,0
C102976,2022-12-27,12,Standard,organic,49.1,0,1.0,0,0,0
C105231,2022-12-27,12,Standard,partner,36.14,0,4.0,0,0,0
C103449,2022-12-28,12,Standard,organic,44.09,0,5.0,0,0,0
C101518,2022-12-28,12,Basic,paid_search,18.87,0,14.0,0,0,0
C100202,2022-12-28,12,Basic,paid_search,18.26,1,2.0,0,0,0
C101352,2022-12-28,12,Standard,referral,46.93,2,7.0,1,0,0
C100184,2022-12-28,12,Premium,paid_search,83.51,2,13.0,0,0,0
C106709,2022-12-28,12,Standard,referral,39.23,1,15.0,1,0,0
C104195,2022-12-28,12,Standard,paid_search,40.8,1,30.0,0,0,0
C106111,2022-12-28,12,Basic,partner,16.47,1,15.0,1,0,0
C104572,2022-12-28,12,Standard,referral,35.22,0,1.0,1,0,0
C101813,2022-12-28,12,Standard,paid_search,51.02,1,4.0,0,0,0
C104637,2022-12-29,12,Basic,referral,16.24,1,1.0,0,0,0
C105192,2022-12-29,12,Standard,organic,56.7,1,25.0,0,0,0
C105497,2022-12-29,12,Basic,referral,21.09,2,48.0,0,0,0
C101355,2022-12-29,12,Premium,paid_search,82.99,0,19.0,0,0,0
C102010,2022-12-29,12,Standard,partner,49.19,0,2.0,1,0,0
C105263,2022-12-29,12,Premium,paid_search,95.54,1,2.0,1,0,0
C107013,2022-12-29,12,Basic,paid_search,19.66,0,15.0,0,0,0
C106595,2022-12-29,12,Standard,organic,27.0,1,1.0,0,0,0
C102663,2022-12-29,12,Premium,paid_search,94.58,1,1.0,0,0,0
C104362,2022-12-29,12,Standard,partner,28.7,1,2.0,1,0,0
C102641,2022-12-29,12,Standard,referral,37.33,1,44.0,0,0,0
C105388,2022-12-29,12,Basic,paid_search,12.17,0,1.0,0,0,0
C107869,2022-12-29,12,Basic,paid_search,24.24,0,6.0,0,0,0
C104659,2022-12-30,12,Basic,paid_search,12.24,1,,0,0,0
C102947,2022-12-30,12,Standard,paid_search,42.11,1,2.0,1,0,0
C104882,2022-12-30,12,Standard,paid_search,41.51,0,19.0,0,0,0
C100182,2022-12-30,12,Standard,partner,50.93,0,,0,0,0
C105972,2022-12-30,12,Premium,organic,68.73,1,1.0,1,0,0
C105006,2022-12-30,12,Basic,referral,19.37,0,8.0,0,0,0
C100054,2022-12-30,12,Standard,partner,45.19,0,11.0,0,0,0
C107113,2022-12-30,12,Basic,paid_search,13.45,1,8.0,0,0,0
C104999,2022-12-30,12,Standard,paid_search,35.25,0,21.0,0,0,0
C107933,2022-12-30,12,Standard,organic,51.44,0,1.0,0,0,0
C105346,2022-12-30,12,Basic,paid_search,20.15,2,,0,0,0
C106806,2022-12-30,12,Basic,referral,24.39,1,4.0,0,0,0
C107877,2022-12-30,12,Basic,paid_search,19.02,1,7.0,0,0,0
C106979,2022-12-30,12,Standard,referral,42.86,1,4.0,1,0,0
C103115,2022-12-30,12,Premium,paid_search,85.42,0,35.0,0,2,1
C104824,2022-12-31,12,Premium,organic,77.18,1,12.0,0,0,0
C106532,2022-12-31,12,Basic,organic,18.76,2,2.0,0,0,0
C105103,2022-12-31,12,Standard,partner,42.51,1,,0,0,0
C100452,2022-12-31,12,Standard,paid_search,45.87,0,15.0,0,0,0
C103637,2022-12-31,12,Premium,organic,74.96,2,10.0,0,0,0
C100404,2022-12-31,12,Standard,partner,43.25,0,13.0,0,0,0
C102537,2022-12-31,12,Standard,partner,36.91,1,8.0,0,0,0
C106842,2022-12-31,12,Basic,paid_search,25.74,4,20.0,0,0,0
C101161,2022-12-31,12,Premium,organic,68.37,0,1.0,0,0,0
C107552,2022-12-31,12,Standard,paid_search,26.41,1,1.0,0,0,0
C105351,2023-01-01,12,Standard,paid_search,43.9,0,26.0,0,0,0
C103705,2023-01-01,12,Standard,organic,36.58,0,3.0,0,0,0
C102253,2023-01-01,12,Basic,organic,20.5,2,14.0,0,0,0
C100020,2023-01-01,12,Basic,organic,25.59,2,1.0,0,0,0
C100405,2023-01-01,12,Standard,referral,44.35,1,8.0,0,0,0
C102596,2023-01-01,12,Basic,organic,20.75,1,1.0,1,0,0
C104715,2023-01-01,12,Basic,organic,10.43,0,23.0,1,0,0
C107212,2023-01-01,12,Basic,partner,25.61,1,18.0,0,0,0
C100179,2023-01-01,12,Premium,organic,61.14,0,10.0,0,0,0
C107205,2023-01-01,12,Basic,referral,14.72,0,,0,0,0
C107312,2023-01-02,12,Standard,referral,56.32,0,,0,0,0
C104133,2023-01-02,12,Standard,organic,39.86,1,6.0,1,0,0
C104084,2023-01-02,12,Basic,referral,20.1,2,1.0,0,0,0
C101052,2023-01-02,12,Standard,organic,41.8,0,5.0,1,0,0
C104339,2023-01-02,12,Standard,organic,35.03,4,10.0,0,0,0
C103926,2023-01-02,12,Basic,referral,15.21,0,1.0,1,0,0
C104345,2023-01-02,12,Standard,organic,46.94,0,1.0,1,0,0
C106689,2023-01-03,12,Premium,organic,81.2,1,5.0,0,0,0
C101007,2023-01-03,12,Standard,paid_search,46.07,0,6.0,0,0,0
C107123,2023-01-03,12,Basic,organic,19.85,1,0.0,0,0,0
C106942,2023-01-03,12,Standard,organic,34.85,1,6.0,0,0,0
C104796,2023-01-03,12,Standard,paid_search,50.09,0,28.0,0,0,0
C105433,2023-01-03,12,Standard,organic,31.2,0,,0,0,0
C104125,2023-01-03,12,Basic,referral,18.96,0,5.0,0,0,0
C103373,2023-01-03,12,Standard,organic,41.81,1,18.0,0,0,0
C101736,2023-01-03,12,Standard,paid_search,46.79,0,36.0,0,0,0
C100666,2023-01-03,12,Standard,organic,46.1,1,2.0,0,0,0
C101090,2023-01-03,12,Basic,organic,18.02,3,3.0,0,0,0
C101378,2023-01-03,12,Basic,referral,19.13,1,5.0,0,0,0
C104961,2023-01-04,12,Basic,paid_search,14.32,0,23.0,0,3,1
C100628,2023-01-04,12,Basic,organic,12.98,0,6.0,0,0,0
C104269,2023-01-04,12,Basic,referral,15.38,1,2.0,0,0,0
C102684,2023-01-04,12,Basic,organic,20.03,1,5.0,0,0,0
C100875,2023-01-04,12,Standard,organic,38.3,1,3.0,0,1,0
C102349,2023-01-04,12,Standard,referral,39.77,2,2.0,0,0,0
C101151,2023-01-04,12,Basic,referral,16.4,0,0.0,2,2,0
C106118,2023-01-04,12,Standard,organic,46.46,0,25.0,0,0,0
C100555,2023-01-04,12,Standard,paid_search,29.68,1,8.0,1,0,0
C104139,2023-01-04,12,Basic,partner,24.81,3,65.0,0,0,1
C103128,2023-01-04,12,Premium,organic,59.03,0,3.0,0,0,0
C101766,2023-01-04,12,Basic,paid_search,25.14,2,3.0,0,0,0
C107278,2023-01-04,12,Basic,paid_search,15.23,0,,0,0,0
C103375,2023-01-04,12,Basic,organic,27.21,1,6.0,0,0,0
C100158,2023-01-04,12,Standard,organic,39.72,0,0.0,0,0,0
C103376,2023-01-04,12,Basic,partner,22.94,1,1.0,1,0,0
C100419,2023-01-05,12,Standard,organic,36.55,1,17.0,0,0,0
C107240,2023-01-05,12,Standard,referral,41.03,1,,0,0,0
C100114,2023-01-05,12,Standard,paid_search,42.12,0,3.0,1,0,0
C107049,2023-01-05,12,Basic,paid_search,18.31,0,3.0,0,0,0
C103761,2023-01-05,12,Premium,partner,81.68,1,1.0,0,0,0
C102714,2023-01-05,12,Standard,paid_search,41.83,1,7.0,1,0,0
C107810,2023-01-05,12,Premium,organic,108.34,2,8.0,1,0,0
C106817,2023-01-05,12,Standard,organic,46.41,1,10.0,0,0,0
C104172,2023-01-05,12,Standard,paid_search,26.18,1,10.0,0,0,0
C103011,2023-01-05,12,Premium,organic,105.05,0,6.0,0,0,0
C105949,2023-01-05,12,Standard,partner,36.91,1,1.0,0,0,0
C105532,2023-01-05,12,Premium,organic,61.01,1,1.0,0,0,0
C106270,2023-01-05,12,Standard,organic,31.01,0,0.0,0,0,0
C102250,2023-01-05,12,Premium,referral,79.07,2,15.0,0,0,0
C106657,2023-01-05,12,Standard,organic,35.37,1,19.0,0,0,0
C107702,2023-01-05,12,Basic,paid_search,16.9,0,5.0,0,0,0
C107606,2023-01-05,12,Standard,partner,64.85,0,10.0,0,0,0
C104168,2023-01-06,12,Basic,organic,21.25,0,7.0,0,0,0
C105081,2023-01-06,12,Basic,organic,24.4,2,,0,0,0
C101489,2023-01-06,12,Standard,partner,31.44,1,15.0,0,0,0
C101240,2023-01-06,12,Basic,organic,16.27,6,15.0,0,3,1
C101216,2023-01-06,12,Basic,partner,18.3,2,13.0,0,0,0
C104535,2023-01-06,12,Basic,organic,15.59,1,3.0,1,1,0
C101617,2023-01-06,12,Premium,partner,78.67,2,1.0,1,0,0
C106749,2023-01-06,12,Basic,organic,26.36,1,47.0,0,0,0
C102900,2023-01-06,12,Basic,referral,21.13,0,0.0,0,0,0
C102951,2023-01-06,12,Premium,referral,99.38,0,,0,0,0
C106359,2023-01-06,12,Standard,organic,50.94,0,2.0,0,0,0
C105412,2023-01-06,12,Basic,organic,27.2,2,18.0,1,0,0
C104394,2023-01-07,12,Basic,organic,16.26,1,14.0,0,0,0
C107691,2023-01-07,12,Standard,partner,30.56,0,4.0,0,0,0
C100896,2023-01-07,12,Basic,organic,18.8,1,3.0,0,0,0
C101050,2023-01-07,12,Basic,organic,18.41,2,4.0,0,0,0
C105514,2023-01-07,12,Basic,paid_search,17.47,1,,1,0,0
C102065,2023-01-07,12,Premium,paid_search,75.44,1,14.0,0,0,0
C100444,2023-01-07,12,Basic,paid_search,16.85,0,2.0,0,0,0
C100939,2023-01-07,12,Basic,organic,25.14,0,7.0,1,0,0
C103902,2023-01-07,12,Premium,referral,64.29,2,29.0,0,0,0
C105079,2023-01-08,12,Basic,organic,16.64,1,2.0,0,0,0
C103939,2023-01-08,12,Standard,organic,56.25,0,2.0,0,0,0
C107865,2023-01-08,12,Standard,paid_search,36.78,2,8.0,1,0,0
C107487,2023-01-08,12,Premium,paid_search,67.3,2,0.0,0,0,0
C102312,2023-01-08,12,Premium,referral,67.58,0,2.0,0,0,0
C106502,2023-01-09,12,Basic,referral,22.85,1,4.0,1,0,0
C103994,2023-01-09,12,Basic,paid_search,19.57,0,7.0,0,0,0
C106825,2023-01-09,12,Standard,paid_search,48.85,0,3.0,0,0,0
C102742,2023-01-09,12,Basic,referral,24.34,1,10.0,0,0,0
C107116,2023-01-09,12,Basic,paid_search,15.74,2,1.0,0,0,0
C107503,2023-01-09,12,Standard,partner,22.3,0,,0,0,0
C105441,2023-01-09,12,Premium,organic,51.87,0,21.0,0,0,0
C104395,2023-01-09,12,Standard,organic,34.97,0,8.0,0,0,0
C107780,2023-01-09,12,Basic,referral,16.0,0,,1,0,0
C105379,2023-01-09,12,Basic,paid_search,17.66,2,7.0,0,0,0
C107821,2023-01-09,12,Basic,organic,14.75,1,1.0,0,0,0
C102810,2023-01-10,12,Basic,partner,21.25,2,15.0,0,0,0
C107533,2023-01-10,12,Standard,referral,50.68,2,28.0,0,0,0
C102958,2023-01-10,12,Basic,referral,22.16,0,22.0,0,0,0
C100016,2023-01-10,12,Basic,partner,20.77,0,3.0,0,0,0
C101441,2023-01-10,12,Standard,organic,28.32,0,1.0,0,0,0
C104108,2023-01-10,12,Standard,referral,37.54,1,7.0,0,0,0
C103310,2023-01-10,12,Basic,paid_search,17.01,0,1.0,0,0,0
C103664,2023-01-10,12,Basic,organic,19.71,1,1.0,0,0,0
C100999,2023-01-10,12,Standard,paid_search,41.18,0,1.0,0,0,0
C107684,2023-01-11,12,Premium,paid_search,49.93,0,4.0,0,0,0
C107443,2023-01-11,12,Basic,paid_search,15.67,4,13.0,1,2,1
C101295,2023-01-11,12,Standard,organic,39.91,1,,0,0,0
C107119,2023-01-11,12,Standard,organic,48.23,0,,0,0,0
C100343,2023-01-11,12,Basic,partner,13.0,1,1.0,0,0,0
C105064,2023-01-11,12,Basic,partner,19.44,0,11.0,0,0,0
C103656,2023-01-11,12,Standard,organic,32.56,1,,0,0,0
C101679,2023-01-11,12,Basic,organic,17.81,2,36.0,0,0,0
C100607,2023-01-11,12,Basic,partner,14.84,1,8.0,0,0,0
C105555,2023-01-11,12,Basic,organic,15.57,0,13.0,0,0,0
C106468,2023-01-11,12,Standard,referral,50.77,3,6.0,0,0,0
C105860,2023-01-11,12,Basic,referral,23.64,0,6.0,0,5,1
C101582,2023-01-12,12,Basic,paid_search,18.13,3,2.0,0,0,0
C103653,2023-01-12,12,Basic,organic,20.01,0,,1,0,0
C107785,2023-01-12,12,Basic,organic,26.0,0,40.0,1,0,0
C107696,2023-01-12,12,Standard,paid_search,44.31,0,,0,0,0
C101459,2023-01-12,12,Basic,paid_search,12.8,1,11.0,0,0,0
C104063,2023-01-12,12,Standard,organic,54.06,2,,0,0,0
C100802,2023-01-12,12,Basic,organic,22.84,1,3.0,1,0,0
C101206,2023-01-12,12,Basic,organic,19.64,0,1.0,1,1,0
C100548,2023-01-12,12,Standard,organic,31.91,1,3.0,1,0,0
C102875,2023-01-12,12,Standard,paid_search,46.75,4,,0,0,0
C106813,2023-01-12,12,Standard,organic,32.42,2,4.0,0,0,0
C101915,2023-01-13,12,Standard,paid_search,24.87,0,11.0,0,0,0
C105458,2023-01-13,12,Standard,paid_search,43.11,1,8.0,0,0,0
C104684,2023-01-13,12,Basic,paid_search,17.31,0,,0,0,0
C106768,2023-01-13,12,Standard,paid_search,37.27,0,0.0,0,0,0
C101164,2023-01-13,12,Standard,organic,52.15,0,4.0,0,0,0
C100716,2023-01-13,12,Basic,paid_search,19.53,0,7.0,0,0,0
C103420,2023-01-13,12,Basic,paid_search,19.98,0,0.0,0,0,0
C105440,2023-01-13,12,Standard,organic,44.2,0,14.0,0,0,0
C107224,2023-01-13,12,Basic,organic,15.43,1,14.0,0,0,0
C102263,2023-01-13,12,Standard,organic,38.35,1,11.0,0,0,0
C101719,2023-01-13,12,Basic,organic,15.49,0,8.0,0,0,0
C105824,2023-01-13,12,Basic,paid_search,18.82,0,14.0,0,0,0
C105127,2023-01-13,12,Standard,referral,47.07,0,9.0,0,0,0
C107264,2023-01-13,12,Basic,organic,16.47,1,13.0,0,0,0
C103808,2023-01-14,12,Premium,organic,98.8,2,,0,0,0
C100365,2023-01-14,12,Basic,partner,16.61,0,0.0,1,0,0
C103900,2023-01-14,12,Basic,organic,15.49,0,,0,0,0
C107833,2023-01-14,12,Basic,organic,15.27,2,8.0,0,0,0
C106465,2023-01-14,12,Premium,paid_search,59.41,0,4.0,0,0,0
C107020,2023-01-14,12,Basic,referral,26.59,1,1.0,0,0,0
C103243,2023-01-14,12,Standard,partner,23.9,1,7.0,0,0,0
C105909,2023-01-14,12,Premium,partner,110.61,3,13.0,0,0,0
C104221,2023-01-14,12,Standard,paid_search,40.81,1,12.0,0,0,0
C104947,2023-01-15,12,Standard,organic,36.73,1,33.0,0,0,0
C100700,2023-01-15,12,Premium,paid_search,75.6,1,15.0,0,0,0
C101685,2023-01-15,12,Basic,organic,15.36,0,16.0,0,0,0
C107107,2023-01-15,12,Standard,paid_search,51.96,1,17.0,1,0,0
C105084,2023-01-15,12,Basic,partner,12.93,0,10.0,0,0,0
C104310,2023-01-15,12,Premium,referral,95.12,0,15.0,0,0,0
C103999,2023-01-15,12,Premium,paid_search,63.57,0,5.0,0,0,0
C101014,2023-01-15,12,Basic,organic,19.04,0,0.0,0,0,0
C101009,2023-01-15,12,Basic,organic,18.97,1,3.0,1,0,0
C102713,2023-01-15,12,Standard,organic,50.43,2,18.0,2,0,0
C102132,2023-01-15,12,Standard,referral,31.03,0,4.0,1,0,0
C102949,2023-01-15,12,Premium,paid_search,56.28,1,17.0,0,0,0
C104031,2023-01-16,11,Basic,referral,23.96,1,9.0,0,0,0
C105632,2023-01-16,11,Basic,organic,23.55,0,1.0,0,0,0
C107945,2023-01-16,11,Standard,paid_search,39.44,1,2.0,0,4,1
C107041,2023-01-16,11,Basic,organic,13.43,1,2.0,0,0,0
C105269,2023-01-16,11,Premium,referral,81.55,1,6.0,1,0,0
C107120,2023-01-16,11,Premium,organic,63.91,1,,0,0,0
C101848,2023-01-16,11,Basic,referral,18.69,1,1.0,0,0,0
C102476,2023-01-16,11,Standard,paid_search,38.77,2,20.0,0,0,0
C100295,2023-01-16,11,Basic,referral,14.42,3,,1,5,1
C106679,2023-01-16,11,Basic,paid_search,13.45,1,7.0,0,0,0
C104613,2023-01-16,11,Basic,paid_search,19.77,1,4.0,1,0,0
C103956,2023-01-16,11,Basic,referral,22.6,1,37.0,0,2,1
C104739,2023-01-16,11,Standard,referral,37.85,1,2.0,0,0,0
C100448,2023-01-16,11,Standard,referral,29.33,2,0.0,0,0,0
C105658,2023-01-17,11,Premium,organic,69.16,0,4.0,0,0,0
C102731,2023-01-17,11,Standard,organic,45.74,2,11.0,1,0,0
C103551,2023-01-17,11,Standard,organic,49.64,0,1.0,0,0,0
C102776,2023-01-17,11,Basic,referral,19.99,2,11.0,0,0,0
C103391,2023-01-17,11,Basic,organic,19.09,1,3.0,0,0,0
C104511,2023-01-17,11,Standard,organic,32.5,1,5.0,0,0,0
C101799,2023-01-17,11,Basic,paid_search,24.92,0,,0,0,0
C107762,2023-01-17,11,Basic,paid_search,16.03,1,8.0,0,0,0
C105676,2023-01-17,11,Standard,referral,43.6,2,15.0,0,0,0
C103336,2023-01-17,11,Standard,paid_search,56.56,1,6.0,0,0,0
C105204,2023-01-17,11,Basic,organic,16.17,1,7.0,0,0,0
C100678,2023-01-17,11,Basic,organic,18.2,0,1.0,1,0,0
C104991,2023-01-17,11,Basic,organic,19.9,2,9.0,0,0,0
C106776,2023-01-17,11,Premium,organic,82.64,1,13.0,0,0,0
C100711,2023-01-17,11,Basic,organic,16.38,1,5.0,0,0,0
C107787,2023-01-17,11,Basic,partner,17.36,0,2.0,0,0,0
C102431,2023-01-17,11,Basic,paid_search,26.5,0,3.0,0,0,0
C103866,2023-01-17,11,Basic,paid_search,23.28,0,1.0,0,0,0
C100892,2023-01-17,11,Basic,organic,18.18,2,9.0,1,0,0
C100577,2023-01-18,11,Basic,partner,29.0,0,3.0,1,0,0
C105914,2023-01-18,11,Basic,paid_search,17.99,2,6.0,1,0,0
C105726,2023-01-18,11,Basic,organic,17.03,1,13.0,0,0,0
C101858,2023-01-18,11,Standard,paid_search,39.15,2,3.0,0,0,0
C103936,2023-01-18,11,Basic,partner,25.67,0,13.0,1,0,0
C106805,2023-01-18,11,Standard,paid_search,44.98,1,1.0,1,0,0
C101310,2023-01-18,11,Basic,paid_search,21.18,0,14.0,0,0,0
C101194,2023-01-19,11,Premium,organic,78.29,2,19.0,0,0,0
C104548,2023-01-19,11,Standard,organic,33.86,3,10.0,0,0,0
C105516,2023-01-19,11,Premium,paid_search,106.91,0,3.0,0,2,1
C105519,2023-01-19,11,Basic,referral,16.64,0,7.0,1,0,0
C106408,2023-01-19,11,Standard,organic,48.12,1,11.0,0,0,0
C103468,2023-01-19,11,Standard,organic,31.95,0,10.0,0,0,0
C101664,2023-01-19,11,Basic,referral,26.47,1,1.0,0,0,0
C107569,2023-01-19,11,Standard,referral,41.39,0,23.0,0,0,0
C102488,2023-01-19,11,Basic,organic,17.8,1,1.0,0,0,0
C105434,2023-01-19,11,Standard,organic,34.99,0,26.0,0,0,0
C102028,2023-01-19,11,Premium,referral,82.65,0,7.0,0,0,0
C105723,2023-01-19,11,Basic,organic,14.16,2,,0,0,0
C101073,2023-01-19,11,Standard,organic,48.78,2,2.0,0,0,0
C106673,2023-01-19,11,Standard,paid_search,33.57,1,5.0,1,0,0
C106702,2023-01-19,11,Basic,partner,15.85,3,11.0,0,0,0
C103264,2023-01-20,11,Standard,organic,23.41,1,,0,0,0
C102517,2023-01-20,11,Standard,organic,39.64,1,16.0,0,0,0
C106756,2023-01-20,11,Premium,paid_search,80.73,1,6.0,0,0,0
C102608,2023-01-20,11,Basic,referral,20.53,2,5.0,0,0,0
C100010,2023-01-20,11,Basic,partner,23.48,0,,0,0,0
C103727,2023-01-20,11,Basic,paid_search,22.03,0,,1,0,0
C104218,2023-01-20,11,Basic,paid_search,16.61,1,5.0,1,0,0
C104369,2023-01-20,11,Basic,organic,14.51,0,1.0,0,0,0
C104812,2023-01-20,11,Standard,referral,35.56,0,4.0,1,0,0
C100996,2023-01-20,11,Basic,partner,11.53,0,7.0,0,0,0
C105066,2023-01-20,11,Basic,organic,15.22,2,5.0,0,0,0
C106028,2023-01-21,11,Premium,paid_search,92.22,0,2.0,0,0,0
C103538,2023-01-21,11,Basic,paid_search,13.29,1,18.0,0,0,0
C105224,2023-01-21,11,Basic,referral,23.39,0,2.0,0,0,0
C106742,2023-01-21,11,Basic,paid_search,16.39,0,2.0,1,0,0
C107922,2023-01-21,11,Standard,referral,47.06,0,1.0,0,0,0
C107040,2023-01-21,11,Premium,paid_search,78.31,0,1.0,0,0,0
C107816,2023-01-21,11,Standard,organic,32.78,0,41.0,0,0,0
C107574,2023-01-21,11,Standard,referral,44.5,1,17.0,1,0,0
C104919,2023-01-21,11,Standard,organic,43.96,0,5.0,0,0,0
C103737,2023-01-21,11,Basic,partner,20.77,1,12.0,0,0,0
C103645,2023-01-21,11,Basic,organic,27.11,2,1.0,0,0,0
C105558,2023-01-21,11,Standard,organic,30.59,0,16.0,0,0,0
C103772,2023-01-21,11,Basic,paid_search,18.71,0,4.0,0,0,0
C103359,2023-01-21,11,Standard,organic,43.43,0,,1,0,0
C106802,2023-01-21,11,Standard,organic,33.79,1,2.0,0,0,0
C106851,2023-01-21,11,Basic,paid_search,19.63,0,0.0,1,0,0
C105592,2023-01-21,11,Premium,organic,99.64,1,2.0,1,0,0
C104835,2023-01-21,11,Basic,paid_search,24.28,0,7.0,0,0,0
C101956,2023-01-21,11,Standard,organic,38.11,0,,1,0,0
C105089,2023-01-21,11,Basic,paid_search,21.07,0,1.0,1,0,0
C101391,2023-01-22,11,Basic,referral,15.16,1,12.0,0,0,0
C103043,2023-01-22,11,Basic,paid_search,17.55,1,5.0,0,0,0
C107700,2023-01-22,11,Basic,organic,15.73,1,0.0,0,0,0
C105757,2023-01-22,11,Standard,partner,34.82,0,11.0,1,5,1
C100994,2023-01-22,11,Standard,referral,31.4,1,25.0,0,0,1
C101500,2023-01-22,11,Basic,referral,18.94,0,20.0,0,0,0
C101919,2023-01-22,11,Basic,partner,22.74,2,24.0,0,0,0
C105475,2023-01-22,11,Premium,paid_search,93.51,1,8.0,0,0,0
C106986,2023-01-22,11,Basic,organic,18.65,0,13.0,0,0,0
C101901,2023-01-23,11,Basic,paid_search,18.02,1,6.0,0,0,0
C106624,2023-01-23,11,Standard,organic,31.69,2,9.0,0,0,0
C102948,2023-01-23,11,Standard,referral,32.09,1,11.0,0,0,0
C100487,2023-01-23,11,Basic,paid_search,14.63,2,7.0,1,2,1
C102047,2023-01-23,11,Basic,partner,19.75,2,6.0,0,0,0
C101990,2023-01-23,11,Basic,referral,22.03,1,13.0,0,0,0
C104057,2023-01-23,11,Basic,referral,21.27,2,2.0,0,0,0
C101298,2023-01-23,11,Basic,paid_search,21.45,2,0.0,0,0,0
C100506,2023-01-23,11,Basic,referral,24.03,1,2.0,0,0,0
C103477,2023-01-23,11,Basic,referral,21.53,0,18.0,0,0,0
C107807,2023-01-23,11,Standard,paid_search,39.34,2,1.0,0,0,0
C101163,2023-01-23,11,Basic,organic,23.48,1,1.0,0,0,0
C102538,2023-01-23,11,Standard,partner,37.81,2,40.0,0,0,0
C102410,2023-01-23,11,Basic,organic,19.96,4,4.0,0,1,1
C101146,2023-01-23,11,Premium,partner,75.21,0,9.0,0,0,0
C107861,2023-01-23,11,Premium,paid_search,98.96,3,18.0,0,0,0
C104151,2023-01-23,11,Standard,organic,44.17,0,4.0,1,0,0
C106142,2023-01-23,11,Basic,partner,18.77,2,4.0,0,0,0
C103016,2023-01-24,11,Basic,organic,21.44,0,7.0,1,0,0
C103896,2023-01-24,11,Standard,organic,33.38,2,8.0,1,4,1
C104271,2023-01-24,11,Basic,partner,9.89,0,9.0,0,0,0
C101957,2023-01-24,11,Basic,organic,17.01,1,4.0,0,0,0
C103495,2023-01-24,11,Standard,paid_search,41.7,0,5.0,0,0,0
C102606,2023-01-24,11,Premium,organic,63.65,2,7.0,1,0,0
C100746,2023-01-24,11,Basic,referral,22.53,0,1.0,1,0,0
C100655,2023-01-24,11,Premium,paid_search,100.41,0,11.0,0,0,0
C105504,2023-01-24,11,Standard,organic,40.47,2,6.0,0,0,0
C101668,2023-01-24,11,Standard,paid_search,35.6,0,3.0,0,0,0
C105017,2023-01-24,11,Basic,paid_search,23.5,1,1.0,0,0,0
C105403,2023-01-24,11,Standard,organic,44.84,0,3.0,0,0,0
C102592,2023-01-24,11,Basic,referral,10.52,1,7.0,0,0,0
C103776,2023-01-24,11,Basic,organic,15.85,0,2.0,0,0,0
C104223,2023-01-25,11,Premium,referral,67.24,0,38.0,0,0,0
C105825,2023-01-25,11,Basic,partner,16.08,0,7.0,0,0,0
C101552,2023-01-25,11,Basic,organic,17.92,0,2.0,0,0,0
C104818,2023-01-25,11,Standard,partner,46.32,1,1.0,0,0,0
C101724,2023-01-25,11,Standard,referral,41.72,1,1.0,0,0,0
C106014,2023-01-25,11,Premium,organic,60.48,0,,0,0,0
C102309,2023-01-25,11,Standard,organic,38.47,1,3.0,0,0,0
C100350,2023-01-25,11,Basic,referral,15.78,0,4.0,0,0,0
C101340,2023-01-25,11,Basic,organic,20.28,0,24.0,0,0,0
C105484,2023-01-25,11,Standard,partner,51.54,1,31.0,0,0,0
C104501,2023-01-25,11,Standard,organic,46.52,1,3.0,0,0,0
C105596,2023-01-25,11,Basic,organic,12.89,0,1.0,1,0,0
C101334,2023-01-25,11,Basic,paid_search,19.89,3,9.0,0,0,0
C106555,2023-01-25,11,Premium,referral,58.63,0,31.0,0,0,0
C107279,2023-01-26,11,Basic,paid_search,20.94,0,0.0,1,0,0
C102765,2023-01-26,11,Standard,referral,44.15,0,0.0,0,0,0
C101900,2023-01-26,11,Premium,organic,83.93,0,2.0,0,0,0
C102793,2023-01-26,11,Standard,referral,36.11,2,17.0,0,0,0
C100647,2023-01-26,11,Basic,organic,20.87,1,7.0,0,0,0
C104096,2023-01-27,11,Basic,organic,17.2,0,6.0,0,0,0
C107318,2023-01-27,11,Standard,paid_search,44.18,2,,0,0,0
C107114,2023-01-27,11,Standard,organic,44.3,1,5.0,0,0,0
C105708,2023-01-27,11,Standard,referral,44.35,1,2.0,0,0,0
C101635,2023-01-27,11,Standard,organic,43.97,0,7.0,0,0,0
C100605,2023-01-27,11,Basic,referral,25.05,2,9.0,0,0,0
C101921,2023-01-27,11,Basic,paid_search,18.18,1,0.0,0,0,0
C107853,2023-01-27,11,Premium,referral,71.22,0,7.0,0,0,0
C102665,2023-01-27,11,Standard,paid_search,30.34,1,,0,0,0
C100560,2023-01-27,11,Premium,organic,66.07,0,12.0,0,0,0
C105316,2023-01-28,11,Premium,referral,59.18,3,23.0,0,0,0
C105060,2023-01-28,11,Premium,partner,61.33,1,15.0,0,0,0
C102895,2023-01-28,11,Basic,referral,14.46,1,,0,0,0
C105758,2023-01-28,11,Basic,organic,14.27,2,7.0,0,0,0
C107645,2023-01-28,11,Basic,paid_search,21.88,0,2.0,0,0,0
C106400,2023-01-28,11,Premium,referral,74.25,0,0.0,0,0,0
C103344,2023-01-28,11,Basic,paid_search,17.82,1,4.0,1,0,0
C104911,2023-01-28,11,Standard,organic,38.83,1,7.0,0,0,0
C104479,2023-01-28,11,Standard,organic,41.49,1,41.0,0,0,0
C104827,2023-01-28,11,Premium,organic,91.68,2,0.0,0,0,0
C100930,2023-01-28,11,Standard,paid_search,41.36,2,,0,0,0
C104887,2023-01-29,11,Standard,partner,34.29,1,27.0,0,0,0
C106826,2023-01-29,11,Standard,paid_search,40.28,1,12.0,0,4,1
C102335,2023-01-29,11,Basic,organic,18.69,0,7.0,0,0,0
C105580,2023-01-29,11,Standard,organic,32.89,2,7.0,0,4,1
C103466,2023-01-29,11,Basic,partner,19.71,0,,0,0,0
C105575,2023-01-29,11,Standard,paid_search,39.59,1,4.0,0,0,0
C106442,2023-01-29,11,Premium,organic,71.27,0,20.0,0,0,0
C106146,2023-01-29,11,Basic,referral,15.81,4,1.0,0,0,0
C107408,2023-01-29,11,Standard,paid_search,43.69,0,1.0,1,0,0
C104820,2023-01-29,11,Basic,organic,17.4,0,5.0,0,0,0
C105894,2023-01-29,11,Standard,organic,25.63,1,1.0,0,1,0
C103110,2023-01-29,11,Premium,organic,43.04,0,41.0,0,0,0
C102138,2023-01-29,11,Basic,organic,15.06,0,0.0,0,0,0
C106170,2023-01-29,11,Standard,referral,48.61,1,0.0,0,0,0
C103678,2023-01-29,11,Premium,referral,82.71,3,2.0,0,0,0
C104522,2023-01-29,11,Premium,referral,85.14,1,2.0,0,0,0
C103298,2023-01-29,11,Premium,organic,100.16,0,,0,0,0
C102350,2023-01-29,11,Standard,organic,39.73,0,46.0,0,0,0
C101139,2023-01-29,11,Premium,referral,62.91,0,1.0,0,0,0
C100538,2023-01-30,11,Basic,referral,19.76,1,25.0,0,0,0
C103636,2023-01-30,11,Standard,referral,40.07,2,6.0,0,0,0
C102820,2023-01-30,11,Standard,organic,28.83,0,9.0,0,0,0
C107084,2023-01-30,11,Basic,referral,16.86,0,2.0,0,0,0
C106824,2023-01-30,11,Basic,organic,18.78,1,1.0,0,0,0
C101258,2023-01-30,11,Basic,organic,13.59,1,1.0,0,0,0
C106264,2023-01-30,11,Basic,paid_search,20.53,1,,0,0,0
C101379,2023-01-30,11,Standard,referral,37.45,3,3.0,0,0,0
C100876,2023-01-30,11,Basic,referral,18.87,1,3.0,0,0,0
C107306,2023-01-30,11,Basic,organic,20.38,1,17.0,0,0,0
C106336,2023-01-30,11,Standard,organic,30.4,2,1.0,0,0,0
C102923,2023-01-30,11,Standard,organic,34.14,1,5.0,0,0,0
C100926,2023-01-31,11,Basic,paid_search,17.54,2,3.0,0,0,0
C104030,2023-01-31,11,Standard,partner,41.24,0,13.0,0,0,0
C103340,2023-01-31,11,Standard,organic,48.38,1,16.0,0,0,0
C106253,2023-01-31,11,Basic,organic,16.13,4,,0,0,0
C103978,2023-01-31,11,Premium,organic,86.36,1,3.0,0,2,1
C100288,2023-01-31,11,Premium,partner,78.55,1,0.0,0,0,0
C104022,2023-01-31,11,Premium,partner,117.1,1,4.0,0,0,0
C101847,2023-01-31,11,Basic,organic,18.84,0,8.0,2,0,0
C102117,2023-01-31,11,Basic,organic,19.59,1,1.0,0,0,0
C100916,2023-02-01,11,Standard,paid_search,47.7,1,15.0,0,0,0
C104486,2023-02-01,11,Premium,paid_search,101.66,0,,0,0,0
C103860,2023-02-01,11,Standard,organic,46.94,0,8.0,0,0,0
C107982,2023-02-01,11,Standard,paid_search,39.92,1,13.0,0,0,0
C105931,2023-02-01,11,Standard,paid_search,45.48,2,14.0,0,0,0
C100304,2023-02-01,11,Basic,paid_search,19.16,0,,0,0,0
C105101,2023-02-01,11,Standard,paid_search,41.7,1,,0,0,0
C107037,2023-02-01,11,Standard,organic,30.62,0,9.0,0,0,0
C107387,2023-02-01,11,Standard,paid_search,27.27,0,8.0,0,0,0
C102835,2023-02-01,11,Basic,organic,22.99,1,0.0,0,0,0
C105266,2023-02-01,11,Standard,organic,44.38,1,0.0,0,0,0
C105394,2023-02-01,11,Standard,paid_search,53.89,1,,1,0,0
C102153,2023-02-02,11,Basic,organic,24.0,0,18.0,1,0,0
C102136,2023-02-02,11,Premium,paid_search,114.5,3,4.0,0,0,0
C100294,2023-02-02,11,Standard,paid_search,52.55,1,1.0,0,0,0
C105684,2023-02-02,11,Basic,paid_search,18.68,0,,0,0,0
C105788,2023-02-02,11,Basic,referral,12.08,0,5.0,0,0,0
C107651,2023-02-02,11,Standard,organic,37.91,0,6.0,0,0,0
C107083,2023-02-02,11,Standard,organic,43.48,1,1.0,0,0,0
C103940,2023-02-02,11,Basic,paid_search,20.35,1,23.0,0,0,0
C107835,2023-02-02,11,Premium,referral,77.53,1,14.0,0,0,0
C104702,2023-02-02,11,Basic,organic,24.6,2,12.0,0,0,0
C100806,2023-02-02,11,Basic,partner,26.44,1,3.0,0,0,0
C105149,2023-02-02,11,Basic,organic,17.91,1,31.0,0,0,0
C102774,2023-02-02,11,Standard,referral,41.8,0,1.0,0,0,0
C100788,2023-02-02,11,Basic,referral,21.52,0,9.0,0,0,0
C107592,2023-02-02,11,Premium,organic,89.28,1,7.0,2,0,0
C107460,2023-02-02,11,Standard,organic,33.54,0,10.0,1,0,0
C102118,2023-02-03,11,Premium,paid_search,62.39,0,10.0,0,0,0
C103631,2023-02-03,11,Standard,paid_search,30.51,2,3.0,0,0,0
C107798,2023-02-03,11,Basic,paid_search,22.22,0,11.0,0,0,0
C106586,2023-02-03,11,Standard,organic,35.06,0,5.0,0,0,0
C100056,2023-02-03,11,Basic,organic,20.2,1,11.0,0,0,0
C102342,2023-02-03,11,Premium,paid_search,64.89,1,10.0,0,0,0
C102833,2023-02-03,11,Premium,organic,95.61,0,8.0,0,0,0
C106625,2023-02-03,11,Standard,organic,34.2,0,10.0,1,0,0
C100028,2023-02-03,11,Standard,organic,36.44,1,0.0,0,0,0
C106177,2023-02-04,11,Standard,paid_search,46.37,0,8.0,0,0,0
C105664,2023-02-04,11,Basic,organic,21.7,0,3.0,1,0,0
C103757,2023-02-04,11,Basic,organic,16.67,1,3.0,0,0,0
C103476,2023-02-04,11,Standard,organic,42.28,1,5.0,0,0,0
C100228,2023-02-04,11,Standard,referral,48.66,1,1.0,0,0,0
C106968,2023-02-04,11,Standard,paid_search,29.77,1,3.0,0,0,0
C100330,2023-02-04,11,Basic,organic,16.79,1,7.0,0,0,0
C104128,2023-02-04,11,Standard,organic,34.42,0,6.0,0,0,0
C100982,2023-02-04,11,Basic,referral,21.63,1,19.0,0,0,0
C107817,2023-02-04,11,Basic,organic,21.78,1,7.0,1,0,0
C104095,2023-02-04,11,Premium,organic,91.52,1,,0,0,0
C106773,2023-02-05,11,Standard,paid_search,34.53,0,7.0,0,0,0
C105975,2023-02-05,11,Basic,partner,23.2,0,43.0,0,2,1
C105987,2023-02-05,11,Standard,organic,39.58,0,,0,0,0
C105769,2023-02-05,11,Basic,paid_search,17.45,2,3.0,0,0,0
C105110,2023-02-05,11,Premium,paid_search,86.01,1,9.0,2,0,0
C107648,2023-02-05,11,Basic,paid_search,15.16,1,1.0,0,0,0
C100878,2023-02-05,11,Basic,paid_search,16.41,1,8.0,1,0,0
C101576,2023-02-05,11,Premium,paid_search,74.2,1,3.0,0,0,0
C105037,2023-02-05,11,Standard,organic,45.92,0,10.0,0,0,0
C103822,2023-02-05,11,Basic,paid_search,14.9,1,12.0,0,0,0
C104707,2023-02-05,11,Basic,paid_search,14.91,0,5.0,0,0,0
C100991,2023-02-05,11,Premium,paid_search,59.4,2,3.0,2,2,1
C103913,2023-02-06,11,Premium,paid_search,91.85,0,1.0,0,0,0
C105100,2023-02-06,11,Basic,organic,21.25,2,19.0,0,0,0
C103827,2023-02-06,11,Basic,referral,20.65,2,3.0,1,0,0
C106648,2023-02-06,11,Basic,organic,21.32,1,4.0,0,0,0
C101322,2023-02-06,11,Premium,referral,77.43,1,1.0,0,0,0
C103065,2023-02-06,11,Standard,paid_search,47.65,2,15.0,0,0,0
C105765,2023-02-06,11,Standard,organic,47.49,2,31.0,1,5,1
C104448,2023-02-07,11,Basic,organic,22.23,1,6.0,0,0,0
C101496,2023-02-07,11,Premium,organic,52.13,1,10.0,0,0,0
C107828,2023-02-07,11,Basic,organic,19.78,0,1.0,1,0,0
C104352,2023-02-07,11,Standard,organic,48.48,0,,0,0,0
C102403,2023-02-07,11,Standard,referral,38.95,5,17.0,1,3,1
C107103,2023-02-08,11,Standard,paid_search,49.74,1,12.0,0,0,0
C101839,2023-02-08,11,Basic,paid_search,14.23,0,5.0,0,0,0
C101996,2023-02-08,11,Standard,organic,42.97,1,4.0,0,0,0
C105468,2023-02-08,11,Standard,referral,39.53,0,10.0,0,0,0
C106949,2023-02-08,11,Basic,referral,21.58,0,8.0,0,0,0
C106945,2023-02-08,11,Premium,referral,85.58,0,3.0,1,0,0
C106503,2023-02-08,11,Standard,organic,47.41,0,18.0,0,3,1
C100654,2023-02-08,11,Basic,organic,18.15,1,1.0,0,0,0
C100761,2023-02-08,11,Standard,paid_search,41.05,1,,0,0,0
C101221,2023-02-08,11,Standard,paid_search,43.75,0,7.0,0,6,1
C104993,2023-02-08,11,Basic,paid_search,24.76,1,,0,0,0
C101624,2023-02-08,11,Basic,organic,20.43,1,8.0,0,0,0
C103145,2023-02-08,11,Standard,organic,37.7,0,2.0,1,0,0
C102251,2023-02-08,11,Basic,organic,17.65,1,18.0,0,0,0
C102334,2023-02-08,11,Standard,organic,36.26,0,4.0,0,0,0
C105554,2023-02-09,11,Basic,organic,18.84,1,17.0,0,0,0
C101937,2023-02-09,11,Basic,organic,13.0,0,3.0,0,0,0
C100131,2023-02-09,11,Standard,organic,39.92,0,2.0,0,0,0
C102585,2023-02-09,11,Basic,organic,18.3,1,1.0,0,0,0
C104196,2023-02-09,11,Standard,paid_search,41.75,1,10.0,1,0,0
C107730,2023-02-09,11,Premium,paid_search,72.02,1,2.0,0,0,0
C101663,2023-02-09,11,Basic,paid_search,21.44,0,2.0,1,0,0
C100307,2023-02-09,11,Basic,referral,18.16,1,36.0,1,3,1
C103785,2023-02-09,11,Premium,organic,69.84,2,1.0,0,0,0
C106385,2023-02-09,11,Basic,organic,7.42,0,5.0,0,0,0
C103597,2023-02-09,11,Standard,organic,42.24,1,7.0,0,0,0
C100033,2023-02-09,11,Standard,organic,22.77,0,8.0,0,0,0
C105842,2023-02-09,11,Basic,referral,23.55,0,7.0,0,0,0
C104813,2023-02-10,11,Premium,paid_search,95.02,1,4.0,0,0,0
C100455,2023-02-10,11,Basic,referral,20.25,1,9.0,0,0,0
C101257,2023-02-10,11,Basic,paid_search,19.16,1,7.0,1,0,0
C106550,2023-02-10,11,Premium,paid_search,70.37,0,,0,0,0
C100112,2023-02-10,11,Standard,referral,58.41,0,1.0,0,0,0
C104799,2023-02-10,11,Basic,paid_search,24.4,0,19.0,0,0,0
C102030,2023-02-10,11,Basic,organic,22.76,2,,0,0,0
C100329,2023-02-10,11,Premium,paid_search,70.51,0,2.0,1,0,0
C106393,2023-02-10,11,Standard,partner,35.77,1,12.0,0,0,0
C101364,2023-02-10,11,Premium,organic,53.85,1,0.0,0,0,0
C105465,2023-02-10,11,Basic,paid_search,15.18,1,17.0,0,0,0
C100754,2023-02-10,11,Premium,partner,81.0,1,9.0,0,0,0
C104922,2023-02-10,11,Basic,referral,16.99,0,2.0,0,0,0
C101083,2023-02-10,11,Basic,paid_search,21.99,1,,0,0,0
C104676,2023-02-10,11,Standard,referral,36.91,1,3.0,0,0,0
C101128,2023-02-11,11,Premium,paid_search,69.31,0,7.0,0,0,0
C103175,2023-02-11,11,Basic,partner,12.75,0,0.0,0,0,0
C106767,2023-02-11,11,Basic,partner,17.48,2,21.0,0,0,0
C101564,2023-02-11,11,Premium,paid_search,52.36,0,12.0,1,0,0
C103660,2023-02-11,11,Basic,partner,25.28,0,2.0,0,0,0
C104553,2023-02-11,11,Standard,partner,47.8,0,34.0,2,2,1
C106491,2023-02-11,11,Standard,partner,28.68,0,10.0,0,0,0
C107646,2023-02-11,11,Standard,referral,37.16,1,14.0,0,0,0
C105439,2023-02-11,11,Basic,referral,20.54,0,5.0,0,0,0
C100157,2023-02-11,11,Basic,referral,20.24,0,14.0,1,0,0
C105735,2023-02-11,11,Standard,partner,46.49,0,27.0,0,0,0
C105236,2023-02-12,11,Basic,referral,12.72,1,3.0,0,0,0
C105143,2023-02-12,11,Standard,organic,39.05,0,16.0,0,0,0
C106863,2023-02-12,11,Basic,referral,20.92,1,1.0,2,0,0
C105418,2023-02-12,11,Standard,organic,39.02,0,4.0,2,0,0
C101002,2023-02-12,11,Standard,referral,32.08,1,,0,0,0
C105631,2023-02-12,11,Premium,referral,106.63,0,1.0,0,0,0
C104370,2023-02-12,11,Basic,organic,23.39,0,6.0,0,0,0
C104614,2023-02-13,11,Basic,organic,19.92,0,13.0,0,0,0
C100133,2023-02-13,11,Standard,referral,47.04,2,2.0,0,0,0
C103842,2023-02-13,11,Basic,paid_search,13.2,1,5.0,0,0,0
C103610,2023-02-13,11,Standard,organic,51.33,0,1.0,0,0,0
C101974,2023-02-13,11,Premium,organic,101.59,0,38.0,0,5,1
C106346,2023-02-13,11,Standard,paid_search,43.8,0,23.0,1,5,1
C106903,2023-02-13,11,Standard,referral,30.03,1,,0,0,0
C105408,2023-02-13,11,Standard,partner,40.75,0,7.0,0,0,0
C107851,2023-02-13,11,Basic,referral,15.72,0,1.0,0,0,0
C102425,2023-02-14,11,Basic,paid_search,19.56,1,0.0,0,0,0
C101386,2023-02-14,11,Basic,organic,22.71,0,14.0,0,0,0
C104786,2023-02-14,11,Standard,organic,41.82,0,20.0,0,0,0
C107251,2023-02-14,11,Standard,organic,41.85,0,14.0,1,0,0
C101411,2023-02-14,11,Standard,organic,36.8,1,26.0,0,0,0
C105253,2023-02-14,11,Standard,organic,48.26,1,21.0,0,0,0
C106713,2023-02-14,11,Basic,paid_search,21.14,3,3.0,0,0,0
C103759,2023-02-14,11,Standard,organic,39.76,1,0.0,0,0,0
C106770,2023-02-15,11,Basic,paid_search,13.63,1,13.0,0,0,0
C102633,2023-02-15,11,Standard,referral,45.46,1,13.0,0,0,0
C101433,2023-02-15,11,Basic,paid_search,14.38,0,12.0,0,0,0
C106674,2023-02-15,11,Premium,partner,37.75,0,12.0,0,0,0
C105798,2023-02-15,11,Basic,organic,13.97,3,,1,0,1
C103214,2023-02-15,11,Standard,organic,42.68,0,6.0,0,0,0
C107589,2023-02-15,11,Basic,paid_search,17.04,1,8.0,0,0,0
C106967,2023-02-15,11,Premium,paid_search,68.65,1,3.0,0,0,0
C104529,2023-02-15,11,Basic,organic,17.92,3,6.0,0,0,0
C102061,2023-02-15,11,Basic,organic,17.18,1,8.0,0,1,0
C102882,2023-02-15,11,Basic,organic,21.03,0,28.0,0,0,0
C102603,2023-02-15,11,Basic,partner,22.93,0,13.0,0,0,0
C106483,2023-02-15,11,Standard,paid_search,42.62,3,3.0,0,0,0
C106274,2023-02-15,11,Basic,organic,19.2,1,,0,0,0
C105989,2023-02-15,11,Basic,referral,24.22,1,2.0,0,0,0
C106871,2023-02-15,11,Basic,organic,15.66,0,1.0,0,0,0
C106861,2023-02-15,11,Standard,organic,38.21,3,1.0,0,1,0
C107733,2023-02-16,10,Basic,partner,19.85,0,7.0,0,0,0
C105043,2023-02-16,10,Standard,organic,31.46,1,4.0,1,0,0
C107456,2023-02-16,10,Basic,organic,25.64,0,43.0,0,0,0
C103032,2023-02-16,10,Basic,organic,15.54,2,9.0,0,0,0
C103258,2023-02-16,10,Standard,organic,39.08,0,1.0,0,0,0
C104383,2023-02-16,10,Basic,organic,23.74,2,3.0,0,0,0
C107625,2023-02-16,10,Basic,organic,19.19,1,1.0,0,0,0
C105865,2023-02-16,10,Basic,paid_search,15.61,0,5.0,0,0,0
C102435,2023-02-16,10,Basic,referral,22.96,1,15.0,0,0,0
C103447,2023-02-16,10,Basic,paid_search,23.36,2,9.0,0,0,0
C106959,2023-02-16,10,Premium,organic,64.61,2,1.0,0,0,0
C105330,2023-02-16,10,Standard,organic,45.43,0,2.0,0,0,0
C104162,2023-02-16,10,Basic,paid_search,14.1,1,7.0,0,0,0
C106716,2023-02-16,10,Standard,paid_search,36.12,1,,0,0,0
C102687,2023-02-17,10,Premium,paid_search,61.92,0,7.0,0,0,0
C106517,2023-02-17,10,Standard,partner,39.93,0,6.0,0,0,0
C106396,2023-02-17,10,Basic,paid_search,14.85,0,1.0,0,0,0
C101028,2023-02-17,10,Standard,organic,53.07,2,,0,2,1
C104194,2023-02-17,10,Premium,paid_search,96.1,0,16.0,0,0,0
C100705,2023-02-17,10,Basic,referral,17.87,4,5.0,0,0,0
C106712,2023-02-17,10,Standard,organic,24.61,3,2.0,0,0,0
C100125,2023-02-17,10,Basic,referral,24.2,2,15.0,0,0,0
C100078,2023-02-17,10,Basic,organic,17.73,0,13.0,0,0,0
C100130,2023-02-17,10,Standard,paid_search,57.51,1,6.0,0,0,0
C105326,2023-02-17,10,Standard,referral,37.54,2,1.0,0,0,0
C107136,2023-02-17,10,Premium,referral,82.02,0,4.0,0,0,0
C102655,2023-02-17,10,Basic,organic,19.4,0,6.0,0,0,0
C105315,2023-02-17,10,Premium,partner,81.4,1,,0,0,0
C101188,2023-02-18,10,Premium,organic,66.71,0,29.0,0,2,1
C100979,2023-02-18,10,Premium,referral,98.31,0,,1,5,1
C102401,2023-02-18,10,Basic,organic,23.61,1,12.0,0,0,0
C101671,2023-02-18,10,Premium,partner,91.41,3,3.0,0,0,0
C105518,2023-02-18,10,Basic,organic,25.45,1,4.0,0,0,0
C105342,2023-02-18,10,Premium,organic,75.63,0,8.0,1,0,0
C107666,2023-02-18,10,Standard,partner,46.87,3,0.0,1,0,0
C107442,2023-02-18,10,Basic,organic,18.38,1,15.0,0,0,0
C107011,2023-02-18,10,Premium,paid_search,74.06,1,1.0,0,0,0
C104351,2023-02-18,10,Premium,paid_search,82.88,1,19.0,0,0,0
C102646,2023-02-19,10,Basic,organic,25.35,0,25.0,1,4,1
C107621,2023-02-19,10,Basic,referral,14.56,1,10.0,0,0,0
C104677,2023-02-19,10,Standard,organic,32.85,0,,1,0,0
C103143,2023-02-19,10,Basic,paid_search,16.51,0,12.0,0,0,0
C100436,2023-02-19,10,Standard,organic,40.93,0,2.0,0,0,0
C105819,2023-02-19,10,Premium,organic,85.28,2,10.0,0,8,1
C105198,2023-02-19,10,Basic,organic,21.31,0,2.0,0,0,0
C102797,2023-02-19,10,Basic,organic,22.32,1,2.0,0,0,0
C102856,2023-02-19,10,Basic,paid_search,19.83,0,12.0,0,0,0
C107192,2023-02-19,10,Standard,paid_search,25.93,1,12.0,0,1,1
C105508,2023-02-19,10,Standard,referral,34.46,0,0.0,0,0,0
C107272,2023-02-19,10,Premium,referral,93.65,1,2.0,0,0,0
C102579,2023-02-19,10,Premium,organic,54.39,0,2.0,0,0,0
C103890,2023-02-19,10,Standard,organic,45.54,2,,0,0,0
C105784,2023-02-20,10,Standard,paid_search,35.81,0,,0,0,0
C103593,2023-02-20,10,Standard,paid_search,43.15,0,7.0,0,0,0
C102891,2023-02-20,10,Basic,organic,14.12,0,4.0,0,0,0
C106398,2023-02-20,10,Premium,partner,47.13,1,4.0,0,0,0
C101543,2023-02-20,10,Standard,organic,31.44,1,,0,0,0
C100115,2023-02-20,10,Basic,organic,23.42,1,3.0,0,0,0
C106548,2023-02-20,10,Standard,organic,40.74,0,,0,0,0
C103235,2023-02-21,10,Standard,partner,45.78,2,0.0,0,0,0
C106047,2023-02-21,10,Basic,paid_search,19.36,0,5.0,0,0,0
C101727,2023-02-21,10,Basic,paid_search,26.0,0,28.0,1,0,0
C102198,2023-02-21,10,Standard,partner,51.7,0,4.0,1,0,0
C106272,2023-02-21,10,Standard,organic,50.02,1,,0,0,0
C105249,2023-02-21,10,Standard,referral,43.08,0,18.0,0,0,0
C107003,2023-02-21,10,Premium,organic,100.99,1,0.0,1,0,0
C104766,2023-02-21,10,Standard,organic,47.21,1,0.0,1,0,0
C102302,2023-02-21,10,Standard,paid_search,30.21,0,8.0,2,0,0
C103683,2023-02-21,10,Premium,referral,108.99,0,1.0,0,0,0
C100569,2023-02-21,10,Standard,paid_search,37.2,0,12.0,0,0,0
C104185,2023-02-22,10,Premium,organic,64.5,0,,1,0,0
C100707,2023-02-22,10,Basic,organic,20.45,1,,0,0,0
C107355,2023-02-22,10,Basic,organic,25.01,1,23.0,0,0,0
C100921,2023-02-22,10,Basic,partner,18.23,0,1.0,0,0,0
C103925,2023-02-22,10,Basic,referral,23.93,1,27.0,0,0,0
C103234,2023-02-22,10,Standard,organic,35.2,3,8.0,0,0,0
C104891,2023-02-22,10,Standard,organic,38.39,0,35.0,0,0,0
C104720,2023-02-22,10,Standard,organic,33.81,0,11.0,0,0,0
C100977,2023-02-22,10,Basic,paid_search,17.74,1,15.0,0,0,0
C105614,2023-02-22,10,Basic,organic,14.77,3,1.0,0,0,0
C100287,2023-02-22,10,Basic,referral,21.87,0,5.0,0,0,0
C106990,2023-02-22,10,Standard,paid_search,46.1,1,13.0,0,0,0
C101454,2023-02-22,10,Premium,organic,85.62,0,6.0,1,0,0
C101758,2023-02-22,10,Basic,organic,14.18,1,30.0,0,0,0
C107465,2023-02-23,10,Standard,partner,54.46,0,4.0,0,0,0
C107942,2023-02-23,10,Basic,organic,17.64,1,13.0,0,0,0
C104976,2023-02-23,10,Basic,organic,18.06,2,2.0,0,0,0
C104657,2023-02-23,10,Standard,organic,38.8,0,0.0,0,0,0
C101630,2023-02-23,10,Basic,organic,21.81,1,41.0,2,0,0
C105937,2023-02-23,10,Basic,paid_search,13.95,0,15.0,0,1,0
C105285,2023-02-24,10,Basic,organic,24.56,0,20.0,0,0,0
C100128,2023-02-24,10,Standard,organic,38.23,1,8.0,1,0,0
C102736,2023-02-24,10,Basic,referral,22.31,1,,0,0,0
C103882,2023-02-24,10,Basic,organic,23.29,1,7.0,1,0,0
C105337,2023-02-24,10,Standard,paid_search,21.78,0,12.0,0,0,0
C104756,2023-02-24,10,Basic,organic,17.95,0,17.0,0,0,0
C107405,2023-02-24,10,Basic,referral,18.91,1,14.0,1,2,1
C105479,2023-02-24,10,Standard,paid_search,37.31,2,28.0,0,0,0
C101896,2023-02-24,10,Basic,organic,19.63,1,6.0,0,0,0
C107230,2023-02-24,10,Basic,referral,18.75,1,10.0,0,0,0
C101343,2023-02-24,10,Standard,organic,41.68,2,1.0,0,0,0
C101764,2023-02-25,10,Standard,paid_search,44.71,0,8.0,0,2,0
C103762,2023-02-25,10,Basic,organic,18.41,2,,1,0,0
C107339,2023-02-25,10,Basic,referral,17.98,1,12.0,0,0,0
C102246,2023-02-25,10,Premium,paid_search,103.72,1,,0,0,0
C106378,2023-02-25,10,Standard,partner,26.67,2,1.0,0,0,0
C101626,2023-02-26,10,Standard,referral,46.83,0,5.0,0,0,0
C100929,2023-02-26,10,Basic,paid_search,20.08,0,20.0,2,0,0
C102529,2023-02-26,10,Basic,organic,19.55,0,13.0,0,0,0
C105862,2023-02-26,10,Basic,organic,25.53,2,9.0,0,0,0
C106078,2023-02-26,10,Standard,organic,48.99,2,4.0,1,0,0
C107426,2023-02-26,10,Premium,referral,74.03,1,2.0,0,0,0
C100534,2023-02-26,10,Standard,organic,27.82,2,2.0,0,0,0
C102560,2023-02-26,10,Standard,paid_search,45.0,1,2.0,0,0,0
C100596,2023-02-27,10,Basic,partner,19.77,2,1.0,1,0,0
C106658,2023-02-27,10,Standard,organic,32.65,1,8.0,0,0,0
C107948,2023-02-27,10,Standard,organic,27.34,0,,2,0,0
C102625,2023-02-27,10,Premium,organic,76.43,0,10.0,0,0,0
C104364,2023-02-27,10,Standard,organic,43.76,1,1.0,0,0,0
C106394,2023-02-27,10,Standard,organic,36.19,0,15.0,0,0,0
C106585,2023-02-27,10,Standard,organic,29.48,2,16.0,1,1,0
C103226,2023-02-27,10,Basic,organic,23.77,3,8.0,1,0,0
C107772,2023-02-27,10,Basic,paid_search,19.28,3,2.0,1,0,0
C107467,2023-02-27,10,Basic,partner,15.51,4,21.0,0,0,0
C103511,2023-02-27,10,Standard,paid_search,32.16,1,9.0,1,0,0
C105576,2023-02-27,10,Basic,referral,10.81,1,24.0,1,0,0
C100227,2023-02-27,10,Basic,paid_search,13.57,0,5.0,0,0,0
C107498,2023-02-28,10,Standard,organic,46.41,0,6.0,0,0,0
C103136,2023-02-28,10,Basic,organic,20.74,1,4.0,0,0,0
C102718,2023-02-28,10,Standard,organic,34.9,3,16.0,0,0,0
C105591,2023-02-28,10,Basic,paid_search,15.06,1,1.0,0,0,0
C102678,2023-02-28,10,Basic,organic,19.41,0,10.0,0,0,0
C100676,2023-02-28,10,Basic,organic,23.3,0,17.0,0,0,0
C104661,2023-02-28,10,Basic,partner,14.14,1,1.0,0,0,0
C106212,2023-02-28,10,Basic,organic,16.53,0,4.0,0,0,0
C103541,2023-02-28,10,Basic,paid_search,23.42,2,24.0,0,2,1
C103074,2023-03-01,10,Standard,paid_search,44.63,0,6.0,1,0,0
C100423,2023-03-01,10,Basic,organic,19.9,1,1.0,1,0,0
C107965,2023-03-01,10,Basic,paid_search,22.18,1,,0,0,0
C105349,2023-03-01,10,Basic,organic,18.45,0,15.0,0,0,0
C103750,2023-03-01,10,Premium,organic,85.56,0,9.0,0,0,0
C103801,2023-03-01,10,Standard,paid_search,48.71,1,10.0,1,0,0
C102728,2023-03-01,10,Standard,partner,40.84,1,2.0,0,0,0
C100265,2023-03-01,10,Standard,organic,39.16,0,3.0,0,0,0
C107748,2023-03-01,10,Basic,organic,15.91,2,10.0,1,0,0
C101759,2023-03-01,10,Basic,paid_search,21.68,0,1.0,0,0,0
C103721,2023-03-02,10,Premium,organic,94.19,0,2.0,0,0,0
C101160,2023-03-02,10,Premium,organic,64.33,0,33.0,0,0,0
C105362,2023-03-02,10,Standard,organic,37.68,1,0.0,0,0,0
C106036,2023-03-02,10,Premium,paid_search,72.18,0,19.0,0,1,1
C102752,2023-03-02,10,Standard,organic,34.31,0,11.0,0,0,0
C105367,2023-03-02,10,Standard,organic,41.17,1,8.0,0,0,0
C104897,2023-03-02,10,Basic,partner,20.84,0,34.0,0,3,1
C103377,2023-03-02,10,Premium,organic,55.73,0,1.0,0,0,0
C102122,2023-03-02,10,Standard,paid_search,34.23,1,1.0,0,3,0
C104434,2023-03-03,10,Standard,organic,41.18,1,42.0,0,3,1
C101857,2023-03-03,10,Standard,organic,33.12,1,9.0,0,0,0
C100241,2023-03-03,10,Standard,organic,44.04,0,2.0,0,0,0
C105246,2023-03-03,10,Standard,organic,33.16,0,7.0,1,0,0
C102547,2023-03-03,10,Standard,organic,39.32,2,3.0,1,1,0
C101790,2023-03-03,10,Standard,paid_search,36.39,1,0.0,1,0,0
C104375,2023-03-03,10,Standard,referral,28.04,0,3.0,0,0,0
C102036,2023-03-03,10,Premium,partner,65.25,1,,0,0,0
C101627,2023-03-03,10,Standard,organic,32.55,1,9.0,0,0,0
C102463,2023-03-04,10,Basic,organic,18.77,1,8.0,0,0,0
C106725,2023-03-04,10,Premium,referral,73.31,0,3.0,0,0,0
C105071,2023-03-04,10,Basic,organic,16.67,1,11.0,0,0,0
C104865,2023-03-04,10,Standard,paid_search,41.8,3,9.0,0,0,0
C102189,2023-03-04,10,Standard,referral,23.63,0,20.0,0,0,0
C107863,2023-03-04,10,Standard,partner,36.9,1,19.0,0,0,0
C104899,2023-03-04,10,Basic,paid_search,14.65,1,,0,0,0
C101414,2023-03-04,10,Standard,organic,40.36,2,1.0,0,0,0
C103672,2023-03-05,10,Premium,paid_search,65.31,1,7.0,0,1,0
C101117,2023-03-05,10,Standard,partner,40.1,2,29.0,0,0,0
C100984,2023-03-05,10,Basic,organic,18.72,1,28.0,0,6,1
C106732,2023-03-05,10,Standard,partner,36.74,2,9.0,0,0,0
C102344,2023-03-05,10,Basic,organic,14.33,0,1.0,0,0,0
C105694,2023-03-05,10,Standard,paid_search,21.74,1,10.0,1,4,1
C101155,2023-03-05,10,Basic,referral,14.33,1,2.0,0,0,0
C104507,2023-03-05,10,Basic,organic,23.77,2,2.0,0,0,0
C104873,2023-03-05,10,Standard,partner,44.55,1,4.0,0,0,0
C104411,2023-03-05,10,Standard,referral,45.22,0,,0,0,0
C100259,2023-03-05,10,Basic,referral,20.49,1,2.0,0,0,0
C104584,2023-03-05,10,Premium,partner,81.44,1,3.0,0,0,0
C105526,2023-03-05,10,Standard,partner,41.5,2,3.0,0,0,0
C105855,2023-03-06,10,Basic,organic,16.69,1,10.0,0,0,0
C107438,2023-03-06,10,Standard,organic,46.62,0,1.0,0,0,0
C105262,2023-03-06,10,Standard,organic,44.55,0,9.0,0,0,0
C103666,2023-03-06,10,Standard,paid_search,46.18,2,,1,0,0
C100965,2023-03-06,10,Basic,referral,24.21,1,2.0,1,0,0
C105691,2023-03-06,10,Basic,organic,18.31,2,,0,0,0
C106981,2023-03-06,10,Basic,paid_search,14.84,0,5.0,0,0,0
C101832,2023-03-06,10,Basic,paid_search,21.38,1,4.0,0,0,0
C107269,2023-03-06,10,Basic,organic,17.47,0,34.0,0,0,1
C104462,2023-03-06,10,Standard,organic,44.13,1,3.0,0,0,0
C102234,2023-03-06,10,Basic,organic,22.86,3,6.0,0,0,0
C101422,2023-03-06,10,Standard,partner,44.54,0,8.0,0,0,0
C100785,2023-03-06,10,Premium,organic,111.2,1,7.0,0,0,0
C102946,2023-03-06,10,Standard,organic,42.32,0,,0,0,0
C106695,2023-03-07,10,Basic,referral,20.77,0,3.0,0,0,0
C102559,2023-03-07,10,Basic,organic,23.19,2,8.0,0,0,0
C100697,2023-03-07,10,Standard,referral,31.9,0,14.0,0,0,0
C100980,2023-03-07,10,Premium,organic,92.92,1,14.0,0,2,1
C102064,2023-03-07,10,Basic,paid_search,20.31,1,8.0,0,0,0
C106427,2023-03-07,10,Standard,partner,35.82,1,6.0,0,0,0
C101545,2023-03-07,10,Basic,referral,23.6,0,5.0,0,0,0
C107166,2023-03-07,10,Basic,referral,16.3,0,26.0,0,0,0
C105851,2023-03-07,10,Standard,paid_search,34.33,0,2.0,0,0,0
C101317,2023-03-07,10,Premium,organic,111.22,5,4.0,0,0,0
C106013,2023-03-07,10,Basic,organic,15.1,1,5.0,0,0,0
C103968,2023-03-07,10,Basic,organic,14.59,0,9.0,0,0,0
C105530,2023-03-08,10,Standard,paid_search,30.96,0,9.0,0,0,0
C101395,2023-03-08,10,Basic,partner,13.84,0,10.0,0,0,0
C104456,2023-03-08,10,Premium,referral,85.03,2,7.0,0,0,0
C100269,2023-03-08,10,Standard,organic,32.65,1,,1,0,0
C104546,2023-03-08,10,Standard,organic,44.78,1,2.0,0,0,0
C100547,2023-03-08,10,Basic,organic,25.34,0,0.0,1,0,0
C104937,2023-03-08,10,Basic,paid_search,21.03,0,20.0,0,0,0
C104781,2023-03-09,10,Basic,referral,21.92,0,3.0,0,0,0
C105814,2023-03-09,10,Premium,referral,69.37,1,6.0,0,2,1
C107394,2023-03-09,10,Premium,paid_search,75.71,1,7.0,0,1,1
C107075,2023-03-09,10,Basic,organic,14.28,2,5.0,0,0,0
C106044,2023-03-09,10,Basic,partner,17.9,1,19.0,0,0,0
C104927,2023-03-09,10,Premium,organic,89.51,1,4.0,0,5,1
C102965,2023-03-09,10,Standard,referral,40.48,2,4.0,0,0,0
C103954,2023-03-09,10,Premium,paid_search,88.1,0,2.0,0,0,0
C100914,2023-03-09,10,Basic,organic,19.57,0,18.0,0,0,0
C105927,2023-03-09,10,Basic,partner,24.73,0,3.0,0,0,0
C104935,2023-03-10,10,Premium,paid_search,81.92,0,,0,0,0
C100687,2023-03-10,10,Standard,organic,41.3,1,3.0,0,0,0
C106003,2023-03-10,10,Basic,organic,22.84,1,3.0,0,0,0
C101607,2023-03-10,10,Standard,partner,44.92,1,15.0,0,0,0
C103824,2023-03-10,10,Premium,organic,89.91,1,0.0,0,0,0
C100519,2023-03-10,10,Basic,organic,21.8,1,5.0,1,0,0
C102675,2023-03-10,10,Basic,organic,19.44,0,4.0,0,0,0
C104059,2023-03-10,10,Premium,paid_search,72.76,1,48.0,0,2,1
C105470,2023-03-10,10,Standard,partner,37.52,1,19.0,1,0,0
C105861,2023-03-10,10,Standard,referral,39.7,2,2.0,0,0,0
C107911,2023-03-10,10,Premium,paid_search,55.75,1,33.0,0,1,1
C107046,2023-03-11,10,Premium,paid_search,80.7,2,19.0,0,0,0
C106282,2023-03-11,10,Basic,partner,22.69,0,,0,0,0
C106543,2023-03-11,10,Standard,paid_search,34.27,0,30.0,0,2,1
C107372,2023-03-11,10,Basic,referral,24.37,1,,0,0,0
C101653,2023-03-11,10,Basic,organic,12.79,0,2.0,0,0,0
C104789,2023-03-11,10,Standard,organic,32.49,0,2.0,0,0,0
C105607,2023-03-11,10,Standard,organic,33.17,1,9.0,0,0,0
C101643,2023-03-11,10,Basic,organic,25.11,1,14.0,1,0,0
C101349,2023-03-11,10,Basic,referral,20.71,1,6.0,0,0,0
C107962,2023-03-11,10,Standard,partner,30.48,3,3.0,0,0,0
C106226,2023-03-11,10,Standard,organic,31.77,0,10.0,0,0,0
C106878,2023-03-11,10,Basic,paid_search,20.91,0,0.0,0,0,0
C105635,2023-03-12,10,Basic,paid_search,16.95,1,25.0,0,0,0
C100467,2023-03-12,10,Standard,organic,38.65,0,16.0,0,0,0
C104801,2023-03-12,10,Basic,paid_search,19.94,3,13.0,2,0,0
C106727,2023-03-12,10,Standard,organic,45.12,0,16.0,0,1,1
C100454,2023-03-12,10,Standard,paid_search,43.59,0,8.0,0,0,0
C106879,2023-03-12,10,Standard,paid_search,35.1,0,1.0,0,0,0
C103018,2023-03-13,10,Basic,organic,18.79,3,1.0,0,0,0
C101187,2023-03-13,10,Standard,organic,37.35,0,17.0,0,0,0
C106121,2023-03-13,10,Basic,organic,21.09,0,2.0,0,0,0
C104389,2023-03-13,10,Standard,paid_search,43.25,0,28.0,0,0,1
C103414,2023-03-13,10,Standard,organic,28.0,2,1.0,0,0,0
C102613,2023-03-13,10,Basic,organic,17.21,0,,0,0,0
C100530,2023-03-13,10,Standard,organic,35.89,1,2.0,0,0,0
C106303,2023-03-13,10,Standard,paid_search,46.02,0,8.0,0,0,0
C104540,2023-03-13,10,Basic,partner,16.3,0,3.0,0,0,0
C100664,2023-03-13,10,Standard,organic,36.14,0,1.0,1,0,0
C101504,2023-03-13,10,Premium,organic,82.38,1,17.0,0,2,1
C102444,2023-03-13,10,Basic,paid_search,13.95,1,1.0,0,0,0
C104617,2023-03-13,10,Standard,referral,40.79,0,19.0,1,0,0
C102972,2023-03-13,10,Basic,paid_search,23.31,1,11.0,0,0,0
C107150,2023-03-13,10,Basic,organic,17.32,2,10.0,0,0,0
C100393,2023-03-14,10,Standard,organic,44.95,0,5.0,0,0,0
C107265,2023-03-14,10,Basic,partner,17.93,4,11.0,0,1,1
C103837,2023-03-14,10,Standard,referral,47.39,1,9.0,0,0,1
C105012,2023-03-14,10,Premium,partner,83.07,2,2.0,0,0,0
C104264,2023-03-14,10,Standard,partner,53.4,0,16.0,0,0,0
C102023,2023-03-14,10,Premium,organic,55.06,1,6.0,0,0,0
C106617,2023-03-14,10,Standard,paid_search,24.13,1,3.0,0,0,0
C103006,2023-03-14,10,Standard,organic,37.07,0,19.0,0,0,0
C100719,2023-03-14,10,Basic,organic,17.62,2,4.0,0,0,0
C101047,2023-03-15,10,Premium,paid_search,82.83,1,0.0,0,0,0
C101579,2023-03-15,10,Standard,organic,40.89,2,2.0,0,0,0
C106329,2023-03-15,10,Premium,organic,74.92,1,9.0,0,0,0
C107383,2023-03-15,10,Standard,referral,40.44,1,,0,0,0
C103422,2023-03-15,10,Basic,paid_search,15.21,1,4.0,1,0,0
C103302,2023-03-15,10,Premium,referral,82.77,0,7.0,0,0,0
C103647,2023-03-16,10,Basic,referral,18.52,0,6.0,0,0,0
C100966,2023-03-16,10,Basic,paid_search,18.73,0,3.0,0,0,0
C104077,2023-03-16,10,Basic,organic,20.2,2,5.0,0,0,0
C106057,2023-03-16,10,Basic,paid_search,17.63,0,2.0,0,0,0
C102413,2023-03-16,10,Premium,referral,86.69,0,2.0,0,0,0
C105170,2023-03-16,10,Basic,paid_search,12.31,1,9.0,0,0,0
C103346,2023-03-16,10,Basic,paid_search,15.77,0,1.0,0,0,0
C104755,2023-03-16,10,Basic,paid_search,17.16,1,3.0,0,0,0
C105550,2023-03-16,10,Premium,organic,81.59,1,2.0,0,0,0
C107229,2023-03-16,10,Standard,organic,28.62,2,2.0,0,0,0
C101763,2023-03-16,10,Premium,organic,46.14,2,12.0,0,0,0
C107022,2023-03-16,10,Premium,paid_search,109.41,0,2.0,0,0,0
C104309,2023-03-16,10,Premium,partner,79.15,0,21.0,0,0,0
C100136,2023-03-17,10,Standard,paid_search,38.3,1,1.0,1,0,0
C105129,2023-03-17,10,Standard,organic,51.44,0,,0,0,0
C101872,2023-03-17,10,Basic,partner,18.64,1,3.0,0,0,0
C101567,2023-03-17,10,Basic,organic,16.06,2,1.0,0,0,0
C107709,2023-03-17,10,Standard,referral,49.99,1,7.0,0,0,0
C100493,2023-03-17,10,Basic,referral,14.8,2,7.0,1,0,0
C103875,2023-03-17,10,Basic,paid_search,15.72,1,6.0,0,3,1
C105848,2023-03-17,10,Basic,organic,21.57,0,2.0,0,0,0
C101524,2023-03-17,10,Basic,organic,24.86,0,,1,0,0
C106339,2023-03-18,9,Standard,paid_search,43.51,3,5.0,0,0,0
C104232,2023-03-18,9,Premium,organic,78.54,0,12.0,1,0,0
C102212,2023-03-18,9,Basic,organic,13.9,0,2.0,0,0,0
C107122,2023-03-18,9,Standard,partner,32.72,0,3.0,0,0,0
C100624,2023-03-18,9,Basic,partner,14.56,1,5.0,2,0,0
C106649,2023-03-18,9,Basic,organic,15.88,1,3.0,0,0,0
C103448,2023-03-18,9,Standard,partner,37.13,2,1.0,1,0,0
C105980,2023-03-18,9,Basic,partner,23.39,0,1.0,0,0,0
C104258,2023-03-18,9,Standard,referral,38.32,2,18.0,0,0,0
C102182,2023-03-19,9,Standard,paid_search,37.44,1,1.0,0,0,0
C103809,2023-03-19,9,Basic,organic,12.26,1,0.0,0,0,0
C103435,2023-03-19,9,Basic,organic,18.8,0,2.0,0,0,0
C103169,2023-03-19,9,Basic,paid_search,19.82,0,8.0,0,0,0
C107868,2023-03-19,9,Basic,partner,15.65,1,11.0,0,0,0
C104913,2023-03-19,9,Basic,referral,15.91,0,1.0,1,0,0
C100849,2023-03-19,9,Standard,paid_search,30.18,0,1.0,0,0,0
C104209,2023-03-19,9,Premium,organic,87.24,1,4.0,0,0,0
C107376,2023-03-19,9,Premium,organic,74.37,0,3.0,0,0,0
C104588,2023-03-19,9,Standard,referral,31.88,0,13.0,0,0,0
C105967,2023-03-19,9,Standard,paid_search,34.79,1,,0,0,0
C100489,2023-03-19,9,Standard,organic,57.82,0,17.0,0,0,0
C105608,2023-03-20,9,Premium,referral,88.46,1,2.0,2,0,0
C107687,2023-03-20,9,Basic,paid_search,21.43,1,8.0,0,2,1
C101951,2023-03-20,9,Standard,referral,40.35,1,4.0,0,0,0
C107454,2023-03-20,9,Standard,paid_search,43.84,0,10.0,0,0,0
C100192,2023-03-20,9,Standard,organic,32.66,0,28.0,1,6,1
C102691,2023-03-20,9,Basic,organic,17.7,1,5.0,0,0,0
C106108,2023-03-20,9,Premium,paid_search,94.77,2,2.0,0,0,0
C105334,2023-03-20,9,Standard,organic,41.73,0,1.0,0,0,0
C107072,2023-03-20,9,Premium,partner,79.42,1,43.0,0,0,0
C101180,2023-03-20,9,Standard,paid_search,38.58,1,5.0,0,0,0
C106382,2023-03-20,9,Basic,organic,17.5,1,16.0,0,0,0
C103224,2023-03-21,9,Standard,paid_search,36.97,0,,1,0,0
C106157,2023-03-21,9,Standard,referral,52.37,0,4.0,0,0,0
C105604,2023-03-21,9,Basic,organic,23.86,3,2.0,0,0,0
C103894,2023-03-21,9,Basic,referral,18.89,0,5.0,1,0,0
C107033,2023-03-21,9,Standard,referral,33.54,0,4.0,0,0,0
C107887,2023-03-21,9,Basic,paid_search,18.7,1,5.0,0,0,0
C104979,2023-03-21,9,Standard,partner,37.55,2,3.0,1,0,0
C101757,2023-03-21,9,Standard,paid_search,41.48,1,1.0,1,0,0
C103612,2023-03-21,9,Standard,paid_search,38.49,1,2.0,0,0,0
C104350,2023-03-21,9,Premium,organic,68.78,0,9.0,0,0,0
C102493,2023-03-22,9,Basic,partner,23.73,1,3.0,0,0,0
C102123,2023-03-22,9,Basic,paid_search,18.8,1,5.0,1,0,0
C105787,2023-03-22,9,Basic,organic,21.91,3,,0,0,0
C105979,2023-03-22,9,Basic,organic,19.31,2,10.0,0,0,0
C101661,2023-03-22,9,Basic,paid_search,20.54,1,2.0,0,0,0
C107042,2023-03-22,9,Standard,referral,47.72,1,4.0,0,0,0
C104585,2023-03-22,9,Basic,organic,17.54,3,10.0,0,0,0
C105644,2023-03-22,9,Premium,organic,86.0,2,6.0,1,0,0
C106434,2023-03-22,9,Basic,referral,22.78,0,5.0,0,0,0
C106987,2023-03-22,9,Premium,organic,68.69,0,2.0,1,1,1
C103863,2023-03-22,9,Standard,partner,48.71,1,4.0,1,0,0
C103424,2023-03-22,9,Standard,paid_search,28.36,0,13.0,0,0,0
C102143,2023-03-22,9,Standard,referral,40.98,0,7.0,1,0,0
C107343,2023-03-22,9,Basic,referral,20.57,1,6.0,0,3,1
C103601,2023-03-22,9,Premium,organic,79.38,2,2.0,0,0,0
C101304,2023-03-22,9,Basic,paid_search,16.29,1,2.0,0,0,0
C106155,2023-03-22,9,Basic,organic,24.81,0,7.0,0,0,0
C105678,2023-03-23,9,Basic,paid_search,18.54,3,33.0,0,0,0
C105958,2023-03-23,9,Basic,referral,13.41,0,5.0,1,0,0
C100895,2023-03-23,9,Standard,paid_search,30.66,2,6.0,1,0,0
C104800,2023-03-23,9,Basic,paid_search,16.99,0,1.0,1,0,0
C107006,2023-03-23,9,Standard,partner,38.63,1,1.0,2,0,0
C107016,2023-03-23,9,Standard,paid_search,35.62,0,32.0,0,1,0
C100955,2023-03-23,9,Basic,organic,21.21,0,1.0,0,0,0
C102970,2023-03-23,9,Standard,referral,44.23,1,9.0,0,0,0
C106752,2023-03-23,9,Standard,partner,35.44,0,1.0,0,0,0
C102863,2023-03-23,9,Basic,organic,16.49,1,1.0,0,0,0
C105524,2023-03-24,9,Basic,referral,15.83,0,1.0,0,0,0
C105820,2023-03-24,9,Standard,paid_search,39.5,1,5.0,0,0,0
C105961,2023-03-24,9,Standard,partner,59.52,2,3.0,1,0,0
C103123,2023-03-24,9,Premium,referral,90.83,1,3.0,1,0,0
C104543,2023-03-24,9,Premium,partner,85.6,1,4.0,1,0,0
C100766,2023-03-24,9,Standard,organic,40.27,2,5.0,0,1,0
C107216,2023-03-24,9,Premium,partner,101.53,2,8.0,0,0,0
C100268,2023-03-24,9,Standard,organic,39.04,0,28.0,0,2,1
C106496,2023-03-24,9,Basic,organic,19.91,2,,0,0,0
C104227,2023-03-24,9,Basic,partner,17.52,0,1.0,0,0,0
C104454,2023-03-24,9,Basic,organic,13.44,1,2.0,0,0,0
C100952,2023-03-25,9,Basic,organic,26.14,1,1.0,0,0,0
C103919,2023-03-25,9,Basic,partner,21.1,0,9.0,0,0,0
C104037,2023-03-25,9,Standard,organic,43.79,0,,0,0,0
C102026,2023-03-25,9,Basic,paid_search,17.53,1,1.0,0,0,0
C103921,2023-03-25,9,Basic,referral,18.48,1,7.0,0,0,0
C107225,2023-03-25,9,Basic,paid_search,15.05,0,14.0,0,0,0
C100322,2023-03-25,9,Standard,organic,27.18,0,4.0,0,0,0
C107660,2023-03-25,9,Standard,paid_search,45.62,1,4.0,0,0,0
C105213,2023-03-25,9,Basic,partner,18.29,0,2.0,0,0,0
C103176,2023-03-25,9,Basic,organic,11.21,0,1.0,0,0,0
C105341,2023-03-25,9,Basic,organic,13.05,0,2.0,0,0,0
C101828,2023-03-25,9,Standard,paid_search,41.63,1,9.0,0,0,0
C101134,2023-03-25,9,Premium,organic,89.1,0,2.0,0,0,0
C106109,2023-03-25,9,Basic,referral,20.98,0,40.0,0,0,0
C100671,2023-03-25,9,Basic,partner,14.39,0,7.0,0,0,0
C103330,2023-03-25,9,Basic,referral,19.99,1,9.0,0,0,0
C105274,2023-03-26,9,Standard,organic,34.1,1,21.0,0,0,0
C100701,2023-03-26,9,Basic,referral,19.64,3,0.0,0,0,0
C103416,2023-03-26,9,Basic,paid_search,21.12,0,8.0,1,0,0
C107377,2023-03-26,9,Basic,partner,18.3,0,,0,0,0
C100600,2023-03-26,9,Standard,referral,52.55,1,27.0,0,0,0
C105096,2023-03-26,9,Standard,organic,44.64,0,8.0,0,0,0
C104638,2023-03-26,9,Standard,organic,38.87,1,3.0,0,0,0
C105122,2023-03-26,9,Premium,paid_search,86.45,1,8.0,0,0,0
C100899,2023-03-26,9,Standard,organic,39.48,0,14.0,0,0,0
C105062,2023-03-27,9,Standard,referral,48.66,1,,0,0,0
C104620,2023-03-27,9,Premium,paid_search,90.62,0,4.0,0,0,0
C105121,2023-03-27,9,Premium,organic,86.51,1,17.0,0,0,0
C107616,2023-03-27,9,Basic,partner,19.79,3,0.0,0,0,0
C100986,2023-03-27,9,Standard,partner,34.25,0,4.0,0,0,0
C106978,2023-03-27,9,Standard,organic,24.13,2,0.0,0,0,0
C102628,2023-03-27,9,Basic,referral,19.82,0,4.0,0,0,0
C106830,2023-03-27,9,Standard,referral,32.78,1,2.0,1,0,0
C101884,2023-03-27,9,Standard,paid_search,34.85,2,14.0,0,0,0
C106073,2023-03-27,9,Standard,organic,46.38,0,0.0,0,0,0
C102926,2023-03-27,9,Basic,paid_search,13.78,1,10.0,0,0,0
C104594,2023-03-27,9,Basic,paid_search,18.54,1,16.0,0,0,0
C106627,2023-03-27,9,Basic,organic,20.86,0,,1,0,0
C101845,2023-03-27,9,Premium,organic,62.76,2,3.0,0,0,0
C106113,2023-03-27,9,Premium,organic,91.66,0,11.0,0,0,0
C105785,2023-03-27,9,Standard,organic,30.6,2,32.0,0,0,0
C102903,2023-03-27,9,Basic,organic,18.9,1,,0,0,0
C103608,2023-03-27,9,Basic,organic,11.13,1,4.0,0,0,0
C102392,2023-03-27,9,Basic,paid_search,17.12,0,5.0,1,0,0
C106196,2023-03-28,9,Basic,organic,20.68,1,5.0,0,0,0
C101553,2023-03-28,9,Basic,partner,21.1,1,8.0,1,0,0
C107554,2023-03-28,9,Standard,organic,28.28,0,56.0,1,0,0
C103343,2023-03-28,9,Basic,organic,21.46,1,2.0,0,0,0
C102725,2023-03-28,9,Basic,referral,19.19,3,3.0,0,0,0
C103969,2023-03-28,9,Basic,paid_search,14.07,3,1.0,0,0,0
C102824,2023-03-28,9,Standard,paid_search,33.39,0,2.0,0,0,0
C101396,2023-03-29,9,Basic,organic,12.91,1,18.0,0,0,0
C102507,2023-03-29,9,Basic,organic,20.64,1,2.0,2,0,0
C106000,2023-03-29,9,Standard,organic,47.94,0,1.0,0,0,0
C101539,2023-03-29,9,Basic,partner,24.25,2,1.0,0,0,0
C107791,2023-03-29,9,Standard,paid_search,44.96,0,1.0,0,0,0
C103639,2023-03-29,9,Basic,organic,20.78,1,8.0,0,0,0
C105061,2023-03-29,9,Premium,organic,73.45,0,14.0,0,0,0
C101199,2023-03-29,9,Standard,paid_search,47.2,0,1.0,0,0,0
C102416,2023-03-29,9,Basic,referral,17.8,0,2.0,0,0,0
C106582,2023-03-29,9,Standard,organic,36.38,1,31.0,0,1,1
C102225,2023-03-29,9,Basic,partner,21.23,2,,0,0,0
C107737,2023-03-29,9,Standard,partner,33.43,3,11.0,0,0,0
C106933,2023-03-29,9,Standard,referral,37.61,2,3.0,0,0,0
C105151,2023-03-29,9,Basic,organic,20.78,0,40.0,0,0,0
C106833,2023-03-29,9,Standard,paid_search,43.59,0,18.0,0,0,0
C101660,2023-03-29,9,Basic,paid_search,18.87,0,10.0,1,4,1
C101637,2023-03-30,9,Standard,organic,19.71,1,0.0,0,0,0
C104902,2023-03-30,9,Standard,paid_search,33.32,1,,0,0,0
C107578,2023-03-30,9,Standard,organic,45.31,1,11.0,0,0,0
C103874,2023-03-30,9,Standard,partner,32.48,1,1.0,0,0,0
C101289,2023-03-30,9,Standard,partner,41.29,2,1.0,0,0,0
C105741,2023-03-30,9,Basic,referral,21.43,0,,0,0,0
C100674,2023-03-30,9,Standard,organic,45.96,0,8.0,0,0,0
C103599,2023-03-30,9,Standard,paid_search,48.01,0,9.0,0,0,0
C100342,2023-03-30,9,Standard,organic,53.04,2,39.0,0,1,1
C107663,2023-03-30,9,Basic,paid_search,19.04,0,,0,0,0
C103366,2023-03-30,9,Basic,referral,15.09,0,15.0,0,0,0
C107241,2023-03-30,9,Basic,referral,23.11,1,9.0,0,0,0
C102916,2023-03-30,9,Basic,referral,20.95,0,6.0,1,0,0
C107117,2023-03-31,9,Basic,organic,23.41,2,2.0,0,0,0
C105700,2023-03-31,9,Basic,referral,17.76,0,13.0,0,0,0
C101981,2023-03-31,9,Standard,organic,45.34,2,4.0,0,0,0
C105797,2023-03-31,9,Basic,organic,15.98,1,,1,0,0
C106256,2023-04-01,9,Premium,paid_search,64.34,1,5.0,1,0,0
C101210,2023-04-01,9,Standard,referral,44.43,0,9.0,0,0,0
C103120,2023-04-01,9,Basic,organic,16.71,1,14.0,0,0,0
C103603,2023-04-01,9,Standard,organic,41.63,0,7.0,0,0,0
C107384,2023-04-01,9,Basic,organic,19.76,0,23.0,0,0,0
C107659,2023-04-01,9,Premium,organic,79.51,0,3.0,0,2,1
C100824,2023-04-01,9,Basic,paid_search,19.98,1,14.0,1,0,0
C102906,2023-04-02,9,Standard,paid_search,33.54,0,1.0,0,0,0
C106360,2023-04-02,9,Standard,paid_search,45.89,2,1.0,0,0,0
C102897,2023-04-02,9,Basic,organic,17.96,0,4.0,0,0,0
C104909,2023-04-02,9,Basic,referral,16.93,0,2.0,0,0,0
C107950,2023-04-02,9,Premium,referral,59.69,2,2.0,0,0,0
C107162,2023-04-02,9,Basic,organic,20.86,1,4.0,0,0,0
C100995,2023-04-02,9,Basic,organic,16.91,2,1.0,1,0,0
C102358,2023-04-02,9,Standard,organic,47.27,2,4.0,0,0,0
C102127,2023-04-02,9,Basic,paid_search,17.21,1,1.0,1,0,0
C102720,2023-04-03,9,Basic,referral,12.02,0,6.0,0,0,0
C103025,2023-04-03,9,Standard,referral,31.42,2,,1,0,0
C103691,2023-04-03,9,Basic,organic,11.59,0,12.0,0,0,0
C104495,2023-04-03,9,Standard,organic,39.35,0,2.0,0,0,0
C105002,2023-04-03,9,Standard,organic,56.11,1,3.0,0,0,0
C105047,2023-04-03,9,Basic,referral,15.95,0,5.0,0,4,1
C100239,2023-04-03,9,Standard,referral,32.25,1,4.0,0,0,0
C106420,2023-04-03,9,Basic,partner,18.16,1,8.0,0,0,0
C105593,2023-04-03,9,Standard,paid_search,40.07,2,8.0,0,0,0
C102178,2023-04-03,9,Basic,paid_search,19.47,0,1.0,1,0,0
C107164,2023-04-03,9,Standard,paid_search,43.12,0,5.0,0,0,0
C102828,2023-04-03,9,Standard,paid_search,35.67,0,9.0,0,0,0
C101754,2023-04-03,9,Basic,organic,21.76,1,1.0,0,0,0
C103818,2023-04-03,9,Premium,organic,69.96,3,11.0,0,4,1
C100598,2023-04-04,9,Basic,paid_search,14.37,1,1.0,0,0,0
C101752,2023-04-04,9,Standard,partner,31.53,1,4.0,0,0,0
C103116,2023-04-04,9,Basic,organic,19.07,1,37.0,0,0,0
C107643,2023-04-04,9,Standard,organic,32.74,2,11.0,0,0,0
C106573,2023-04-04,9,Basic,paid_search,22.74,1,0.0,0,0,0
C100244,2023-04-04,9,Standard,referral,48.61,1,1.0,0,0,0
C107068,2023-04-04,9,Basic,partner,13.21,3,29.0,0,0,0
C103008,2023-04-05,9,Basic,paid_search,26.65,2,26.0,0,0,0
C101170,2023-04-05,9,Standard,partner,38.17,1,10.0,0,0,0
C107940,2023-04-05,9,Standard,partner,45.63,0,1.0,0,0,0
C100879,2023-04-05,9,Basic,organic,21.73,0,3.0,0,0,0
C103184,2023-04-05,9,Basic,partner,14.52,2,13.0,0,0,0
C100084,2023-04-05,9,Standard,partner,42.84,1,1.0,0,0,0
C107615,2023-04-05,9,Basic,organic,17.14,2,,0,2,1
C104541,2023-04-05,9,Basic,paid_search,17.58,1,10.0,0,1,0
C103170,2023-04-05,9,Standard,paid_search,26.3,1,1.0,0,1,0
C105267,2023-04-06,9,Premium,organic,80.32,2,,0,0,0
C102995,2023-04-06,9,Premium,referral,80.42,2,3.0,0,0,0
C101171,2023-04-06,9,Standard,organic,41.86,1,12.0,0,0,0
C103545,2023-04-06,9,Basic,organic,17.05,0,11.0,0,0,0
C100191,2023-04-06,9,Standard,organic,35.28,0,17.0,0,0,0
C105059,2023-04-06,9,Premium,paid_search,52.41,0,,0,0,0
C107508,2023-04-06,9,Premium,organic,91.33,0,6.0,0,0,0
C107539,2023-04-06,9,Standard,paid_search,41.95,0,,0,0,0
C106231,2023-04-07,9,Standard,organic,44.79,0,4.0,0,0,0
C103316,2023-04-07,9,Premium,referral,68.31,1,0.0,0,0,0
C104085,2023-04-07,9,Standard,paid_search,40.63,0,18.0,0,0,0
C101110,2023-04-07,9,Basic,paid_search,17.46,1,18.0,0,0,0
C104062,2023-04-07,9,Standard,paid_search,35.06,0,0.0,0,0,0
C104857,2023-04-07,9,Premium,referral,66.48,0,,0,0,0
C102230,2023-04-07,9,Premium,partner,74.67,1,6.0,0,0,0
C103864,2023-04-07,9,Standard,paid_search,47.54,1,7.0,1,0,0
C102157,2023-04-07,9,Basic,referral,18.37,0,4.0,0,0,0
C107904,2023-04-07,9,Basic,paid_search,18.99,1,8.0,1,0,0
C100039,2023-04-07,9,Standard,paid_search,38.48,1,2.0,0,0,0
C102009,2023-04-07,9,Premium,paid_search,70.33,0,37.0,1,0,0
C102184,2023-04-08,9,Basic,partner,22.01,1,1.0,1,0,0
C107640,2023-04-08,9,Standard,organic,44.36,0,9.0,0,0,0
C104618,2023-04-08,9,Basic,paid_search,16.32,2,3.0,0,0,0
C100657,2023-04-08,9,Basic,referral,20.14,1,1.0,0,0,0
C102757,2023-04-08,9,Premium,partner,103.28,1,,0,0,0
C100457,2023-04-08,9,Standard,paid_search,29.71,0,9.0,0,0,0
C102567,2023-04-08,9,Standard,organic,38.04,0,23.0,0,0,0
C101195,2023-04-08,9,Premium,paid_search,82.93,1,1.0,0,0,0
C106079,2023-04-09,9,Standard,partner,36.52,3,2.0,0,0,0
C106560,2023-04-09,9,Basic,paid_search,14.77,1,6.0,0,0,0
C103491,2023-04-09,9,Premium,organic,112.8,1,18.0,0,0,0
C100129,2023-04-09,9,Premium,referral,52.6,0,15.0,0,0,0
C106910,2023-04-09,9,Standard,organic,41.41,2,0.0,2,0,0
C101369,2023-04-09,9,Basic,paid_search,18.25,0,0.0,0,0,0
C100957,2023-04-09,9,Basic,paid_search,12.83,1,15.0,0,0,0
C100742,2023-04-09,9,Standard,organic,38.97,1,9.0,0,0,0
C101416,2023-04-09,9,Basic,partner,21.09,0,12.0,1,0,0
C101466,2023-04-09,9,Standard,organic,37.75,1,2.0,0,0,0
C100474,2023-04-09,9,Standard,paid_search,42.73,0,3.0,0,0,0
C100340,2023-04-09,9,Basic,paid_search,17.43,1,1.0,0,0,0
C103756,2023-04-10,9,Basic,organic,18.08,0,11.0,0,0,0
C101584,2023-04-10,9,Standard,paid_search,27.84,0,3.0,1,0,0
C100672,2023-04-10,9,Basic,organic,18.5,0,,0,0,0
C103300,2023-04-10,9,Standard,organic,31.38,1,2.0,1,0,0
C100919,2023-04-10,9,Basic,paid_search,18.94,0,38.0,0,0,0
C107658,2023-04-10,9,Basic,organic,16.55,0,,0,0,0
C100098,2023-04-10,9,Standard,referral,44.7,1,10.0,0,0,0
C103763,2023-04-10,9,Basic,paid_search,21.4,1,15.0,1,0,0
C100781,2023-04-11,9,Premium,referral,53.24,0,3.0,0,0,0
C102688,2023-04-11,9,Standard,referral,26.28,0,4.0,0,0,0
C102991,2023-04-11,9,Basic,organic,16.55,1,,1,0,0
C103407,2023-04-11,9,Standard,organic,30.57,0,1.0,0,0,0
C101234,2023-04-11,9,Standard,referral,44.93,0,6.0,0,0,0
C107694,2023-04-11,9,Basic,referral,18.45,0,60.0,0,2,1
C107441,2023-04-11,9,Basic,organic,16.67,2,4.0,0,0,0
C102969,2023-04-11,9,Standard,partner,41.51,0,3.0,0,0,0
C101127,2023-04-11,9,Basic,paid_search,14.39,1,,0,0,0
C103924,2023-04-11,9,Premium,paid_search,74.04,1,14.0,0,0,0
C101984,2023-04-11,9,Standard,partner,55.78,0,5.0,0,0,0
C105182,2023-04-11,9,Basic,referral,17.03,0,27.0,0,0,0
C101336,2023-04-11,9,Standard,organic,42.47,0,5.0,0,0,0
C105565,2023-04-11,9,Standard,organic,42.67,0,7.0,0,0,0
C106291,2023-04-12,9,Standard,organic,38.95,0,0.0,1,0,0
C103720,2023-04-12,9,Basic,referral,19.93,1,,0,1,0
C103549,2023-04-12,9,Basic,referral,19.66,1,3.0,0,0,0
C102436,2023-04-12,9,Standard,organic,38.72,0,4.0,0,0,0
C103729,2023-04-12,9,Basic,partner,19.11,0,8.0,1,0,0
C101993,2023-04-12,9,Premium,organic,102.66,0,13.0,1,0,1
C100615,2023-04-12,9,Basic,referral,17.61,0,4.0,0,0,0
C106571,2023-04-12,9,Standard,paid_search,41.21,1,37.0,0,2,1
C103323,2023-04-12,9,Premium,organic,83.88,0,10.0,0,0,0
C105063,2023-04-12,9,Standard,paid_search,42.7,1,1.0,1,0,0
C106209,2023-04-13,9,Basic,organic,23.56,0,11.0,0,0,0
C103501,2023-04-13,9,Standard,partner,30.11,1,8.0,0,0,0
C106904,2023-04-13,9,Basic,organic,20.17,1,3.0,0,1,0
C106002,2023-04-13,9,Basic,partner,19.13,0,60.0,0,0,0
C106058,2023-04-13,9,Standard,referral,37.28,1,,0,0,0
C105612,2023-04-13,9,Standard,organic,30.48,0,16.0,0,0,0
C105144,2023-04-13,9,Basic,paid_search,20.97,0,4.0,0,0,0
C101067,2023-04-13,9,Basic,referral,14.41,0,1.0,0,0,0
C103265,2023-04-14,9,Basic,organic,21.13,0,10.0,2,0,0
C105019,2023-04-14,9,Standard,organic,29.8,0,3.0,0,0,0
C103695,2023-04-14,9,Standard,referral,38.32,1,6.0,0,0,0
C106545,2023-04-14,9,Premium,paid_search,85.5,0,1.0,0,0,0
C104994,2023-04-14,9,Basic,organic,13.44,1,2.0,0,0,0
C107750,2023-04-14,9,Premium,organic,79.64,0,11.0,0,0,0
C103646,2023-04-14,9,Basic,paid_search,17.85,1,8.0,0,0,0
C104905,2023-04-14,9,Basic,organic,16.57,0,7.0,0,0,0
C103117,2023-04-15,9,Standard,partner,42.27,2,2.0,1,0,0
C100599,2023-04-15,9,Basic,organic,13.15,1,23.0,0,0,0
C106095,2023-04-15,9,Standard,organic,42.84,0,6.0,0,0,0
C100568,2023-04-15,9,Standard,partner,46.99,2,0.0,0,0,0
C105105,2023-04-15,9,Standard,paid_search,40.69,2,2.0,0,0,0
C103146,2023-04-15,9,Basic,partner,23.65,2,,0,3,1
C105671,2023-04-15,9,Premium,paid_search,67.35,1,2.0,0,0,0
C107257,2023-04-15,9,Basic,paid_search,13.51,0,,2,0,0
C105419,2023-04-15,9,Premium,paid_search,93.5,0,14.0,0,2,1
C107683,2023-04-15,9,Premium,organic,87.45,0,22.0,0,0,0
C102183,2023-04-16,9,Standard,organic,44.28,2,,0,0,0
C101714,2023-04-16,9,Basic,paid_search,16.1,1,5.0,0,0,0
C100025,2023-04-16,9,Premium,paid_search,58.07,1,,1,0,0
C103976,2023-04-16,9,Premium,paid_search,98.0,0,8.0,0,0,0
C103861,2023-04-16,9,Basic,partner,16.79,1,27.0,0,4,1
C107596,2023-04-16,9,Basic,paid_search,24.23,0,13.0,0,0,0
C107007,2023-04-16,9,Standard,paid_search,46.88,0,6.0,0,0,0
C105786,2023-04-17,9,Basic,organic,15.7,0,5.0,0,0,0
C103674,2023-04-17,9,Standard,organic,24.07,1,6.0,0,0,0
C102447,2023-04-17,9,Standard,paid_search,45.28,2,4.0,0,0,0
C103576,2023-04-17,9,Premium,partner,87.11,0,9.0,0,0,0
C107480,2023-04-17,9,Standard,referral,32.66,1,8.0,0,0,0
C106215,2023-04-17,9,Standard,referral,36.45,2,2.0,0,0,0
C101716,2023-04-17,9,Standard,paid_search,49.61,0,17.0,0,0,0
C107280,2023-04-17,9,Basic,paid_search,21.58,1,3.0,0,0,0
C106389,2023-04-18,8,Basic,referral,21.38,0,2.0,0,0,0
C106735,2023-04-18,8,Standard,organic,33.69,0,9.0,0,0,0
C102071,2023-04-18,8,Basic,paid_search,17.0,1,0.0,0,0,0
C107102,2023-04-18,8,Standard,paid_search,36.85,1,3.0,0,0,0
C102014,2023-04-18,8,Basic,referral,16.6,0,8.0,2,0,0
C104559,2023-04-19,8,Premium,organic,90.83,1,,0,0,0
C107593,2023-04-19,8,Standard,organic,47.08,1,0.0,0,0,0
C101129,2023-04-19,8,Premium,organic,81.19,0,9.0,0,0,0
C100933,2023-04-19,8,Basic,referral,23.63,3,0.0,0,0,0
C104990,2023-04-19,8,Premium,paid_search,84.83,3,44.0,0,0,0
C105553,2023-04-19,8,Basic,paid_search,17.0,0,4.0,0,0,0
C106457,2023-04-19,8,Basic,organic,13.83,0,0.0,1,0,0
C106799,2023-04-19,8,Premium,organic,65.75,0,0.0,0,0,0
C105811,2023-04-19,8,Basic,referral,17.77,1,,0,1,0
C102360,2023-04-19,8,Basic,organic,24.73,3,1.0,1,0,0
C100983,2023-04-19,8,Basic,paid_search,15.05,0,25.0,0,0,0
C107875,2023-04-19,8,Basic,referral,18.14,0,5.0,0,0,0
C102985,2023-04-19,8,Standard,referral,19.37,0,,0,0,0
C106105,2023-04-19,8,Basic,paid_search,15.97,1,8.0,1,0,0
C101254,2023-04-20,8,Standard,referral,42.83,1,5.0,0,0,0
C106786,2023-04-20,8,Standard,paid_search,35.99,1,3.0,0,0,0
C101220,2023-04-20,8,Basic,paid_search,15.15,0,16.0,1,0,0
C100823,2023-04-20,8,Standard,paid_search,44.99,0,7.0,0,0,0
C103588,2023-04-20,8,Standard,organic,31.49,1,5.0,0,0,0
C105898,2023-04-20,8,Standard,referral,44.19,0,0.0,0,0,0
C105673,2023-04-20,8,Standard,organic,35.7,1,7.0,1,0,0
C100243,2023-04-20,8,Standard,referral,43.71,0,44.0,0,3,1
C106407,2023-04-20,8,Standard,paid_search,30.14,1,7.0,0,0,0
C105943,2023-04-21,8,Standard,organic,32.85,1,2.0,1,0,0
C100501,2023-04-21,8,Standard,organic,33.43,0,2.0,1,0,0
C100770,2023-04-21,8,Standard,paid_search,33.73,3,3.0,1,0,0
C101204,2023-04-21,8,Basic,paid_search,21.21,2,2.0,0,0,0
C101088,2023-04-21,8,Premium,referral,76.92,1,29.0,0,0,0
C101886,2023-04-21,8,Basic,partner,18.56,0,,0,0,0
C104007,2023-04-21,8,Standard,organic,50.48,1,4.0,0,0,0
C102753,2023-04-21,8,Premium,referral,77.49,1,4.0,0,0,0
C102904,2023-04-21,8,Standard,organic,34.54,2,26.0,0,2,1
C106134,2023-04-21,8,Standard,partner,31.85,1,,0,0,0
C106240,2023-04-21,8,Basic,paid_search,17.49,0,39.0,0,0,0
C104041,2023-04-21,8,Basic,paid_search,22.38,0,7.0,0,0,0
C107959,2023-04-21,8,Basic,referral,22.95,2,3.0,0,0,0
C102480,2023-04-21,8,Standard,referral,35.99,0,5.0,0,0,0
C105734,2023-04-21,8,Basic,partner,19.22,0,11.0,0,0,0
C107591,2023-04-22,8,Basic,partner,14.7,1,4.0,1,0,0
C101437,2023-04-22,8,Basic,organic,16.21,0,0.0,0,0,0
C107090,2023-04-22,8,Standard,referral,37.91,0,3.0,0,0,0
C101722,2023-04-22,8,Basic,paid_search,19.94,2,5.0,0,0,0
C103272,2023-04-22,8,Basic,organic,19.44,0,11.0,2,0,0
C100651,2023-04-22,8,Standard,referral,31.27,0,9.0,0,0,0
C102929,2023-04-22,8,Premium,paid_search,67.36,0,15.0,2,2,1
C102257,2023-04-22,8,Basic,paid_search,18.0,1,13.0,0,0,0
C102323,2023-04-22,8,Basic,organic,18.66,1,12.0,0,0,0
C104180,2023-04-22,8,Basic,partner,20.45,0,23.0,1,0,0
C101811,2023-04-22,8,Basic,referral,20.48,0,2.0,0,0,0
C107860,2023-04-22,8,Premium,organic,81.46,1,20.0,0,0,0
C105521,2023-04-22,8,Standard,paid_search,38.63,2,1.0,1,0,0
C105185,2023-04-22,8,Premium,paid_search,90.08,1,4.0,0,0,0
C107685,2023-04-22,8,Premium,organic,60.5,1,2.0,0,0,0
C100985,2023-04-22,8,Basic,paid_search,23.43,2,18.0,0,0,0
C107954,2023-04-22,8,Premium,referral,96.15,0,3.0,1,0,0
C100002,2023-04-23,8,Premium,organic,54.14,1,6.0,0,0,0
C102379,2023-04-23,8,Standard,paid_search,42.86,1,14.0,0,0,0
C104459,2023-04-23,8,Standard,organic,41.23,1,2.0,0,0,0
C101397,2023-04-23,8,Basic,organic,15.25,1,19.0,0,0,0
C102550,2023-04-23,8,Premium,organic,94.74,0,6.0,0,0,0
C101223,2023-04-23,8,Basic,organic,23.41,0,3.0,1,0,0
C104678,2023-04-23,8,Standard,partner,30.46,0,3.0,1,0,0
C105360,2023-04-23,8,Basic,partner,15.3,3,7.0,0,0,0
C105953,2023-04-23,8,Standard,paid_search,29.93,2,5.0,0,0,0
C100122,2023-04-23,8,Premium,organic,66.88,0,2.0,1,0,0
C105137,2023-04-24,8,Standard,organic,38.08,1,2.0,0,0,0
C102085,2023-04-24,8,Standard,organic,51.65,1,15.0,0,0,0
C103793,2023-04-24,8,Basic,organic,21.32,2,,0,0,0
C107540,2023-04-24,8,Premium,organic,80.49,0,14.0,1,0,0
C104463,2023-04-24,8,Premium,organic,65.57,0,3.0,0,0,0
C105993,2023-04-24,8,Basic,organic,18.46,2,16.0,0,0,0
C105552,2023-04-24,8,Standard,organic,42.86,0,6.0,0,0,0
C105922,2023-04-24,8,Standard,partner,36.63,1,3.0,0,4,1
C102395,2023-04-24,8,Standard,organic,32.05,2,2.0,0,0,0
C104436,2023-04-24,8,Basic,paid_search,26.27,1,,0,0,0
C107221,2023-04-24,8,Standard,organic,52.26,0,22.0,0,0,0
C102194,2023-04-25,8,Basic,partner,19.53,1,31.0,1,0,0
C102618,2023-04-25,8,Basic,paid_search,20.3,1,16.0,0,0,0
C101276,2023-04-25,8,Standard,paid_search,33.05,1,7.0,0,0,0
C103962,2023-04-25,8,Standard,paid_search,33.56,1,16.0,0,0,0
C104301,2023-04-25,8,Basic,referral,19.84,0,,0,0,0
C106227,2023-04-25,8,Basic,organic,20.05,1,5.0,0,0,0
C101692,2023-04-25,8,Standard,organic,49.01,1,6.0,0,0,0
C105878,2023-04-25,8,Basic,organic,20.77,0,0.0,0,0,0
C100841,2023-04-25,8,Basic,paid_search,15.18,2,2.0,0,0,0
C106012,2023-04-25,8,Basic,paid_search,19.52,2,4.0,0,0,0
C104901,2023-04-25,8,Premium,organic,75.71,0,,0,0,0
C106152,2023-04-26,8,Basic,organic,19.8,0,0.0,1,0,0
C101980,2023-04-26,8,Standard,paid_search,36.24,0,12.0,0,0,0
C103437,2023-04-26,8,Basic,paid_search,16.89,1,7.0,1,0,0
C100729,2023-04-26,8,Basic,paid_search,18.63,0,7.0,0,0,0
C106754,2023-04-26,8,Standard,organic,37.23,2,,0,0,0
C102583,2023-04-26,8,Basic,paid_search,15.4,0,2.0,0,0,0
C107286,2023-04-26,8,Premium,paid_search,63.13,1,0.0,0,0,0
C105142,2023-04-26,8,Basic,paid_search,22.63,0,1.0,0,0,0
C106480,2023-04-26,8,Premium,paid_search,73.23,0,13.0,0,0,0
C106821,2023-04-26,8,Basic,paid_search,16.38,3,6.0,0,0,0
C102022,2023-04-26,8,Basic,referral,25.52,0,0.0,1,0,0
C106342,2023-04-26,8,Basic,organic,16.45,1,25.0,0,4,1
C102021,2023-04-27,8,Premium,organic,96.97,0,,0,0,0
C100315,2023-04-27,8,Standard,organic,43.23,0,15.0,0,0,0
C103408,2023-04-27,8,Standard,organic,41.13,1,15.0,0,0,0
C101596,2023-04-27,8,Premium,organic,73.8,1,9.0,0,0,0
C102049,2023-04-27,8,Standard,organic,49.7,0,1.0,0,0,0
C105014,2023-04-27,8,Premium,referral,86.47,0,10.0,0,2,1
C107466,2023-04-27,8,Basic,organic,17.14,0,14.0,0,0,0
C103833,2023-04-27,8,Standard,paid_search,40.8,0,1.0,0,0,0
C102896,2023-04-27,8,Premium,organic,86.14,0,5.0,0,0,0
C104320,2023-04-27,8,Basic,referral,19.08,2,12.0,1,0,0
C106165,2023-04-27,8,Premium,organic,58.13,2,4.0,0,0,0
C106845,2023-04-27,8,Premium,paid_search,72.36,1,2.0,0,0,0
C107560,2023-04-28,8,Premium,organic,67.63,2,4.0,0,0,0
C102770,2023-04-28,8,Basic,organic,19.3,0,7.0,0,0,0
C101958,2023-04-28,8,Standard,referral,32.05,0,6.0,0,0,0
C107546,2023-04-28,8,Standard,paid_search,39.09,0,11.0,0,0,0
C100254,2023-04-28,8,Premium,organic,61.38,0,,0,2,1
C107412,2023-04-28,8,Standard,paid_search,36.07,0,10.0,0,0,0
C105713,2023-04-28,8,Standard,paid_search,33.97,1,0.0,1,0,0
C107837,2023-04-28,8,Premium,paid_search,88.87,2,7.0,0,0,0
C107537,2023-04-29,8,Basic,organic,25.37,0,5.0,0,0,0
C100155,2023-04-29,8,Basic,organic,14.68,0,2.0,0,0,0
C103928,2023-04-29,8,Basic,organic,16.03,0,3.0,0,0,0
C100445,2023-04-29,8,Standard,organic,28.57,1,,0,0,0
C104399,2023-04-29,8,Standard,paid_search,59.35,0,6.0,0,0,0
C100371,2023-04-29,8,Basic,organic,23.71,1,15.0,1,0,0
C102087,2023-04-29,8,Basic,organic,17.62,0,1.0,0,0,0
C102999,2023-04-29,8,Standard,referral,27.97,1,13.0,0,0,0
C104875,2023-04-30,8,Basic,organic,20.38,1,10.0,0,0,0
C100161,2023-04-30,8,Basic,paid_search,20.08,2,2.0,0,2,1
C105888,2023-04-30,8,Basic,referral,18.16,1,8.0,0,0,0
C101647,2023-04-30,8,Basic,referral,21.64,1,13.0,1,0,0
C107934,2023-04-30,8,Premium,referral,62.83,1,2.0,1,0,0
C100478,2023-04-30,8,Standard,partner,38.59,1,6.0,0,0,0
C100236,2023-04-30,8,Basic,paid_search,18.78,0,5.0,0,0,0
C102876,2023-04-30,8,Basic,partner,16.16,0,3.0,0,0,0
C102241,2023-04-30,8,Basic,organic,19.04,1,4.0,0,0,0
C107783,2023-04-30,8,Standard,organic,45.3,0,25.0,0,1,1
C100821,2023-05-01,8,Basic,organic,17.43,1,7.0,0,0,0
C105368,2023-05-01,8,Standard,paid_search,32.02,0,14.0,0,0,0
C106561,2023-05-01,8,Standard,referral,38.6,1,32.0,0,1,1
C106766,2023-05-01,8,Basic,organic,18.98,1,35.0,0,2,1
C104488,2023-05-01,8,Standard,paid_search,35.12,1,9.0,0,0,0
C105297,2023-05-01,8,Premium,organic,87.4,1,17.0,1,0,0
C100107,2023-05-01,8,Standard,organic,28.0,1,17.0,0,0,0
C100818,2023-05-01,8,Standard,organic,41.31,2,10.0,1,0,0
C104729,2023-05-01,8,Basic,referral,18.58,0,6.0,0,0,0
C105217,2023-05-02,8,Premium,referral,88.45,1,11.0,0,0,0
C105869,2023-05-02,8,Premium,referral,62.32,0,6.0,1,0,0
C107613,2023-05-02,8,Standard,organic,39.38,2,0.0,0,0,0
C105810,2023-05-02,8,Basic,referral,21.85,1,6.0,0,0,0
C102562,2023-05-02,8,Basic,partner,18.32,1,0.0,0,0,0
C106719,2023-05-02,8,Standard,organic,41.63,3,,1,0,0
C100310,2023-05-02,8,Standard,partner,42.02,1,9.0,0,0,0
C103738,2023-05-03,8,Basic,organic,21.6,0,9.0,1,0,0
C101048,2023-05-03,8,Basic,partner,12.85,1,1.0,1,0,0
C105203,2023-05-03,8,Basic,organic,15.77,1,2.0,0,0,0
C105446,2023-05-03,8,Standard,organic,28.16,0,26.0,0,0,0
C102721,2023-05-03,8,Basic,organic,17.38,1,19.0,0,0,0
C102101,2023-05-03,8,Basic,organic,16.54,0,2.0,1,2,1
C102083,2023-05-03,8,Basic,organic,22.62,2,5.0,0,0,0
C107249,2023-05-03,8,Standard,organic,34.74,0,2.0,1,0,0
C100121,2023-05-03,8,Standard,referral,48.01,2,33.0,0,0,0
C107916,2023-05-03,8,Standard,organic,45.5,2,1.0,0,0,0
C103158,2023-05-03,8,Basic,paid_search,22.39,1,6.0,0,0,0
C104304,2023-05-04,8,Standard,referral,49.79,1,2.0,0,0,0
C107738,2023-05-04,8,Basic,organic,20.82,0,1.0,0,0,0
C107992,2023-05-04,8,Premium,paid_search,77.14,0,6.0,1,1,0
C100079,2023-05-04,8,Standard,organic,29.82,0,0.0,0,0,0
C100858,2023-05-04,8,Basic,referral,19.3,1,4.0,0,0,0
C102615,2023-05-04,8,Basic,organic,21.15,3,3.0,1,0,0
C104358,2023-05-04,8,Premium,paid_search,71.13,0,2.0,0,0,0
C107811,2023-05-04,8,Standard,partner,43.81,0,16.0,0,0,0
C103654,2023-05-04,8,Basic,organic,17.99,0,0.0,0,0,0
C105258,2023-05-04,8,Basic,organic,15.72,0,4.0,2,0,0
C100640,2023-05-05,8,Basic,paid_search,22.39,1,8.0,0,0,0
C103982,2023-05-05,8,Premium,referral,86.84,1,7.0,0,0,0
C107415,2023-05-05,8,Standard,paid_search,31.82,2,3.0,0,0,0
C101131,2023-05-05,8,Basic,referral,24.58,0,1.0,0,0,0
C101612,2023-05-05,8,Basic,paid_search,27.26,0,8.0,0,0,0
C100735,2023-05-05,8,Standard,partner,43.33,1,2.0,0,0,0
C103192,2023-05-05,8,Standard,organic,34.43,2,11.0,0,0,0
C100282,2023-05-05,8,Standard,partner,44.2,2,1.0,0,0,0
C103001,2023-05-06,8,Premium,organic,86.49,0,5.0,0,0,0
C104878,2023-05-06,8,Basic,organic,13.3,1,4.0,0,0,0
C106343,2023-05-06,8,Premium,paid_search,95.58,3,6.0,0,0,0
C102279,2023-05-06,8,Basic,paid_search,21.91,3,2.0,0,0,0
C107290,2023-05-06,8,Premium,organic,54.24,1,4.0,1,0,0
C101426,2023-05-06,8,Premium,partner,83.74,0,,0,0,0
C102658,2023-05-06,8,Standard,organic,41.45,0,1.0,2,0,0
C105375,2023-05-06,8,Basic,referral,18.54,1,,0,0,0
C100311,2023-05-06,8,Standard,paid_search,37.5,1,6.0,0,0,0
C107255,2023-05-06,8,Basic,organic,18.76,1,1.0,0,0,0
C103374,2023-05-06,8,Standard,referral,43.03,1,8.0,0,0,0
C107716,2023-05-06,8,Basic,referral,16.1,1,5.0,1,0,0
C101305,2023-05-06,8,Standard,organic,42.82,0,7.0,0,0,0
C106691,2023-05-06,8,Standard,organic,33.08,1,8.0,0,0,0
C102931,2023-05-07,8,Standard,organic,38.5,1,11.0,0,0,0
C106428,2023-05-07,8,Basic,paid_search,27.05,1,7.0,0,0,0
C105402,2023-05-07,8,Standard,paid_search,25.61,1,7.0,0,0,0
C105827,2023-05-07,8,Standard,paid_search,42.31,0,6.0,0,0,0
C106235,2023-05-07,8,Basic,paid_search,18.81,2,16.0,0,4,1
C101812,2023-05-07,8,Standard,paid_search,46.85,2,19.0,0,0,0
C106084,2023-05-07,8,Standard,partner,43.24,1,,0,0,0
C102816,2023-05-07,8,Standard,referral,31.59,0,9.0,0,0,0
C103812,2023-05-08,8,Standard,organic,38.38,0,5.0,0,0,0
C101423,2023-05-08,8,Basic,paid_search,21.16,1,2.0,1,0,0
C101070,2023-05-08,8,Basic,paid_search,21.64,0,3.0,0,0,0
C105847,2023-05-08,8,Basic,organic,21.48,0,25.0,0,0,0
C107316,2023-05-08,8,Basic,paid_search,21.23,0,,1,0,0
C106508,2023-05-08,8,Basic,paid_search,21.04,1,20.0,0,0,0
C102111,2023-05-08,8,Basic,paid_search,20.78,2,5.0,0,0,0
C103983,2023-05-08,8,Premium,organic,76.97,1,4.0,0,4,1
C104169,2023-05-08,8,Basic,partner,22.52,2,0.0,0,0,0
C101273,2023-05-08,8,Premium,organic,89.8,1,,0,0,0
C101328,2023-05-08,8,Basic,organic,16.04,1,0.0,0,0,0
C105642,2023-05-08,8,Premium,paid_search,75.96,0,43.0,2,1,1
C105517,2023-05-08,8,Basic,organic,22.64,1,2.0,0,0,0
C103609,2023-05-08,8,Premium,paid_search,86.26,1,,0,0,0
C105535,2023-05-09,8,Basic,referral,21.36,0,0.0,0,0,0
C107444,2023-05-09,8,Basic,organic,11.77,0,22.0,0,0,0
C103232,2023-05-09,8,Basic,organic,17.9,0,,0,0,0
C106211,2023-05-09,8,Basic,referral,23.53,1,7.0,0,0,0
C107725,2023-05-09,8,Basic,paid_search,19.28,0,3.0,0,0,0
C102437,2023-05-09,8,Basic,paid_search,19.91,1,1.0,0,0,0
C106973,2023-05-09,8,Basic,organic,17.09,1,4.0,0,0,0
C106453,2023-05-10,8,Basic,referral,15.38,1,2.0,1,0,0
C103389,2023-05-10,8,Basic,organic,20.61,0,,0,0,0
C100256,2023-05-10,8,Basic,referral,21.43,1,28.0,0,0,0
C100415,2023-05-10,8,Standard,partner,55.21,1,9.0,0,0,0
C106349,2023-05-10,8,Standard,organic,38.65,0,19.0,0,4,1
C103205,2023-05-10,8,Basic,paid_search,23.32,2,11.0,0,0,0
C103518,2023-05-10,8,Basic,organic,21.47,0,5.0,0,0,0
C101297,2023-05-10,8,Basic,organic,19.92,0,2.0,0,0,0
C106852,2023-05-10,8,Standard,paid_search,28.61,3,,0,0,0
C101667,2023-05-10,8,Premium,partner,73.09,0,9.0,0,0,0
C106717,2023-05-10,8,Standard,organic,41.85,0,8.0,0,0,0
C105128,2023-05-10,8,Basic,organic,24.33,1,39.0,0,3,1
C100048,2023-05-10,8,Basic,paid_search,19.09,0,1.0,0,0,0
C107327,2023-05-11,8,Basic,organic,19.88,0,,0,0,0
C106893,2023-05-11,8,Standard,organic,42.61,1,,1,0,0
C105643,2023-05-11,8,Basic,partner,13.83,1,29.0,0,0,0
C102033,2023-05-11,8,Basic,paid_search,16.24,1,7.0,1,0,0
C104200,2023-05-11,8,Basic,organic,22.27,0,2.0,1,0,0
C104923,2023-05-11,8,Basic,referral,25.92,1,7.0,0,0,0
C104998,2023-05-11,8,Premium,organic,73.34,2,4.0,0,0,0
C101326,2023-05-11,8,Standard,partner,36.21,2,47.0,1,2,1
C107052,2023-05-11,8,Premium,paid_search,79.63,0,1.0,0,0,0
C105123,2023-05-11,8,Basic,partner,16.77,1,5.0,0,0,0
C100710,2023-05-11,8,Standard,paid_search,30.28,2,22.0,1,0,0
C103766,2023-05-11,8,Standard,organic,45.88,2,2.0,0,0,0
C104165,2023-05-12,8,Standard,organic,51.29,0,0.0,0,0,0
C100549,2023-05-12,8,Basic,organic,19.49,1,14.0,0,0,0
C105954,2023-05-12,8,Standard,partner,29.57,0,5.0,0,0,0
C100826,2023-05-12,8,Basic,referral,20.78,0,,0,0,0
C102467,2023-05-12,8,Standard,organic,36.81,0,9.0,0,0,0
C106096,2023-05-12,8,Basic,organic,11.55,1,12.0,0,4,1
C102631,2023-05-12,8,Basic,organic,23.43,0,16.0,0,4,1
C105597,2023-05-12,8,Basic,partner,16.17,1,2.0,0,0,0
C107545,2023-05-12,8,Standard,referral,42.04,0,0.0,0,0,0
C107017,2023-05-13,8,Basic,organic,21.7,1,7.0,0,0,0
C104821,2023-05-13,8,Basic,partner,23.13,0,4.0,0,0,0
C103191,2023-05-13,8,Basic,organic,22.11,0,9.0,1,0,0
C102284,2023-05-13,8,Premium,paid_search,73.27,0,12.0,0,0,0
C105918,2023-05-13,8,Basic,paid_search,21.74,1,2.0,0,0,0
C101702,2023-05-13,8,Basic,organic,20.58,1,11.0,0,0,0
C107200,2023-05-13,8,Standard,referral,36.56,1,0.0,0,0,0
C101972,2023-05-13,8,Standard,organic,43.81,1,8.0,0,0,0
C106222,2023-05-13,8,Standard,organic,48.07,1,28.0,0,0,0
C103828,2023-05-13,8,Standard,referral,46.27,2,0.0,0,0,0
C105003,2023-05-14,8,Basic,partner,20.81,3,3.0,0,0,0
C102266,2023-05-14,8,Basic,referral,22.17,2,4.0,0,0,0
C105022,2023-05-14,8,Premium,organic,104.53,0,19.0,0,0,0
C103611,2023-05-14,8,Standard,paid_search,31.08,0,1.0,0,0,0
C101509,2023-05-14,8,Standard,referral,49.92,0,20.0,0,0,0
C107681,2023-05-14,8,Standard,partner,29.78,2,11.0,0,0,0
C100097,2023-05-14,8,Standard,organic,45.39,0,3.0,0,0,0
C103718,2023-05-14,8,Standard,paid_search,42.09,2,0.0,0,0,0
C101695,2023-05-14,8,Basic,organic,19.8,1,15.0,0,0,0
C104442,2023-05-14,8,Basic,organic,18.06,0,35.0,0,0,0
C106250,2023-05-14,8,Standard,organic,47.51,1,5.0,0,0,0
C100059,2023-05-14,8,Standard,paid_search,45.13,0,12.0,0,0,0
C100190,2023-05-15,8,Basic,paid_search,22.78,0,7.0,0,0,0
C105853,2023-05-15,8,Basic,organic,21.84,0,13.0,0,0,0
C105669,2023-05-15,8,Premium,paid_search,106.4,0,8.0,0,0,0
C105722,2023-05-15,8,Standard,referral,36.35,2,,0,0,0
C107407,2023-05-15,8,Basic,organic,23.65,1,49.0,0,0,0
C100812,2023-05-15,8,Standard,organic,35.64,1,4.0,0,0,0
C101779,2023-05-15,8,Basic,paid_search,17.82,0,,2,1,0
C104036,2023-05-16,8,Basic,organic,23.12,0,2.0,0,0,0
C104214,2023-05-16,8,Basic,referral,20.84,0,3.0,0,0,0
C100787,2023-05-16,8,Standard,referral,29.14,2,20.0,1,0,0
C102255,2023-05-16,8,Premium,partner,70.8,0,3.0,0,0,0
C106771,2023-05-16,8,Basic,paid_search,16.85,1,11.0,0,0,0
C104731,2023-05-16,8,Standard,paid_search,38.64,2,21.0,0,0,0
C103575,2023-05-16,8,Premium,organic,66.64,0,3.0,0,0,0
C107673,2023-05-16,8,Standard,organic,37.94,1,5.0,0,0,0
C100635,2023-05-16,8,Basic,paid_search,16.18,0,6.0,0,0,0
C107380,2023-05-16,8,Standard,organic,35.8,1,5.0,0,0,0
C102135,2023-05-16,8,Basic,paid_search,18.09,1,4.0,0,0,0
C100614,2023-05-16,8,Basic,organic,22.2,0,,1,5,1
C107637,2023-05-16,8,Standard,referral,29.01,4,0.0,0,0,0
C101546,2023-05-17,8,Premium,partner,100.18,1,20.0,1,0,0
C101061,2023-05-17,8,Basic,partner,19.79,2,11.0,0,0,0
C107956,2023-05-17,8,Standard,organic,43.68,2,6.0,0,0,0
C105573,2023-05-17,8,Standard,referral,31.35,0,14.0,0,0,0
C104019,2023-05-17,8,Standard,partner,40.22,0,12.0,0,0,0
C107582,2023-05-17,8,Basic,organic,10.65,1,1.0,0,0,0
C100074,2023-05-17,8,Basic,paid_search,20.68,4,3.0,0,0,0
C103796,2023-05-17,8,Basic,organic,25.19,0,0.0,0,0,0
C106257,2023-05-18,7,Basic,paid_search,23.43,0,17.0,0,0,0
C107570,2023-05-18,7,Premium,partner,75.13,2,3.0,0,0,0
C103587,2023-05-18,7,Premium,organic,71.13,1,3.0,0,0,0
C105401,2023-05-18,7,Standard,referral,43.58,0,0.0,0,0,0
C105912,2023-05-18,7,Premium,organic,70.32,0,0.0,0,0,0
C106950,2023-05-18,7,Basic,partner,23.68,3,31.0,0,0,0
C106730,2023-05-19,7,Standard,partner,32.24,2,13.0,0,0,0
C102717,2023-05-19,7,Premium,referral,69.7,0,5.0,0,0,0
C105322,2023-05-19,7,Basic,partner,21.55,0,9.0,1,0,0
C101148,2023-05-19,7,Premium,paid_search,64.45,2,19.0,0,0,0
C103572,2023-05-19,7,Basic,organic,19.57,2,8.0,1,0,0
C106546,2023-05-19,7,Standard,organic,37.64,0,1.0,0,0,0
C104012,2023-05-19,7,Standard,referral,37.07,1,2.0,0,0,0
C104028,2023-05-19,7,Premium,paid_search,103.72,0,11.0,0,0,0
C104671,2023-05-19,7,Basic,partner,11.34,1,18.0,0,0,0
C103267,2023-05-19,7,Standard,organic,42.69,0,,0,0,0
C100586,2023-05-19,7,Standard,organic,38.94,1,5.0,0,0,0
C104570,2023-05-20,7,Standard,paid_search,34.6,0,1.0,1,0,0
C104804,2023-05-20,7,Standard,organic,41.5,0,3.0,1,0,0
C101182,2023-05-20,7,Basic,organic,18.92,1,6.0,0,0,0
C104886,2023-05-20,7,Basic,paid_search,18.97,1,3.0,0,0,0
C105065,2023-05-20,7,Standard,organic,32.51,3,,0,0,0
C100940,2023-05-20,7,Premium,paid_search,95.21,3,9.0,0,0,0
C106331,2023-05-20,7,Premium,referral,60.57,2,3.0,0,2,1
C106856,2023-05-21,7,Standard,paid_search,47.1,2,84.0,0,4,1
C105111,2023-05-21,7,Basic,referral,18.33,2,8.0,0,0,0
C106266,2023-05-21,7,Standard,organic,45.57,1,11.0,1,0,0
C105571,2023-05-21,7,Standard,organic,47.31,0,4.0,0,0,0
C106901,2023-05-21,7,Basic,organic,20.96,0,8.0,0,0,0
C104500,2023-05-21,7,Basic,referral,22.58,1,15.0,0,0,0
C107818,2023-05-21,7,Basic,referral,19.58,0,13.0,0,0,0
C102516,2023-05-21,7,Standard,paid_search,38.93,1,9.0,1,0,0
C101613,2023-05-21,7,Standard,paid_search,36.8,0,18.0,0,0,0
C106797,2023-05-21,7,Basic,organic,20.99,0,12.0,0,0,0
C103975,2023-05-21,7,Premium,paid_search,77.7,1,19.0,0,0,0
C104855,2023-05-21,7,Basic,organic,21.83,1,,0,0,0
C106664,2023-05-22,7,Basic,organic,15.94,0,15.0,0,0,0
C104590,2023-05-22,7,Standard,partner,35.62,0,8.0,0,0,0
C103607,2023-05-22,7,Basic,paid_search,21.36,0,21.0,0,0,0
C106733,2023-05-22,7,Premium,partner,94.47,0,5.0,2,0,0
C105625,2023-05-22,7,Standard,referral,38.52,2,,0,0,0
C104759,2023-05-22,7,Basic,referral,9.53,0,2.0,0,0,0
C100421,2023-05-22,7,Basic,organic,18.86,0,18.0,0,0,0
C103876,2023-05-23,7,Standard,partner,37.56,1,23.0,1,0,0
C107925,2023-05-23,7,Basic,paid_search,15.41,1,,2,0,0
C106447,2023-05-23,7,Basic,organic,22.72,2,2.0,0,0,0
C100665,2023-05-23,7,Basic,paid_search,16.28,0,30.0,0,0,0
C105356,2023-05-23,7,Premium,paid_search,79.23,0,8.0,0,0,0
C107231,2023-05-23,7,Premium,referral,101.03,1,3.0,0,0,0
C102074,2023-05-24,7,Standard,paid_search,42.9,0,13.0,1,0,0
C100174,2023-05-24,7,Standard,partner,46.98,1,,0,0,0
C104744,2023-05-24,7,Standard,organic,40.0,0,6.0,0,0,0
C105153,2023-05-24,7,Premium,organic,84.41,2,1.0,0,0,0
C104492,2023-05-24,7,Basic,paid_search,18.82,2,3.0,0,0,0
C106523,2023-05-24,7,Standard,organic,41.73,1,5.0,0,0,0
C100183,2023-05-24,7,Standard,paid_search,29.64,0,7.0,0,0,0
C104521,2023-05-25,7,Basic,organic,20.39,1,3.0,0,0,0
C100007,2023-05-25,7,Basic,partner,21.07,1,6.0,0,0,0
C107579,2023-05-25,7,Standard,organic,38.47,1,7.0,1,0,0
C106027,2023-05-25,7,Basic,organic,19.26,1,1.0,0,0,0
C104682,2023-05-25,7,Standard,organic,44.19,1,17.0,0,0,0
C100865,2023-05-25,7,Basic,partner,22.66,0,5.0,0,0,0
C105515,2023-05-25,7,Premium,organic,96.36,0,1.0,1,0,0
C104869,2023-05-25,7,Standard,paid_search,39.87,0,14.0,0,0,0
C105859,2023-05-25,7,Standard,referral,39.57,2,4.0,0,0,0
C100874,2023-05-25,7,Standard,organic,41.11,1,14.0,0,0,0
C101471,2023-05-25,7,Basic,referral,19.7,1,0.0,0,0,0
C106356,2023-05-25,7,Standard,organic,38.41,3,2.0,0,0,0
C100931,2023-05-26,7,Standard,paid_search,36.8,0,6.0,0,0,0
C102180,2023-05-26,7,Basic,paid_search,16.32,1,7.0,1,0,0
C106688,2023-05-26,7,Standard,paid_search,43.81,0,3.0,0,0,0
C103220,2023-05-26,7,Basic,organic,20.66,1,6.0,0,0,0
C106969,2023-05-26,7,Basic,organic,15.99,0,3.0,0,0,0
C105268,2023-05-26,7,Premium,referral,68.91,1,,0,0,0
C106894,2023-05-26,7,Standard,partner,46.66,0,8.0,0,2,1
C101302,2023-05-26,7,Standard,partner,38.39,2,6.0,0,0,0
C106783,2023-05-26,7,Basic,organic,20.67,1,2.0,0,0,0
C106387,2023-05-26,7,Standard,organic,42.79,5,42.0,0,5,1
C102500,2023-05-26,7,Premium,organic,88.77,0,6.0,0,0,0
C100203,2023-05-26,7,Standard,partner,45.14,2,13.0,0,0,0
C102374,2023-05-26,7,Basic,organic,22.69,0,7.0,1,0,0
C102210,2023-05-26,7,Basic,referral,15.61,1,,0,0,0
C101732,2023-05-26,7,Standard,paid_search,45.6,0,11.0,1,0,0
C100085,2023-05-27,7,Premium,referral,97.15,0,9.0,0,0,0
C102140,2023-05-27,7,Basic,paid_search,20.36,0,14.0,0,0,0
C100042,2023-05-27,7,Basic,partner,24.85,1,0.0,1,0,0
C101347,2023-05-27,7,Standard,referral,53.28,0,19.0,0,0,0
C106423,2023-05-27,7,Basic,organic,18.12,1,7.0,0,0,0
C103104,2023-05-27,7,Basic,paid_search,18.21,0,20.0,0,3,1
C101594,2023-05-28,7,Standard,referral,27.57,1,2.0,0,0,0
C105028,2023-05-28,7,Basic,paid_search,18.2,0,3.0,0,0,0
C100981,2023-05-28,7,Basic,organic,19.93,1,,0,0,0
C102119,2023-05-28,7,Basic,organic,19.06,0,9.0,0,0,0
C104567,2023-05-29,7,Standard,paid_search,42.49,0,5.0,0,0,0
C101193,2023-05-29,7,Standard,organic,35.12,1,8.0,0,0,0
C107866,2023-05-29,7,Basic,referral,20.7,0,4.0,0,0,0
C103932,2023-05-29,7,Basic,organic,25.21,0,4.0,0,0,0
C100222,2023-05-29,7,Basic,referral,17.29,3,14.0,0,0,0
C101063,2023-05-30,7,Basic,partner,19.33,1,11.0,0,0,0
C103067,2023-05-30,7,Premium,referral,94.86,0,3.0,0,0,0
C103004,2023-05-30,7,Premium,paid_search,91.28,1,9.0,0,0,0
C102154,2023-05-30,7,Basic,paid_search,19.84,1,47.0,0,0,0
C107805,2023-05-30,7,Standard,referral,27.11,0,3.0,0,0,0
C106963,2023-05-30,7,Standard,organic,36.82,0,10.0,0,0,0
C102841,2023-05-30,7,Premium,paid_search,64.09,0,14.0,0,4,1
C104532,2023-05-30,7,Basic,referral,13.82,1,1.0,0,0,0
C104453,2023-05-30,7,Premium,paid_search,94.8,2,3.0,0,0,0
C103556,2023-05-30,7,Basic,referral,20.7,0,5.0,2,0,0
C107069,2023-05-30,7,Basic,paid_search,21.72,1,3.0,0,0,0
C107553,2023-05-30,7,Basic,organic,17.31,1,,0,0,0
C104566,2023-05-30,7,Premium,organic,90.22,2,7.0,0,0,0
C100109,2023-05-30,7,Standard,organic,40.61,1,5.0,0,0,0
C107695,2023-05-30,7,Premium,organic,64.35,1,2.0,0,0,0
C106549,2023-05-30,7,Standard,referral,30.87,1,5.0,0,4,1
C105821,2023-05-30,7,Premium,organic,90.64,0,3.0,0,0,0
C107717,2023-05-31,7,Standard,partner,42.67,1,2.0,1,0,0
C105206,2023-05-31,7,Standard,partner,40.11,0,2.0,0,0,1
C101040,2023-05-31,7,Basic,partner,20.91,0,4.0,0,1,0
C102773,2023-05-31,7,Premium,organic,88.52,0,3.0,0,0,0
C106206,2023-05-31,7,Standard,referral,52.89,2,27.0,1,0,0
C105477,2023-05-31,7,Standard,paid_search,33.64,3,5.0,0,2,0
C106071,2023-05-31,7,Premium,partner,77.36,0,,0,0,0
C101538,2023-05-31,7,Basic,organic,22.69,1,9.0,1,0,0
C104156,2023-05-31,7,Premium,organic,80.44,4,1.0,0,0,0
C102706,2023-05-31,7,Basic,organic,23.1,1,16.0,0,0,0
C105778,2023-06-01,7,Standard,organic,44.33,1,17.0,0,0,0
C104694,2023-06-01,7,Standard,referral,46.31,0,2.0,0,0,0
C106645,2023-06-01,7,Basic,organic,20.17,0,3.0,0,0,0
C104583,2023-06-01,7,Basic,referral,19.56,0,13.0,0,0,0
C103064,2023-06-01,7,Basic,paid_search,13.64,0,12.0,0,0,0
C102819,2023-06-01,7,Premium,organic,95.37,2,31.0,0,0,0
C103049,2023-06-01,7,Basic,partner,19.01,1,1.0,0,0,0
C105462,2023-06-01,7,Basic,partner,18.93,1,7.0,1,0,0
C102798,2023-06-01,7,Standard,referral,44.12,0,3.0,0,0,0
C107023,2023-06-01,7,Standard,paid_search,38.57,1,19.0,0,0,0
C101599,2023-06-01,7,Standard,paid_search,39.99,0,24.0,0,3,1
C106031,2023-06-02,7,Standard,partner,35.84,0,10.0,0,0,0
C100540,2023-06-02,7,Basic,organic,17.36,0,5.0,0,0,0
C105839,2023-06-02,7,Premium,referral,90.98,4,3.0,0,0,0
C100905,2023-06-02,7,Standard,partner,42.25,1,6.0,1,1,0
C101044,2023-06-02,7,Basic,partner,13.3,1,21.0,1,6,1
C103680,2023-06-02,7,Premium,paid_search,88.1,0,12.0,0,0,0
C103930,2023-06-02,7,Basic,paid_search,23.39,1,1.0,0,0,0
C105409,2023-06-02,7,Standard,referral,36.74,0,2.0,0,0,0
C104554,2023-06-02,7,Standard,referral,48.16,1,1.0,0,0,0
C105582,2023-06-02,7,Basic,paid_search,18.63,2,,0,0,0
C102407,2023-06-03,7,Basic,paid_search,19.79,2,18.0,0,6,1
C104211,2023-06-03,7,Premium,paid_search,88.55,1,16.0,0,0,0
C101316,2023-06-03,7,Basic,organic,24.82,2,9.0,0,0,0
C106547,2023-06-03,7,Basic,referral,20.26,0,1.0,1,0,0
C103134,2023-06-03,7,Basic,paid_search,17.44,1,,0,0,0
C106214,2023-06-03,7,Standard,partner,34.51,0,4.0,0,0,0
C106345,2023-06-03,7,Premium,organic,72.12,0,6.0,0,0,0
C100891,2023-06-03,7,Basic,referral,15.7,0,4.0,2,0,0
C105955,2023-06-03,7,Standard,organic,40.93,1,38.0,1,2,1
C103489,2023-06-03,7,Basic,partner,18.32,2,4.0,0,0,0
C102244,2023-06-03,7,Basic,organic,21.94,0,15.0,0,0,0
C101893,2023-06-03,7,Premium,paid_search,82.7,0,20.0,1,1,1
C107457,2023-06-03,7,Basic,partner,17.61,1,4.0,0,0,0
C107786,2023-06-04,7,Standard,organic,57.94,1,1.0,0,0,0
C106295,2023-06-04,7,Standard,partner,35.66,0,27.0,0,2,1
C101076,2023-06-04,7,Standard,paid_search,35.9,2,0.0,0,0,0
C103855,2023-06-04,7,Standard,partner,32.96,0,13.0,0,0,0
C103869,2023-06-04,7,Standard,partner,40.69,2,2.0,0,0,0
C106225,2023-06-04,7,Standard,referral,32.52,0,14.0,0,0,0
C104518,2023-06-04,7,Standard,paid_search,36.63,0,2.0,0,0,0
C103445,2023-06-04,7,Standard,organic,51.37,1,0.0,0,0,0
C107121,2023-06-04,7,Standard,organic,41.8,1,10.0,0,0,0
C101521,2023-06-04,7,Basic,referral,21.94,2,3.0,0,2,1
C104574,2023-06-04,7,Premium,partner,90.49,0,9.0,0,0,0
C105874,2023-06-04,7,Basic,organic,13.7,1,3.0,0,0,0
C107282,2023-06-05,7,Standard,referral,45.25,1,12.0,1,0,0
C101275,2023-06-05,7,Standard,partner,32.27,1,3.0,0,0,0
C105280,2023-06-05,7,Premium,organic,82.73,0,4.0,0,0,0
C104213,2023-06-05,7,Standard,organic,32.89,1,5.0,0,0,0
C103150,2023-06-05,7,Standard,organic,35.78,0,5.0,0,0,0
C106484,2023-06-05,7,Basic,referral,25.42,1,,0,0,0
C107765,2023-06-05,7,Basic,partner,16.92,3,4.0,0,0,0
C107672,2023-06-05,7,Standard,partner,35.94,3,1.0,0,0,0
C103553,2023-06-05,7,Basic,paid_search,19.4,0,5.0,0,0,0
C101196,2023-06-05,7,Basic,referral,20.45,0,3.0,0,0,0
C104418,2023-06-05,7,Basic,paid_search,17.7,0,6.0,0,0,0
C105574,2023-06-05,7,Basic,paid_search,21.69,2,1.0,0,0,0
C107074,2023-06-05,7,Premium,organic,57.41,2,8.0,0,0,0
C102352,2023-06-06,7,Standard,paid_search,40.24,0,7.0,0,0,0
C104164,2023-06-06,7,Basic,organic,20.92,3,21.0,1,0,1
C107907,2023-06-06,7,Standard,organic,36.29,2,13.0,0,0,0
C106327,2023-06-06,7,Basic,paid_search,22.28,2,6.0,0,0,0
C102294,2023-06-06,7,Basic,paid_search,21.82,0,7.0,0,0,0
C104286,2023-06-06,7,Basic,paid_search,20.61,2,27.0,1,1,1
C102054,2023-06-06,7,Basic,organic,16.98,1,2.0,0,0,0
C105252,2023-06-06,7,Standard,partner,27.13,0,3.0,0,0,0
C100429,2023-06-07,7,Basic,paid_search,20.82,1,29.0,0,0,0
C106836,2023-06-07,7,Basic,organic,17.84,0,8.0,0,0,0
C107420,2023-06-07,7,Standard,referral,40.66,2,7.0,0,2,0
C103906,2023-06-07,7,Standard,paid_search,38.9,1,20.0,1,0,0
C102940,2023-06-07,7,Standard,paid_search,31.58,0,2.0,0,0,0
C105008,2023-06-07,7,Standard,paid_search,30.8,1,5.0,0,0,0
C105957,2023-06-07,7,Basic,partner,24.01,1,0.0,0,0,0
C100773,2023-06-08,7,Basic,organic,18.72,1,,0,0,0
C107491,2023-06-08,7,Basic,referral,15.55,2,10.0,1,0,0
C100014,2023-06-08,7,Standard,organic,17.22,0,5.0,0,0,0
C100211,2023-06-08,7,Basic,organic,24.08,0,5.0,0,0,0
C107946,2023-06-08,7,Basic,paid_search,20.47,0,2.0,1,0,0
C104177,2023-06-08,7,Standard,paid_search,36.55,1,13.0,0,0,0
C106993,2023-06-08,7,Basic,referral,15.51,0,4.0,1,0,0
C107761,2023-06-08,7,Standard,paid_search,45.46,1,12.0,0,0,0
C101331,2023-06-08,7,Standard,paid_search,31.9,1,5.0,1,0,0
C100176,2023-06-08,7,Standard,paid_search,37.58,1,18.0,0,0,0
C102980,2023-06-08,7,Premium,organic,94.02,1,20.0,0,0,0
C101674,2023-06-08,7,Standard,paid_search,43.48,0,6.0,1,0,0
C105281,2023-06-08,7,Premium,partner,96.54,2,6.0,1,0,0
C106072,2023-06-08,7,Basic,organic,17.47,1,2.0,0,0,0
C106478,2023-06-08,7,Basic,referral,17.83,0,2.0,0,0,0
C103092,2023-06-09,7,Premium,organic,87.08,0,43.0,0,4,1
C106609,2023-06-09,7,Standard,partner,28.68,1,3.0,0,0,0
C104863,2023-06-09,7,Standard,organic,31.65,1,10.0,1,0,0
C105698,2023-06-09,7,Basic,referral,20.86,1,3.0,0,0,0
C102130,2023-06-09,7,Basic,referral,17.31,1,,0,0,0
C105966,2023-06-09,7,Basic,partner,17.62,1,0.0,0,0,0
C104413,2023-06-09,7,Basic,partner,14.81,1,0.0,0,0,0
C107009,2023-06-09,7,Premium,paid_search,101.53,2,,1,0,0
C105866,2023-06-09,7,Basic,organic,17.81,1,4.0,1,0,0
C107996,2023-06-09,7,Basic,paid_search,18.26,0,1.0,1,0,0
C107628,2023-06-10,7,Basic,organic,22.17,1,,0,4,1
C102968,2023-06-10,7,Standard,referral,39.11,0,4.0,0,0,0
C102018,2023-06-10,7,Standard,organic,45.56,1,1.0,0,0,0
C102984,2023-06-10,7,Basic,referral,15.27,1,7.0,0,0,0
C101902,2023-06-10,7,Basic,paid_search,22.54,0,8.0,0,0,0
C102063,2023-06-10,7,Basic,organic,19.96,1,5.0,0,0,0
C100394,2023-06-10,7,Basic,organic,15.6,0,3.0,0,0,0
C101749,2023-06-10,7,Premium,paid_search,71.82,2,,0,0,0
C107984,2023-06-10,7,Basic,paid_search,12.28,2,30.0,0,5,1
C104903,2023-06-10,7,Basic,referral,19.42,0,18.0,0,0,0
C106583,2023-06-10,7,Standard,partner,35.26,3,9.0,0,0,0
C100235,2023-06-10,7,Basic,partner,17.65,2,27.0,0,0,0
C100726,2023-06-11,7,Standard,referral,28.76,3,10.0,0,0,0
C103399,2023-06-11,7,Standard,organic,38.25,0,11.0,1,0,0
C104385,2023-06-11,7,Basic,organic,20.09,1,11.0,0,0,0
C100224,2023-06-11,7,Basic,organic,21.43,1,10.0,0,0,0
C101207,2023-06-11,7,Premium,partner,87.59,0,15.0,0,3,1
C106269,2023-06-11,7,Basic,paid_search,16.2,1,39.0,0,3,1
C103730,2023-06-11,7,Standard,paid_search,44.01,1,12.0,0,1,0
C102937,2023-06-11,7,Standard,organic,43.07,0,5.0,0,0,0
C101640,2023-06-11,7,Basic,organic,23.56,1,1.0,0,0,0
C103640,2023-06-11,7,Basic,organic,17.72,0,8.0,0,0,0
C104420,2023-06-11,7,Basic,partner,15.66,1,21.0,0,0,0
C100696,2023-06-11,7,Basic,paid_search,21.7,0,,0,0,0
C101118,2023-06-12,7,Basic,paid_search,19.6,1,,0,0,0
C105166,2023-06-12,7,Standard,organic,43.26,0,8.0,0,0,0
C102792,2023-06-12,7,Standard,partner,38.29,0,0.0,0,0,0
C107448,2023-06-12,7,Standard,partner,44.29,1,,0,0,0
C102597,2023-06-12,7,Basic,organic,20.48,0,,1,0,0
C107649,2023-06-12,7,Premium,organic,87.3,1,5.0,0,0,0
C100792,2023-06-12,7,Basic,paid_search,17.29,1,13.0,0,0,0
C100173,2023-06-12,7,Basic,paid_search,16.16,0,4.0,1,0,0
C103938,2023-06-12,7,Basic,referral,14.44,1,14.0,0,0,0
C107167,2023-06-12,7,Premium,paid_search,85.07,0,0.0,0,0,0
C104537,2023-06-13,7,Premium,partner,64.03,1,12.0,0,0,0
C102858,2023-06-13,7,Basic,organic,22.02,1,,0,0,0
C105503,2023-06-13,7,Basic,paid_search,18.38,0,19.0,0,0,0
C104689,2023-06-13,7,Standard,referral,31.68,1,10.0,0,0,0
C100680,2023-06-13,7,Premium,partner,91.89,0,1.0,1,0,0
C106147,2023-06-13,7,Basic,referral,16.22,1,21.0,0,0,0
C102854,2023-06-13,7,Basic,referral,16.93,1,8.0,0,1,0
C106818,2023-06-13,7,Basic,paid_search,20.58,1,6.0,0,6,1
C100460,2023-06-13,7,Basic,referral,22.06,0,18.0,1,0,0
C104945,2023-06-13,7,Standard,referral,39.27,2,0.0,1,0,0
C107475,2023-06-14,7,Basic,referral,19.83,2,10.0,1,0,0
C104851,2023-06-14,7,Basic,paid_search,19.16,1,,0,0,0
C101136,2023-06-14,7,Basic,organic,18.92,3,3.0,0,0,0
C104120,2023-06-14,7,Basic,organic,22.93,1,3.0,0,0,0
C101669,2023-06-14,7,Premium,referral,73.63,0,0.0,1,0,0
C106750,2023-06-14,7,Basic,organic,15.05,1,3.0,1,0,0
C102066,2023-06-14,7,Standard,partner,36.87,0,,1,0,0
C100675,2023-06-14,7,Basic,organic,20.62,2,10.0,0,0,0
C103835,2023-06-14,7,Basic,referral,19.97,1,2.0,0,0,0
C101597,2023-06-14,7,Basic,referral,22.28,2,7.0,0,3,1
C103714,2023-06-14,7,Basic,paid_search,18.02,0,3.0,0,0,0
C101878,2023-06-15,7,Standard,referral,38.69,2,8.0,1,0,0
C106373,2023-06-15,7,Basic,paid_search,27.25,0,10.0,0,0,0
C102017,2023-06-15,7,Standard,organic,41.66,2,9.0,1,7,1
C101784,2023-06-15,7,Basic,referral,21.78,2,40.0,0,0,0
C104940,2023-06-15,7,Basic,referral,21.97,2,5.0,0,0,0
C104140,2023-06-15,7,Basic,paid_search,15.5,1,0.0,0,0,0
C100317,2023-06-15,7,Standard,paid_search,28.77,1,4.0,0,0,0
C105134,2023-06-15,7,Basic,organic,15.7,1,13.0,0,0,0
C106860,2023-06-15,7,Basic,referral,20.64,1,1.0,0,0,0
C107366,2023-06-16,7,Basic,organic,15.21,0,,0,0,0
C100712,2023-06-16,7,Standard,paid_search,40.61,0,1.0,0,0,0
C104593,2023-06-16,7,Standard,organic,41.55,2,17.0,0,0,0
C106584,2023-06-16,7,Basic,paid_search,23.31,0,5.0,1,0,0
C103046,2023-06-16,7,Basic,organic,15.78,0,1.0,0,0,0
C103952,2023-06-16,7,Premium,paid_search,86.14,1,,0,0,0
C103353,2023-06-16,7,Standard,referral,31.99,1,10.0,1,0,0
C107244,2023-06-16,7,Standard,paid_search,23.49,0,4.0,1,0,0
C102267,2023-06-16,7,Standard,referral,50.32,1,12.0,0,0,0
C107156,2023-06-16,7,Premium,paid_search,75.71,0,,0,0,0
C104685,2023-06-16,7,Basic,referral,16.87,1,7.0,0,0,0
C106794,2023-06-17,7,Basic,organic,22.15,1,,0,0,0
C105293,2023-06-17,7,Basic,organic,16.32,1,4.0,0,0,0
C102690,2023-06-17,7,Standard,partner,32.38,3,9.0,0,2,1
C107470,2023-06-17,7,Basic,organic,22.74,0,19.0,0,0,0
C103279,2023-06-17,7,Standard,partner,40.33,1,9.0,0,0,0
C103244,2023-06-17,7,Standard,partner,33.75,0,14.0,0,0,0
C103933,2023-06-17,7,Basic,partner,19.09,0,2.0,0,0,0
C104599,2023-06-17,7,Basic,referral,12.78,1,4.0,0,0,0
C100759,2023-06-17,7,Premium,paid_search,91.35,1,5.0,0,0,0
C100730,2023-06-17,7,Basic,partner,21.04,2,8.0,0,0,0
C105406,2023-06-18,6,Standard,organic,35.31,1,4.0,1,1,0
C101723,2023-06-18,6,Premium,referral,87.04,0,11.0,0,0,0
C101032,2023-06-18,6,Basic,organic,17.67,0,15.0,0,0,0
C103998,2023-06-18,6,Basic,referral,16.53,2,16.0,0,0,0
C100316,2023-06-18,6,Premium,referral,74.83,1,16.0,2,5,1
C104132,2023-06-18,6,Standard,organic,39.3,0,0.0,0,0,0
C100736,2023-06-18,6,Standard,organic,41.74,1,,0,0,0
C102572,2023-06-18,6,Standard,organic,30.54,0,9.0,0,0,0
C102708,2023-06-18,6,Standard,paid_search,43.71,0,13.0,0,0,0
C105615,2023-06-18,6,Basic,paid_search,14.49,0,7.0,0,0,0
C106928,2023-06-18,6,Premium,referral,69.98,0,3.0,0,0,0
C107433,2023-06-18,6,Premium,organic,77.13,0,7.0,0,0,0
C103030,2023-06-19,6,Basic,partner,19.82,1,10.0,1,0,0
C106137,2023-06-19,6,Standard,partner,34.55,0,9.0,0,0,0
C107082,2023-06-19,6,Basic,referral,19.8,1,22.0,1,0,0
C101217,2023-06-19,6,Basic,paid_search,19.97,0,0.0,0,0,0
C107693,2023-06-19,6,Basic,paid_search,14.53,0,7.0,0,0,0
C106258,2023-06-20,6,Basic,organic,12.43,2,0.0,0,0,0
C102964,2023-06-20,6,Basic,paid_search,19.65,1,7.0,0,0,0
C101713,2023-06-20,6,Standard,organic,40.62,0,1.0,1,0,0
C103679,2023-06-20,6,Premium,referral,84.63,1,4.0,0,0,0
C105190,2023-06-20,6,Standard,paid_search,40.03,1,,0,0,0
C105790,2023-06-20,6,Basic,referral,22.67,1,2.0,0,0,0
C103945,2023-06-20,6,Basic,organic,19.19,1,,0,0,0
C103957,2023-06-20,6,Basic,paid_search,18.29,0,28.0,0,0,0
C102086,2023-06-20,6,Standard,organic,42.51,1,7.0,1,0,0
C101231,2023-06-20,6,Premium,paid_search,110.88,2,21.0,0,5,1
C104278,2023-06-20,6,Premium,paid_search,74.2,1,12.0,1,0,0
C101572,2023-06-20,6,Standard,partner,43.17,0,1.0,0,0,0
C107419,2023-06-20,6,Premium,referral,82.52,2,1.0,0,0,0
C104931,2023-06-20,6,Basic,organic,16.63,2,3.0,0,0,0
C103850,2023-06-20,6,Standard,organic,43.01,0,3.0,1,0,0
C101008,2023-06-20,6,Standard,referral,28.61,1,,0,0,0
C100661,2023-06-21,6,Premium,organic,56.13,0,,0,0,0
C103540,2023-06-21,6,Premium,organic,78.38,2,7.0,1,0,0
C101348,2023-06-21,6,Standard,paid_search,39.38,0,7.0,0,0,0
C107802,2023-06-21,6,Standard,paid_search,33.73,1,,0,0,0
C100885,2023-06-21,6,Premium,referral,78.1,1,6.0,0,0,0
C103472,2023-06-21,6,Basic,paid_search,14.38,2,16.0,0,0,0
C106293,2023-06-21,6,Basic,organic,16.6,1,40.0,0,0,0
C102399,2023-06-21,6,Standard,referral,52.0,1,9.0,0,0,0
C104704,2023-06-21,6,Standard,organic,49.73,3,6.0,0,0,0
C101859,2023-06-21,6,Basic,referral,15.03,0,1.0,0,0,0
C102056,2023-06-21,6,Basic,paid_search,10.61,0,4.0,0,0,0
C103013,2023-06-22,6,Standard,referral,46.03,1,3.0,0,0,0
C100630,2023-06-22,6,Basic,organic,19.57,1,8.0,0,0,1
C105659,2023-06-22,6,Basic,organic,18.14,1,10.0,0,0,0
C104668,2023-06-22,6,Standard,paid_search,41.43,1,11.0,1,0,0
C101001,2023-06-22,6,Standard,referral,24.54,0,8.0,1,0,0
C101590,2023-06-22,6,Basic,organic,14.3,0,21.0,0,0,0
C103387,2023-06-22,6,Basic,organic,14.94,0,8.0,0,3,0
C100012,2023-06-22,6,Premium,partner,78.06,1,15.0,0,2,1
C100376,2023-06-22,6,Standard,organic,32.04,0,2.0,0,0,0
C100214,2023-06-22,6,Standard,paid_search,37.58,0,1.0,0,0,0
C100556,2023-06-22,6,Standard,organic,25.76,1,0.0,1,0,0
C104444,2023-06-23,6,Premium,organic,86.3,1,2.0,0,0,0
C104090,2023-06-23,6,Basic,organic,17.75,1,15.0,0,0,0
C100738,2023-06-23,6,Basic,organic,13.0,1,2.0,0,0,0
C100804,2023-06-23,6,Standard,paid_search,35.05,0,12.0,0,0,0
C105872,2023-06-23,6,Standard,organic,35.49,0,12.0,1,0,0
C102343,2023-06-23,6,Standard,organic,34.38,1,9.0,0,0,0
C106354,2023-06-23,6,Standard,organic,40.29,1,18.0,0,0,0
C107361,2023-06-23,6,Standard,partner,39.9,3,9.0,0,0,0
C100470,2023-06-23,6,Premium,referral,65.28,2,43.0,0,0,0
C100756,2023-06-23,6,Basic,organic,15.24,0,20.0,0,0,0
C104068,2023-06-23,6,Basic,organic,15.75,0,34.0,0,0,0
C103228,2023-06-23,6,Basic,organic,24.66,0,24.0,0,0,0
C103649,2023-06-23,6,Standard,organic,31.75,0,,0,0,0
C106633,2023-06-23,6,Standard,organic,39.4,1,3.0,0,0,0
C105651,2023-06-24,6,Standard,referral,43.97,2,25.0,1,0,0
C100602,2023-06-24,6,Premium,partner,79.28,1,8.0,0,0,0
C100431,2023-06-24,6,Premium,referral,86.04,0,31.0,0,0,0
C105336,2023-06-24,6,Basic,partner,24.89,2,9.0,0,1,0
C101448,2023-06-24,6,Standard,partner,39.38,0,7.0,0,0,0
C101601,2023-06-24,6,Basic,organic,18.15,2,11.0,0,0,0
C103266,2023-06-24,6,Basic,organic,18.62,1,10.0,0,0,0
C102057,2023-06-24,6,Standard,organic,44.16,0,,0,0,0
C104306,2023-06-24,6,Standard,paid_search,42.75,1,,0,0,0
C105371,2023-06-24,6,Basic,paid_search,17.78,0,18.0,0,0,0
C107344,2023-06-24,6,Standard,paid_search,58.29,2,,0,0,0
C101281,2023-06-24,6,Basic,organic,26.54,0,4.0,0,0,0
C103262,2023-06-25,6,Standard,paid_search,41.1,1,5.0,1,0,0
C104338,2023-06-25,6,Basic,paid_search,15.53,0,,0,0,0
C103848,2023-06-25,6,Basic,partner,18.25,1,1.0,0,0,0
C105585,2023-06-25,6,Premium,partner,100.78,1,1.0,0,0,0
C103929,2023-06-25,6,Standard,organic,41.72,2,2.0,0,0,0
C103194,2023-06-25,6,Standard,paid_search,37.01,1,2.0,0,0,0
C101860,2023-06-25,6,Standard,paid_search,39.08,1,0.0,0,0,0
C106789,2023-06-25,6,Basic,referral,25.4,0,17.0,0,0,0
C105451,2023-06-25,6,Basic,organic,20.6,0,0.0,0,0,0
C101280,2023-06-25,6,Premium,organic,74.61,1,4.0,1,0,0
C105374,2023-06-26,6,Standard,paid_search,40.26,2,22.0,0,0,0
C101965,2023-06-26,6,Basic,partner,15.82,1,,0,0,0
C106682,2023-06-26,6,Standard,organic,38.91,1,,0,0,0
C104192,2023-06-26,6,Basic,partner,11.55,1,9.0,0,0,0
C106406,2023-06-26,6,Standard,organic,33.26,2,2.0,0,0,0
C101721,2023-06-26,6,Basic,organic,19.02,1,13.0,0,0,1
C106043,2023-06-26,6,Standard,organic,35.95,1,6.0,1,0,0
C101393,2023-06-26,6,Standard,organic,28.5,2,2.0,0,0,0
C102114,2023-06-26,6,Basic,paid_search,13.78,3,,0,0,0
C101138,2023-06-27,6,Basic,organic,15.36,3,11.0,1,1,1
C100058,2023-06-27,6,Basic,organic,27.01,1,7.0,0,0,0
C107194,2023-06-27,6,Standard,partner,33.47,1,0.0,1,0,0
C102637,2023-06-27,6,Standard,paid_search,36.61,2,8.0,0,0,0
C107012,2023-06-27,6,Standard,paid_search,35.72,1,7.0,0,0,0
C103625,2023-06-27,6,Basic,paid_search,14.25,1,7.0,0,0,0
C105926,2023-06-27,6,Standard,organic,39.37,2,1.0,0,0,0
C101844,2023-06-27,6,Standard,referral,40.46,1,5.0,0,0,0
C107792,2023-06-27,6,Standard,partner,39.71,0,37.0,0,0,0
C101741,2023-06-27,6,Standard,paid_search,37.74,2,6.0,0,0,0
C107894,2023-06-27,6,Basic,referral,20.33,1,3.0,0,0,0
C101035,2023-06-27,6,Basic,paid_search,14.73,1,8.0,0,0,0
C105964,2023-06-27,6,Basic,paid_search,21.74,1,16.0,0,0,0
C100061,2023-06-28,6,Standard,referral,39.27,0,,0,0,0
C102171,2023-06-28,6,Basic,organic,18.56,0,4.0,0,0,0
C103019,2023-06-28,6,Standard,organic,36.72,1,13.0,0,0,0
C103361,2023-06-28,6,Standard,paid_search,37.25,1,1.0,0,0,0
C105307,2023-06-28,6,Premium,partner,76.86,2,8.0,1,0,0
C103493,2023-06-28,6,Basic,paid_search,22.17,0,,0,0,0
C107502,2023-06-28,6,Standard,paid_search,44.88,1,1.0,0,0,0
C100877,2023-06-28,6,Standard,organic,50.0,0,11.0,0,0,0
C101512,2023-06-28,6,Standard,referral,42.31,0,19.0,1,0,0
C105890,2023-06-28,6,Standard,organic,45.99,1,,0,0,0
C104814,2023-06-29,6,Premium,partner,74.43,1,1.0,0,0,0
C100511,2023-06-29,6,Standard,organic,38.53,0,4.0,0,0,0
C106176,2023-06-29,6,Basic,organic,17.82,1,7.0,0,0,0
C106007,2023-06-29,6,Premium,paid_search,93.48,1,2.0,0,0,0
C102042,2023-06-29,6,Standard,referral,30.99,1,,0,0,0
C107176,2023-06-29,6,Basic,paid_search,18.79,0,19.0,0,0,0
C103471,2023-06-29,6,Standard,paid_search,43.36,0,4.0,0,0,0
C102402,2023-06-29,6,Basic,partner,21.23,1,3.0,0,0,0
C104646,2023-06-29,6,Standard,referral,38.5,1,,0,0,0
C107400,2023-06-29,6,Standard,paid_search,31.33,1,7.0,1,0,0
C107157,2023-06-29,6,Premium,referral,79.51,1,30.0,0,2,1
C102124,2023-06-29,6,Basic,paid_search,16.89,0,12.0,0,0,0
C105970,2023-06-29,6,Standard,referral,49.95,2,3.0,0,0,0
C106975,2023-06-29,6,Basic,organic,16.93,0,9.0,0,0,0
C105357,2023-06-29,6,Standard,paid_search,43.71,0,1.0,0,0,0
C103251,2023-06-30,6,Standard,organic,27.69,0,7.0,0,0,0
C107854,2023-06-30,6,Basic,organic,17.08,0,5.0,0,0,0
C106868,2023-06-30,6,Standard,organic,46.69,1,16.0,0,2,1
C103027,2023-06-30,6,Basic,paid_search,19.4,0,4.0,0,0,0
C103182,2023-06-30,6,Standard,referral,33.5,1,13.0,0,0,0
C104201,2023-06-30,6,Premium,paid_search,74.07,0,,0,0,0
C102986,2023-06-30,6,Standard,referral,56.6,1,2.0,0,0,0
C100377,2023-06-30,6,Basic,referral,22.01,0,8.0,0,0,0
C106431,2023-06-30,6,Standard,paid_search,39.28,0,,0,0,0
C105125,2023-06-30,6,Premium,partner,105.45,0,6.0,0,0,0
C105717,2023-06-30,6,Basic,paid_search,19.15,4,3.0,0,0,0
C100390,2023-06-30,6,Basic,organic,18.38,0,0.0,0,0,0
C102324,2023-06-30,6,Standard,paid_search,43.87,1,7.0,0,0,0
C101898,2023-06-30,6,Standard,organic,28.12,0,3.0,0,0,0
C104996,2023-06-30,6,Premium,partner,81.82,1,3.0,0,0,0
C103767,2023-07-01,6,Basic,referral,20.9,0,3.0,0,0,0
C102293,2023-07-01,6,Premium,referral,84.4,0,3.0,1,0,0
C106994,2023-07-01,6,Premium,paid_search,104.35,0,5.0,0,6,1
C104469,2023-07-01,6,Basic,organic,16.08,1,28.0,2,4,1
C103166,2023-07-01,6,Standard,organic,39.53,0,2.0,1,0,0
C100359,2023-07-01,6,Standard,partner,44.52,0,13.0,0,0,0
C103075,2023-07-01,6,Standard,paid_search,18.31,0,17.0,1,0,0
C104777,2023-07-01,6,Standard,paid_search,40.85,1,1.0,0,0,0
C100462,2023-07-01,6,Basic,organic,21.61,0,,0,1,0
C106971,2023-07-02,6,Premium,organic,96.56,1,,0,0,0
C103456,2023-07-02,6,Standard,referral,42.62,0,5.0,0,0,0
C103465,2023-07-02,6,Basic,organic,20.83,1,7.0,0,0,0
C100894,2023-07-02,6,Standard,paid_search,36.68,1,1.0,0,0,0
C103365,2023-07-02,6,Basic,partner,18.11,1,26.0,0,0,0
C102043,2023-07-02,6,Premium,referral,92.64,0,0.0,0,0,0
C106089,2023-07-02,6,Standard,organic,46.61,0,6.0,0,0,0
C102351,2023-07-02,6,Premium,referral,79.94,1,,0,0,0
C101233,2023-07-02,6,Basic,paid_search,16.38,2,3.0,0,0,0
C104558,2023-07-02,6,Basic,organic,15.93,2,5.0,0,0,0
C105740,2023-07-02,6,Standard,organic,31.26,2,14.0,0,0,0
C106929,2023-07-03,6,Basic,organic,21.39,0,3.0,0,0,0
C107389,2023-07-03,6,Basic,organic,15.63,0,11.0,0,0,0
C101666,2023-07-03,6,Basic,paid_search,8.1,2,7.0,0,0,0
C103095,2023-07-03,6,Basic,partner,18.24,2,3.0,0,0,0
C107507,2023-07-03,6,Basic,paid_search,21.55,0,9.0,0,0,0
C104844,2023-07-03,6,Standard,referral,46.45,0,7.0,1,0,0
C103052,2023-07-03,6,Basic,paid_search,23.54,0,3.0,0,0,0
C105145,2023-07-03,6,Standard,partner,42.28,1,0.0,0,0,0
C105522,2023-07-03,6,Basic,paid_search,21.75,2,1.0,0,0,0
C101983,2023-07-03,6,Basic,referral,20.58,2,3.0,0,0,0
C103722,2023-07-03,6,Basic,referral,18.11,1,2.0,0,0,0
C102098,2023-07-03,6,Standard,partner,49.26,2,5.0,0,0,0
C104314,2023-07-03,6,Basic,organic,13.1,0,,0,0,0
C101377,2023-07-03,6,Standard,referral,35.97,1,8.0,0,0,0
C107906,2023-07-03,6,Standard,paid_search,39.98,1,6.0,1,0,0
C102048,2023-07-03,6,Basic,paid_search,16.29,1,21.0,0,0,0
C106019,2023-07-03,6,Standard,paid_search,43.69,0,20.0,1,0,0
C102361,2023-07-03,6,Standard,organic,27.49,0,,0,5,1
C103614,2023-07-03,6,Basic,paid_search,24.68,1,39.0,1,5,1
C104533,2023-07-03,6,Premium,partner,108.75,0,2.0,0,0,0
C102502,2023-07-04,6,Standard,paid_search,26.14,0,11.0,0,0,0
C103584,2023-07-04,6,Standard,referral,41.59,0,9.0,0,0,0
C102347,2023-07-04,6,Standard,partner,40.59,0,7.0,1,0,0
C105998,2023-07-04,6,Basic,referral,19.47,1,7.0,1,0,0
C100492,2023-07-04,6,Premium,paid_search,63.91,0,,0,0,0
C105640,2023-07-04,6,Standard,referral,47.44,1,1.0,0,0,0
C105598,2023-07-04,6,Standard,organic,39.57,0,10.0,0,0,0
C101064,2023-07-04,6,Premium,organic,100.77,0,5.0,1,0,0
C104805,2023-07-04,6,Standard,partner,31.61,2,6.0,1,0,0
C101789,2023-07-05,6,Standard,paid_search,36.08,0,8.0,0,0,0
C101994,2023-07-05,6,Standard,organic,49.69,0,0.0,0,0,0
C107262,2023-07-05,6,Standard,paid_search,43.47,0,1.0,1,0,0
C103990,2023-07-05,6,Standard,organic,39.63,1,4.0,0,0,0
C102428,2023-07-05,6,Standard,organic,36.81,0,6.0,0,0,0
C105207,2023-07-05,6,Basic,organic,19.88,0,3.0,0,0,0
C103281,2023-07-05,6,Basic,organic,17.99,2,8.0,0,0,0
C102513,2023-07-05,6,Standard,paid_search,32.67,2,2.0,1,0,0
C107427,2023-07-05,6,Basic,paid_search,23.46,1,8.0,1,0,0
C105549,2023-07-05,6,Basic,organic,19.15,0,,0,0,0
C103991,2023-07-05,6,Premium,partner,65.69,1,7.0,0,0,0
C104545,2023-07-05,6,Standard,paid_search,38.82,2,,0,0,0
C102605,2023-07-06,6,Basic,referral,20.57,3,,0,0,0
C107031,2023-07-06,6,Basic,referral,22.18,1,14.0,0,0,0
C104783,2023-07-06,6,Basic,organic,19.4,3,0.0,0,0,0
C101097,2023-07-06,6,Standard,organic,36.14,6,5.0,0,4,1
C107291,2023-07-06,6,Basic,referral,14.63,0,2.0,0,0,0
C103707,2023-07-06,6,Standard,partner,41.21,0,,0,0,0
C103568,2023-07-06,6,Premium,organic,80.22,1,9.0,0,0,0
C104879,2023-07-06,6,Standard,paid_search,33.44,0,,0,0,0
C104898,2023-07-07,6,Basic,partner,14.63,0,17.0,0,0,0
C101072,2023-07-07,6,Standard,paid_search,34.1,0,2.0,0,0,0
C104336,2023-07-07,6,Standard,organic,37.56,0,1.0,0,0,0
C107459,2023-07-07,6,Basic,organic,12.09,1,2.0,1,0,0
C104064,2023-07-07,6,Premium,organic,68.08,0,6.0,0,0,0
C104263,2023-07-07,6,Premium,organic,82.48,2,2.0,0,0,0
C104603,2023-07-07,6,Premium,organic,75.66,1,7.0,0,2,1
C104859,2023-07-07,6,Basic,referral,15.49,1,6.0,0,2,1
C106895,2023-07-07,6,Premium,paid_search,66.39,0,5.0,0,0,0
C107504,2023-07-07,6,Premium,partner,77.31,1,3.0,0,5,1
C100246,2023-07-07,6,Premium,paid_search,84.02,2,21.0,1,2,1
C106593,2023-07-07,6,Basic,organic,21.93,1,11.0,0,0,0
C102604,2023-07-08,6,Standard,partner,32.98,0,10.0,0,0,0
C105686,2023-07-08,6,Premium,organic,89.56,2,4.0,0,0,0
C105709,2023-07-08,6,Standard,referral,35.44,0,0.0,0,0,0
C101673,2023-07-08,6,Standard,organic,42.16,3,21.0,0,0,0
C107804,2023-07-08,6,Standard,organic,31.41,0,,0,0,0
C105106,2023-07-08,6,Basic,referral,24.61,2,8.0,1,0,0
C100233,2023-07-08,6,Standard,organic,48.06,0,9.0,0,0,0
C105688,2023-07-08,6,Basic,referral,11.88,3,5.0,1,0,0
C107423,2023-07-08,6,Basic,partner,20.83,0,15.0,0,0,0
C100041,2023-07-08,6,Standard,referral,33.43,0,5.0,0,0,0
C106995,2023-07-08,6,Standard,partner,31.79,0,1.0,1,0,0
C106018,2023-07-08,6,Basic,paid_search,20.58,2,8.0,0,0,0
C107557,2023-07-08,6,Premium,partner,81.01,0,,0,0,0
C105668,2023-07-08,6,Premium,paid_search,66.81,0,25.0,0,0,0
C102421,2023-07-08,6,Standard,paid_search,40.03,0,8.0,0,0,0
C101300,2023-07-09,6,Standard,paid_search,39.17,2,7.0,0,0,0
C103132,2023-07-09,6,Basic,referral,22.69,1,4.0,0,0,0
C101867,2023-07-09,6,Standard,referral,41.1,0,3.0,0,0,0
C106390,2023-07-09,6,Standard,organic,40.35,2,1.0,0,0,0
C102364,2023-07-09,6,Premium,organic,87.8,0,11.0,0,0,0
C100050,2023-07-09,6,Premium,paid_search,73.84,2,6.0,0,0,0
C106362,2023-07-09,6,Basic,organic,19.11,1,4.0,0,0,0
C104238,2023-07-09,6,Standard,organic,34.73,0,12.0,0,0,0
C104042,2023-07-09,6,Premium,organic,82.13,0,,0,0,0
C103345,2023-07-09,6,Standard,partner,37.52,2,5.0,1,0,0
C103699,2023-07-09,6,Standard,organic,45.25,2,3.0,0,0,0
C106445,2023-07-09,6,Basic,organic,23.65,0,2.0,0,0,0
C105283,2023-07-09,6,Basic,organic,19.28,1,1.0,0,0,0
C103783,2023-07-09,6,Basic,organic,14.79,2,5.0,0,0,0
C103633,2023-07-10,6,Standard,partner,41.45,0,0.0,2,0,0
C106401,2023-07-10,6,Basic,paid_search,18.56,1,6.0,1,0,0
C100013,2023-07-10,6,Basic,organic,18.59,0,7.0,0,0,0
C106271,2023-07-10,6,Premium,partner,103.15,1,10.0,1,0,0
C106207,2023-07-10,6,Basic,partner,22.16,1,0.0,1,0,0
C106169,2023-07-10,6,Basic,referral,19.08,0,0.0,0,0,0
C101203,2023-07-10,6,Standard,organic,40.06,0,27.0,0,0,0
C106882,2023-07-10,6,Standard,organic,40.65,1,4.0,0,0,0
C103047,2023-07-10,6,Basic,organic,19.12,0,2.0,0,0,0
C107676,2023-07-10,6,Basic,paid_search,23.25,2,6.0,0,0,0
C107370,2023-07-10,6,Basic,paid_search,24.25,0,1.0,1,0,0
C105570,2023-07-11,6,Basic,paid_search,19.71,1,1.0,1,0,0
C107141,2023-07-11,6,Basic,partner,22.17,1,3.0,0,0,0
C107308,2023-07-11,6,Basic,paid_search,27.08,3,,0,0,0
C107300,2023-07-11,6,Standard,referral,46.38,4,21.0,1,0,0
C106234,2023-07-11,6,Standard,paid_search,40.1,1,4.0,0,0,0
C102782,2023-07-11,6,Standard,paid_search,43.78,0,26.0,0,0,0
C100741,2023-07-11,6,Basic,organic,17.89,0,7.0,0,0,0
C105318,2023-07-11,6,Standard,organic,38.14,0,4.0,0,0,0
C101274,2023-07-11,6,Basic,paid_search,17.54,3,4.0,0,4,1
C102175,2023-07-11,6,Premium,paid_search,63.04,0,9.0,0,0,0
C104840,2023-07-11,6,Basic,organic,20.36,3,18.0,0,0,0
C106025,2023-07-11,6,Basic,partner,16.15,1,4.0,0,0,0
C104771,2023-07-11,6,Premium,partner,95.84,0,,0,0,0
C101133,2023-07-11,6,Standard,paid_search,44.83,0,6.0,0,0,0
C104628,2023-07-11,6,Basic,organic,17.14,1,17.0,0,0,0
C104732,2023-07-12,6,Basic,paid_search,16.79,0,6.0,0,0,0
C103144,2023-07-12,6,Premium,organic,86.58,0,1.0,0,0,0
C107496,2023-07-12,6,Basic,organic,14.86,2,1.0,0,0,0
C104575,2023-07-12,6,Standard,organic,34.95,0,,0,0,0
C102842,2023-07-12,6,Standard,organic,33.84,2,7.0,0,0,0
C104422,2023-07-12,6,Standard,paid_search,32.78,2,2.0,1,0,0
C102280,2023-07-12,6,Standard,paid_search,31.78,1,9.0,0,0,0
C100713,2023-07-12,6,Premium,paid_search,101.28,1,5.0,0,0,0
C106535,2023-07-12,6,Basic,organic,16.5,0,15.0,0,0,0
C103905,2023-07-12,6,Basic,organic,29.2,0,2.0,0,0,0
C103111,2023-07-12,6,Standard,organic,44.78,0,3.0,0,0,0
C101670,2023-07-12,6,Standard,referral,32.5,1,11.0,2,0,0
C100206,2023-07-12,6,Basic,paid_search,17.36,1,,0,0,0
C104079,2023-07-12,6,Premium,organic,73.86,0,3.0,0,0,0
C104288,2023-07-12,6,Basic,organic,21.92,1,,0,0,0
C102942,2023-07-12,6,Standard,paid_search,45.98,1,15.0,0,0,0
C104635,2023-07-12,6,Standard,paid_search,34.09,1,3.0,0,0,0
C101821,2023-07-13,6,Premium,partner,84.94,5,6.0,0,0,0
C100488,2023-07-13,6,Basic,partner,18.6,2,1.0,0,0,0
C107161,2023-07-13,6,Standard,referral,37.1,0,2.0,0,0,0
C105487,2023-07-13,6,Standard,organic,37.11,1,6.0,0,0,0
C103186,2023-07-13,6,Basic,organic,25.42,0,22.0,0,5,1
C104052,2023-07-13,6,Premium,partner,71.38,3,13.0,1,0,0
C104277,2023-07-13,6,Standard,partner,48.73,0,7.0,0,0,0
C106085,2023-07-13,6,Standard,organic,40.43,1,18.0,0,0,0
C107039,2023-07-13,6,Premium,referral,94.94,0,3.0,0,0,0
C100127,2023-07-13,6,Standard,paid_search,48.47,2,11.0,0,0,0
C102173,2023-07-13,6,Basic,paid_search,21.26,0,9.0,1,0,0
C104845,2023-07-13,6,Standard,organic,42.33,1,4.0,1,0,0
C103581,2023-07-13,6,Premium,organic,105.78,0,7.0,0,0,0
C102106,2023-07-14,6,Premium,referral,92.65,2,8.0,0,0,0
C104348,2023-07-14,6,Basic,partner,15.82,0,5.0,0,0,0
C100656,2023-07-14,6,Premium,organic,78.05,0,7.0,0,0,1
C104285,2023-07-14,6,Basic,paid_search,23.6,0,9.0,1,0,0
C104746,2023-07-14,6,Standard,organic,44.92,0,11.0,0,0,0
C100422,2023-07-14,6,Standard,paid_search,28.32,0,21.0,0,0,0
C105634,2023-07-14,6,Standard,partner,35.49,0,1.0,0,0,0
C104708,2023-07-15,6,Basic,paid_search,18.09,4,3.0,1,0,0
C102936,2023-07-15,6,Premium,paid_search,78.53,0,18.0,0,0,0
C103246,2023-07-15,6,Premium,referral,78.83,1,3.0,0,0,0
C100088,2023-07-15,6,Basic,organic,16.51,0,,0,0,0
C105181,2023-07-15,6,Basic,organic,24.95,1,1.0,0,0,0
C105697,2023-07-15,6,Basic,referral,18.38,0,,1,0,0
C101147,2023-07-16,6,Standard,organic,44.76,1,15.0,0,4,1
C104082,2023-07-16,6,Basic,paid_search,22.52,1,12.0,1,0,0
C103677,2023-07-16,6,Premium,organic,74.27,1,4.0,1,0,0
C102120,2023-07-16,6,Basic,paid_search,21.35,0,,1,0,0
C107641,2023-07-16,6,Basic,paid_search,24.09,0,4.0,0,0,0
C101774,2023-07-16,6,Basic,referral,22.52,0,6.0,0,0,0
C103202,2023-07-16,6,Basic,paid_search,20.31,0,1.0,0,0,0
C106032,2023-07-16,6,Standard,organic,33.35,1,6.0,0,0,0
C100319,2023-07-16,6,Basic,referral,20.43,1,4.0,0,0,0
C100644,2023-07-17,6,Basic,paid_search,14.61,0,16.0,0,0,0
C102994,2023-07-17,6,Standard,referral,47.44,1,17.0,0,0,0
C102921,2023-07-17,6,Standard,referral,41.68,2,11.0,0,0,0
C101060,2023-07-17,6,Basic,organic,18.53,0,,0,0,0
C103626,2023-07-17,6,Premium,paid_search,71.53,1,40.0,1,0,0
C104305,2023-07-17,6,Basic,referral,24.59,1,26.0,1,0,0
C105599,2023-07-17,6,Standard,paid_search,56.69,1,,0,0,1
C104428,2023-07-17,6,Premium,organic,70.76,0,12.0,0,0,0
C104297,2023-07-17,6,Basic,partner,15.27,0,16.0,0,0,0
C103156,2023-07-17,6,Premium,organic,84.18,0,19.0,0,0,0
C105496,2023-07-17,6,Basic,partner,15.14,0,5.0,0,0,0
C103431,2023-07-17,6,Standard,paid_search,34.79,2,16.0,1,0,1
C100910,2023-07-17,6,Basic,paid_search,17.89,0,8.0,0,0,0
C100863,2023-07-18,5,Standard,organic,24.74,1,5.0,0,0,0
C101057,2023-07-18,5,Standard,paid_search,48.96,2,,0,0,0
C101690,2023-07-18,5,Standard,organic,43.19,2,3.0,0,1,0
C104503,2023-07-18,5,Standard,referral,31.03,1,1.0,1,0,0
C100172,2023-07-18,5,Premium,organic,69.92,0,1.0,0,0,0
C100369,2023-07-18,5,Basic,organic,16.93,0,7.0,0,0,0
C105046,2023-07-18,5,Basic,organic,20.27,0,2.0,0,0,0
C101869,2023-07-18,5,Basic,partner,18.46,0,3.0,0,0,0
C104973,2023-07-18,5,Basic,organic,20.73,1,14.0,0,0,0
C107210,2023-07-18,5,Standard,referral,48.87,0,13.0,0,0,0
C103846,2023-07-18,5,Standard,organic,41.72,0,7.0,0,0,0
C103225,2023-07-18,5,Basic,organic,19.06,0,10.0,1,0,0
C102446,2023-07-19,5,Standard,referral,33.76,0,11.0,0,0,0
C101557,2023-07-19,5,Basic,partner,20.76,2,,0,0,0
C107838,2023-07-19,5,Standard,paid_search,45.47,0,4.0,0,0,0
C106697,2023-07-19,5,Standard,paid_search,36.73,1,4.0,0,0,0
C106158,2023-07-19,5,Basic,partner,19.15,1,18.0,0,0,1
C107266,2023-07-19,5,Standard,partner,34.01,1,3.0,0,0,0
C100001,2023-07-19,5,Basic,organic,17.65,0,7.0,0,0,0
C101824,2023-07-19,5,Basic,organic,11.26,1,,0,0,0
C104275,2023-07-19,5,Basic,organic,18.68,2,25.0,0,0,0
C105004,2023-07-19,5,Basic,paid_search,18.01,0,6.0,0,0,0
C102574,2023-07-19,5,Basic,paid_search,17.74,0,15.0,0,0,0
C101277,2023-07-19,5,Standard,partner,43.56,0,5.0,1,0,0
C105227,2023-07-19,5,Standard,paid_search,42.41,1,3.0,0,0,0
C106011,2023-07-20,5,Standard,referral,52.75,2,,1,0,0
C103386,2023-07-20,5,Standard,organic,36.8,0,2.0,0,0,0
C103543,2023-07-20,5,Premium,paid_search,65.6,0,3.0,0,0,0
C100733,2023-07-20,5,Basic,referral,25.82,1,,2,0,0
C105494,2023-07-20,5,Basic,paid_search,15.16,1,1.0,0,0,0
C102319,2023-07-20,5,Standard,paid_search,38.65,0,1.0,0,0,0
C102211,2023-07-20,5,Standard,paid_search,35.93,1,,0,0,0
C101338,2023-07-20,5,Standard,referral,34.6,1,14.0,0,0,0
C102661,2023-07-20,5,Premium,paid_search,57.41,2,,2,0,0
C107252,2023-07-21,5,Basic,paid_search,14.8,1,5.0,0,0,0
C105903,2023-07-21,5,Standard,organic,40.54,0,13.0,1,0,0
C103222,2023-07-21,5,Standard,paid_search,45.85,3,13.0,0,0,0
C103223,2023-07-21,5,Basic,paid_search,18.59,2,17.0,0,0,1
C101610,2023-07-21,5,Basic,partner,15.76,1,1.0,0,0,0
C106320,2023-07-21,5,Standard,partner,38.84,1,12.0,0,0,0
C103865,2023-07-21,5,Standard,organic,40.27,1,4.0,0,0,0
C101241,2023-07-22,5,Basic,organic,18.68,1,22.0,0,0,0
C104914,2023-07-22,5,Basic,referral,15.53,0,1.0,0,0,0
C101913,2023-07-22,5,Basic,organic,20.83,1,2.0,1,0,0
C100814,2023-07-22,5,Basic,organic,16.85,0,,0,0,0
C103000,2023-07-22,5,Standard,organic,37.41,1,,0,0,0
C106277,2023-07-22,5,Standard,referral,34.66,1,1.0,0,0,0
C100401,2023-07-22,5,Standard,referral,41.04,0,8.0,0,0,0
C100835,2023-07-22,5,Standard,organic,31.93,3,9.0,0,0,0
C101468,2023-07-22,5,Standard,organic,26.77,1,5.0,0,6,1
C102448,2023-07-23,5,Standard,paid_search,27.56,2,0.0,0,0,0
C107450,2023-07-23,5,Premium,referral,59.19,0,5.0,0,0,0
C105840,2023-07-23,5,Standard,organic,35.96,0,3.0,1,0,0
C100601,2023-07-23,5,Premium,partner,85.58,0,1.0,0,0,0
C101730,2023-07-23,5,Basic,paid_search,13.4,2,7.0,0,0,0
C102095,2023-07-23,5,Basic,organic,19.21,0,6.0,0,3,1
C107595,2023-07-23,5,Basic,referral,15.36,1,,0,0,0
C107177,2023-07-23,5,Standard,organic,41.04,0,9.0,0,0,0
C100049,2023-07-23,5,Standard,referral,35.0,0,15.0,1,2,0
C100209,2023-07-23,5,Basic,organic,15.63,0,27.0,0,0,0
C103479,2023-07-23,5,Premium,organic,102.86,0,90.0,0,3,1
C102602,2023-07-24,5,Basic,paid_search,18.3,1,6.0,0,0,0
C101440,2023-07-24,5,Basic,referral,18.03,0,2.0,1,0,0
C100765,2023-07-24,5,Basic,organic,18.01,0,8.0,0,0,0
C101497,2023-07-24,5,Basic,paid_search,19.93,2,2.0,1,0,0
C100111,2023-07-24,5,Standard,paid_search,39.07,0,7.0,0,0,0
C100597,2023-07-24,5,Basic,paid_search,18.53,2,3.0,0,6,1
C101312,2023-07-24,5,Basic,organic,17.37,2,12.0,0,0,0
C102857,2023-07-24,5,Basic,organic,19.9,1,0.0,0,0,0
C105018,2023-07-24,5,Standard,paid_search,40.21,0,7.0,0,0,0
C105184,2023-07-24,5,Standard,paid_search,46.52,1,12.0,0,0,0
C100106,2023-07-24,5,Standard,paid_search,36.64,1,6.0,0,0,0
C103428,2023-07-24,5,Standard,organic,38.39,2,28.0,0,4,1
C100024,2023-07-25,5,Standard,paid_search,31.3,0,0.0,0,0,0
C102987,2023-07-25,5,Basic,organic,19.25,2,9.0,0,0,0
C101211,2023-07-25,5,Basic,organic,19.03,1,,0,0,0
C104224,2023-07-25,5,Basic,paid_search,16.13,5,3.0,0,0,0
C100805,2023-07-25,5,Standard,organic,27.22,1,0.0,1,0,0
C103564,2023-07-25,5,Basic,paid_search,25.0,0,,0,0,0
C103349,2023-07-25,5,Basic,organic,19.58,0,17.0,0,0,0
C106167,2023-07-25,5,Standard,referral,37.51,2,12.0,0,6,1
C105073,2023-07-25,5,Standard,organic,27.11,1,8.0,0,0,0
C103325,2023-07-26,5,Basic,organic,16.83,0,4.0,0,0,0
C105491,2023-07-26,5,Premium,referral,74.11,2,3.0,0,0,0
C106316,2023-07-26,5,Basic,organic,19.35,0,7.0,0,0,0
C106107,2023-07-26,5,Premium,paid_search,89.41,3,12.0,1,0,0
C101725,2023-07-26,5,Premium,partner,73.74,2,0.0,0,0,0
C104952,2023-07-26,5,Basic,partner,13.27,3,10.0,0,0,0
C100277,2023-07-26,5,Premium,paid_search,81.86,2,5.0,1,0,0
C100689,2023-07-26,5,Standard,paid_search,33.95,1,24.0,0,0,0
C106911,2023-07-26,5,Standard,organic,27.27,1,13.0,0,0,0
C103073,2023-07-26,5,Standard,paid_search,36.87,0,9.0,0,0,0
C104071,2023-07-26,5,Standard,paid_search,24.61,0,10.0,0,0,0
C107350,2023-07-27,5,Basic,organic,19.92,0,5.0,0,0,0
C101415,2023-07-27,5,Standard,organic,38.63,1,6.0,0,0,0
C104361,2023-07-27,5,Premium,organic,87.16,2,6.0,0,0,0
C100917,2023-07-27,5,Standard,referral,29.31,0,90.0,0,0,1
C100612,2023-07-27,5,Standard,organic,43.94,0,8.0,2,0,0
C105370,2023-07-27,5,Premium,paid_search,91.03,1,13.0,0,0,0
C105354,2023-07-27,5,Standard,paid_search,45.63,1,3.0,0,0,0
C100475,2023-07-27,5,Standard,paid_search,47.25,0,4.0,0,0,0
C107664,2023-07-27,5,Standard,organic,28.05,3,4.0,0,0,0
C100159,2023-07-27,5,Basic,partner,19.05,1,1.0,0,0,0
C105453,2023-07-27,5,Standard,organic,48.63,0,6.0,0,0,0
C106626,2023-07-28,5,Basic,paid_search,19.0,0,2.0,0,0,0
C107132,2023-07-28,5,Basic,referral,21.35,1,10.0,1,3,1
C100015,2023-07-28,5,Standard,organic,30.27,0,1.0,0,0,0
C100954,2023-07-28,5,Basic,partner,20.3,1,28.0,2,2,1
C103966,2023-07-28,5,Standard,paid_search,29.85,0,5.0,0,0,0
C100724,2023-07-28,5,Basic,organic,19.54,0,6.0,0,0,0
C105562,2023-07-29,5,Basic,referral,20.09,1,,0,0,0
C106835,2023-07-29,5,Basic,referral,16.9,2,16.0,0,0,0
C100248,2023-07-29,5,Basic,paid_search,24.94,1,2.0,0,0,0
C102008,2023-07-29,5,Standard,partner,29.22,1,0.0,0,0,0
C105870,2023-07-29,5,Basic,partner,19.29,1,9.0,0,0,0
C104083,2023-07-29,5,Standard,referral,44.79,0,6.0,0,0,0
C103054,2023-07-29,5,Basic,referral,11.74,2,2.0,0,0,0
C105681,2023-07-29,5,Basic,paid_search,19.07,1,1.0,1,0,0
C100105,2023-07-29,5,Basic,paid_search,19.24,0,12.0,0,0,0
C102283,2023-07-29,5,Basic,paid_search,21.98,0,8.0,0,0,0
C106486,2023-07-29,5,Basic,referral,17.57,0,2.0,0,0,0
C103381,2023-07-29,5,Basic,organic,15.81,2,22.0,0,0,0
C103322,2023-07-29,5,Basic,organic,20.1,1,23.0,0,0,0
C104612,2023-07-29,5,Standard,organic,46.16,0,36.0,0,0,0
C102647,2023-07-29,5,Basic,referral,17.05,1,2.0,0,0,0
C100989,2023-07-29,5,Basic,organic,19.35,2,0.0,0,0,0
C101429,2023-07-29,5,Standard,partner,54.35,0,1.0,0,0,0
C105216,2023-07-29,5,Premium,organic,80.44,0,15.0,0,0,0
C107386,2023-07-30,5,Basic,paid_search,18.04,1,,0,0,0
C104124,2023-07-30,5,Premium,paid_search,62.14,4,5.0,0,0,0
C107614,2023-07-30,5,Premium,organic,85.5,1,1.0,0,0,0
C103421,2023-07-30,5,Basic,organic,20.75,0,,0,0,0
C100212,2023-07-30,5,Basic,paid_search,16.49,1,3.0,0,0,0
C106450,2023-07-30,5,Standard,organic,42.3,1,21.0,0,0,0
C106820,2023-07-30,5,Premium,organic,87.31,1,4.0,0,0,0
C101460,2023-07-31,5,Standard,organic,50.51,0,7.0,0,0,0
C107531,2023-07-31,5,Basic,referral,18.07,0,5.0,0,0,0
C106923,2023-07-31,5,Basic,organic,21.69,0,5.0,0,0,0
C106061,2023-07-31,5,Standard,organic,19.86,0,7.0,0,0,0
C103914,2023-07-31,5,Premium,partner,66.06,0,2.0,0,0,0
C104907,2023-07-31,5,Standard,partner,40.52,1,,0,0,0
C106098,2023-07-31,5,Basic,referral,17.49,0,1.0,0,0,0
C102808,2023-08-01,5,Basic,paid_search,16.6,3,7.0,0,0,0
C106976,2023-08-01,5,Standard,organic,39.5,0,30.0,1,0,0
C106638,2023-08-01,5,Standard,paid_search,44.13,1,3.0,0,0,0
C102724,2023-08-01,5,Basic,organic,25.64,1,5.0,0,0,0
C102235,2023-08-01,5,Basic,paid_search,18.28,1,5.0,0,0,0
C106246,2023-08-01,5,Basic,referral,13.89,0,1.0,0,0,0
C106425,2023-08-01,5,Standard,organic,29.91,1,8.0,1,2,1
C105981,2023-08-01,5,Basic,paid_search,15.2,0,9.0,0,0,0
C103129,2023-08-01,5,Basic,paid_search,20.22,0,14.0,0,0,0
C107349,2023-08-01,5,Premium,referral,68.86,2,7.0,0,0,0
C107862,2023-08-01,5,Premium,referral,74.7,1,,0,0,0
C103153,2023-08-02,5,Standard,organic,29.0,0,,0,0,0
C101413,2023-08-02,5,Basic,organic,18.2,0,1.0,0,0,0
C102670,2023-08-02,5,Basic,paid_search,26.17,0,8.0,0,0,0
C106931,2023-08-02,5,Standard,paid_search,28.78,0,4.0,0,0,0
C100638,2023-08-02,5,Basic,paid_search,27.57,0,10.0,0,0,0
C102800,2023-08-02,5,Basic,organic,19.86,0,17.0,0,0,0
C100558,2023-08-02,5,Basic,paid_search,21.04,1,1.0,0,0,0
C107163,2023-08-02,5,Premium,organic,78.77,1,0.0,0,0,0
C104803,2023-08-02,5,Basic,referral,13.93,1,9.0,0,0,0
C107549,2023-08-02,5,Standard,organic,43.17,3,4.0,1,1,0
C106919,2023-08-02,5,Basic,paid_search,14.8,1,4.0,0,0,0
C101985,2023-08-03,5,Basic,organic,22.26,1,6.0,1,0,0
C101132,2023-08-03,5,Basic,organic,18.02,2,2.0,0,0,0
C100260,2023-08-03,5,Premium,paid_search,74.34,0,9.0,0,0,0
C104098,2023-08-03,5,Standard,paid_search,53.81,0,10.0,0,0,0
C107478,2023-08-03,5,Standard,organic,38.35,0,3.0,0,0,0
C101616,2023-08-03,5,Basic,organic,20.22,1,10.0,0,0,0
C106944,2023-08-03,5,Premium,organic,74.67,0,9.0,0,2,0
C101253,2023-08-03,5,Standard,organic,35.67,2,8.0,0,0,0
C101979,2023-08-03,5,Standard,partner,46.71,1,6.0,0,0,1
C106938,2023-08-03,5,Basic,organic,19.56,2,4.0,0,0,0
C104515,2023-08-03,5,Standard,paid_search,43.01,1,8.0,0,0,0
C107071,2023-08-04,5,Basic,partner,15.18,0,,1,0,0
C102831,2023-08-04,5,Standard,paid_search,46.76,1,1.0,0,0,0
C103482,2023-08-04,5,Standard,paid_search,31.3,0,2.0,0,0,0
C105908,2023-08-04,5,Basic,referral,18.04,0,1.0,0,0,0
C102701,2023-08-04,5,Standard,paid_search,35.43,0,9.0,0,0,0
C100691,2023-08-04,5,Basic,paid_search,23.11,0,2.0,1,0,0
C107477,2023-08-04,5,Premium,paid_search,94.29,0,1.0,0,0,0
C100134,2023-08-04,5,Standard,referral,53.29,1,11.0,0,0,0
C104711,2023-08-04,5,Basic,paid_search,26.77,0,6.0,0,0,0
C107677,2023-08-04,5,Premium,paid_search,71.89,1,1.0,0,0,0
C102546,2023-08-04,5,Basic,paid_search,18.57,0,0.0,2,0,0
C103395,2023-08-04,5,Premium,partner,78.21,1,49.0,0,0,0
C100744,2023-08-04,5,Basic,referral,26.43,1,5.0,0,0,0
C100070,2023-08-04,5,Basic,referral,20.24,0,5.0,0,0,0
C106693,2023-08-04,5,Basic,paid_search,20.63,0,6.0,0,0,0
C102256,2023-08-05,5,Standard,organic,35.12,0,6.0,0,0,0
C102898,2023-08-05,5,Standard,organic,35.66,0,3.0,1,0,0
C100104,2023-08-05,5,Premium,paid_search,76.15,3,9.0,0,1,1
C100483,2023-08-05,5,Basic,referral,18.56,0,12.0,0,0,0
C101683,2023-08-05,5,Standard,referral,26.98,2,2.0,0,0,0
C103295,2023-08-05,5,Premium,organic,86.9,0,7.0,0,0,0
C103392,2023-08-05,5,Basic,referral,13.65,0,8.0,0,0,0
C103563,2023-08-05,5,Basic,partner,19.83,0,1.0,0,0,0
C105921,2023-08-06,5,Standard,partner,20.43,0,9.0,0,0,0
C105895,2023-08-06,5,Standard,partner,32.16,1,1.0,0,0,0
C105511,2023-08-06,5,Basic,organic,20.1,1,7.0,0,0,0
C102205,2023-08-06,5,Standard,organic,28.77,1,3.0,0,0,0
C107619,2023-08-06,5,Basic,referral,23.94,1,8.0,1,0,0
C102556,2023-08-06,5,Premium,organic,65.08,0,6.0,0,0,0
C102004,2023-08-06,5,Basic,organic,22.5,1,2.0,0,0,0
C104908,2023-08-06,5,Basic,paid_search,15.51,0,7.0,0,0,0
C107878,2023-08-06,5,Basic,organic,18.37,0,17.0,0,0,0
C105616,2023-08-06,5,Basic,partner,22.84,0,12.0,0,0,0
C103384,2023-08-06,5,Basic,organic,16.94,1,5.0,0,0,0
C101735,2023-08-06,5,Premium,referral,78.9,1,1.0,0,0,0
C106644,2023-08-06,5,Standard,paid_search,40.31,1,11.0,0,0,0
C103751,2023-08-06,5,Basic,referral,25.65,0,15.0,1,0,0
C101577,2023-08-07,5,Standard,partner,37.75,1,1.0,0,0,0
C103570,2023-08-07,5,Standard,organic,33.56,0,4.0,0,0,0
C104307,2023-08-07,5,Standard,paid_search,39.26,3,50.0,0,2,1
C105295,2023-08-07,5,Basic,partner,24.29,1,25.0,0,0,0
C103480,2023-08-07,5,Standard,organic,42.39,1,13.0,0,0,0
C107048,2023-08-07,5,Basic,organic,21.51,2,20.0,0,3,1
C107111,2023-08-07,5,Standard,organic,52.79,0,5.0,0,0,0
C104466,2023-08-07,5,Basic,paid_search,12.4,1,6.0,0,0,0
C106178,2023-08-07,5,Basic,referral,23.53,0,6.0,0,0,0
C107451,2023-08-07,5,Premium,organic,76.71,1,5.0,0,0,0
C104270,2023-08-07,5,Standard,partner,40.69,1,2.0,0,0,0
C101011,2023-08-07,5,Standard,paid_search,32.51,1,1.0,0,0,0
C100715,2023-08-07,5,Basic,organic,19.51,3,7.0,0,0,0
C105472,2023-08-07,5,Basic,paid_search,17.55,1,7.0,0,4,1
C105543,2023-08-07,5,Standard,organic,38.54,0,2.0,0,0,0
C100590,2023-08-08,5,Basic,paid_search,21.2,0,0.0,0,0,0
C104524,2023-08-08,5,Basic,paid_search,24.75,2,16.0,0,0,0
C105392,2023-08-08,5,Standard,paid_search,23.68,1,2.0,0,0,0
C105420,2023-08-08,5,Basic,paid_search,19.79,0,1.0,0,0,0
C105361,2023-08-08,5,Basic,organic,12.6,0,1.0,0,0,0
C107171,2023-08-08,5,Standard,referral,29.36,0,10.0,0,3,1
C106647,2023-08-08,5,Standard,partner,17.86,0,15.0,0,0,0
C102901,2023-08-08,5,Standard,paid_search,47.04,0,14.0,0,0,0
C102982,2023-08-08,5,Basic,partner,21.45,1,11.0,0,0,0
C104004,2023-08-08,5,Standard,organic,38.27,0,4.0,0,0,0
C107638,2023-08-08,5,Premium,organic,99.9,0,14.0,0,0,0
C102566,2023-08-08,5,Standard,paid_search,40.85,0,0.0,1,0,0
C100859,2023-08-08,5,Basic,paid_search,18.0,1,3.0,0,0,0
C102496,2023-08-08,5,Basic,partner,24.91,3,2.0,1,0,0
C101283,2023-08-08,5,Basic,organic,24.02,2,4.0,1,0,0
C105154,2023-08-08,5,Standard,partner,39.55,0,12.0,0,0,0
C102534,2023-08-08,5,Basic,partner,15.12,2,5.0,0,0,0
C100685,2023-08-08,5,Basic,paid_search,20.51,0,5.0,0,0,0
C103036,2023-08-09,5,Basic,referral,19.9,0,9.0,0,0,0
C101259,2023-08-09,5,Basic,partner,18.74,0,5.0,1,0,0
C106244,2023-08-09,5,Basic,organic,14.18,2,,0,0,0
C102295,2023-08-09,5,Standard,partner,46.38,0,0.0,1,0,0
C106122,2023-08-09,5,Basic,paid_search,19.39,2,4.0,0,0,0
C103056,2023-08-09,5,Premium,referral,60.15,1,2.0,0,0,0
C106495,2023-08-09,5,Premium,paid_search,57.87,0,4.0,0,0,0
C102570,2023-08-09,5,Standard,partner,41.68,1,20.0,0,0,0
C103299,2023-08-09,5,Standard,partner,47.69,0,1.0,0,0,0
C104975,2023-08-09,5,Basic,organic,16.03,0,11.0,0,0,0
C100851,2023-08-09,5,Standard,partner,28.46,0,11.0,0,0,0
C104974,2023-08-09,5,Basic,partner,15.38,1,9.0,0,0,0
C101086,2023-08-09,5,Standard,organic,34.03,1,15.0,0,0,0
C107435,2023-08-09,5,Standard,referral,23.94,0,0.0,0,0,0
C106338,2023-08-09,5,Basic,referral,16.56,1,2.0,0,0,0
C100595,2023-08-09,5,Premium,referral,45.35,0,4.0,0,0,0
C100550,2023-08-10,5,Basic,paid_search,14.78,3,1.0,0,0,0
C107656,2023-08-10,5,Basic,referral,11.81,2,8.0,0,3,1
C106511,2023-08-10,5,Standard,paid_search,31.36,1,,1,0,0
C103817,2023-08-10,5,Standard,paid_search,44.0,0,1.0,0,0,0
C104308,2023-08-10,5,Basic,partner,19.32,1,11.0,0,0,0
C107528,2023-08-10,5,Standard,paid_search,36.04,1,,0,0,0
C107181,2023-08-10,5,Basic,paid_search,21.39,0,13.0,1,0,0
C101198,2023-08-10,5,Standard,organic,38.8,0,5.0,0,0,0
C105214,2023-08-10,5,Basic,organic,23.26,2,62.0,0,6,1
C103802,2023-08-11,5,Basic,paid_search,22.3,0,4.0,0,0,0
C100427,2023-08-11,5,Basic,partner,17.77,1,,0,0,0
C102544,2023-08-11,5,Basic,organic,20.03,1,38.0,0,0,0
C107713,2023-08-11,5,Basic,organic,20.79,0,14.0,0,0,0
C101748,2023-08-11,5,Premium,organic,84.79,1,10.0,0,3,1
C107486,2023-08-11,5,Premium,paid_search,80.12,2,2.0,0,0,0
C100471,2023-08-11,5,Basic,organic,25.04,3,10.0,0,4,1
C107277,2023-08-11,5,Basic,paid_search,21.82,0,3.0,0,0,0
C100653,2023-08-11,5,Basic,paid_search,23.69,1,2.0,0,0,0
C100102,2023-08-11,5,Standard,paid_search,43.77,0,2.0,0,0,0
C102092,2023-08-11,5,Standard,partner,47.95,1,2.0,1,0,0
C100091,2023-08-11,5,Standard,organic,44.56,2,0.0,1,0,0
C104752,2023-08-12,5,Standard,organic,39.46,2,0.0,0,0,0
C106676,2023-08-12,5,Standard,paid_search,44.03,1,6.0,0,0,0
C106622,2023-08-12,5,Premium,organic,114.33,1,4.0,1,2,1
C106952,2023-08-12,5,Basic,partner,18.28,1,0.0,1,0,0
C105331,2023-08-12,5,Basic,organic,21.82,2,,0,0,0
C104809,2023-08-12,5,Premium,organic,56.66,2,8.0,0,0,0
C102531,2023-08-12,5,Premium,organic,67.77,0,5.0,0,0,0
C107185,2023-08-12,5,Basic,paid_search,24.31,0,0.0,0,0,0
C104287,2023-08-12,5,Premium,paid_search,78.51,0,31.0,0,0,0
C106306,2023-08-13,5,Standard,paid_search,40.8,0,10.0,0,0,0
C105588,2023-08-13,5,Standard,paid_search,44.97,0,6.0,0,0,0
C101333,2023-08-13,5,Basic,organic,15.49,0,7.0,0,0,0
C105044,2023-08-13,5,Basic,paid_search,19.45,0,2.0,0,0,0
C100290,2023-08-13,5,Basic,paid_search,22.13,0,,0,0,0
C106451,2023-08-13,5,Premium,partner,91.93,0,3.0,0,0,0
C104205,2023-08-13,5,Basic,paid_search,16.46,0,2.0,0,0,0
C103768,2023-08-13,5,Premium,paid_search,78.91,1,,0,4,1
C105078,2023-08-13,5,Basic,referral,23.93,0,0.0,0,0,0
C102934,2023-08-13,5,Standard,partner,29.79,2,17.0,0,0,0
C103712,2023-08-13,5,Basic,paid_search,19.05,2,6.0,0,0,0
C105443,2023-08-13,5,Basic,referral,20.9,0,0.0,0,0,0
C100335,2023-08-14,5,Basic,paid_search,22.57,0,3.0,0,2,1
C101218,2023-08-14,5,Basic,paid_search,23.27,1,2.0,0,0,0
C101000,2023-08-14,5,Basic,organic,20.04,2,2.0,0,0,0
C102160,2023-08-14,5,Standard,paid_search,39.64,1,0.0,0,0,0
C107556,2023-08-14,5,Basic,organic,20.11,0,,0,0,0
C100836,2023-08-14,5,Basic,partner,20.08,0,3.0,0,0,0
C102747,2023-08-14,5,Standard,paid_search,34.32,1,3.0,1,0,0
C103832,2023-08-14,5,Basic,partner,21.93,0,7.0,0,0,0
C100226,2023-08-14,5,Standard,organic,45.89,2,2.0,0,4,1
C107803,2023-08-15,5,Standard,paid_search,37.2,0,19.0,0,0,0
C104053,2023-08-15,5,Standard,referral,38.38,2,4.0,0,0,0
C107722,2023-08-15,5,Standard,organic,49.26,0,13.0,0,7,1
C107038,2023-08-15,5,Standard,paid_search,38.07,2,5.0,0,0,0
C107015,2023-08-15,5,Standard,paid_search,42.42,0,2.0,1,0,0
C106514,2023-08-15,5,Premium,organic,81.45,0,5.0,0,0,0
C107436,2023-08-15,5,Basic,paid_search,16.63,1,2.0,0,0,0
C103867,2023-08-15,5,Basic,organic,17.21,1,23.0,0,0,0
C103245,2023-08-15,5,Premium,partner,90.87,0,4.0,0,0,0
C102683,2023-08-16,5,Standard,referral,40.23,1,3.0,0,0,0
C106236,2023-08-16,5,Standard,paid_search,40.78,1,4.0,0,0,0
C107131,2023-08-16,5,Basic,referral,19.18,0,11.0,0,0,0
C107076,2023-08-16,5,Basic,paid_search,20.15,1,20.0,0,0,0
C103197,2023-08-16,5,Premium,organic,70.23,1,1.0,0,0,0
C105407,2023-08-16,5,Basic,organic,23.89,1,3.0,0,0,0
C106443,2023-08-16,5,Standard,paid_search,30.63,0,8.0,0,0,0
C103507,2023-08-16,5,Premium,paid_search,96.2,1,13.0,0,0,0
C103009,2023-08-16,5,Standard,paid_search,28.54,1,30.0,0,2,1
C105657,2023-08-17,5,Basic,organic,19.62,2,,0,0,0
C106811,2023-08-17,5,Standard,referral,46.16,0,35.0,0,0,0
C106404,2023-08-17,5,Basic,organic,24.31,2,21.0,0,0,0
C102158,2023-08-17,5,Basic,referral,21.65,0,14.0,0,0,0
C100884,2023-08-17,5,Premium,partner,85.9,1,4.0,0,0,0
C107824,2023-08-17,5,Standard,organic,37.99,0,3.0,0,0,0
C101573,2023-08-17,5,Premium,paid_search,68.72,1,5.0,0,3,1
C107813,2023-08-17,5,Premium,organic,104.6,1,0.0,1,0,0
C106902,2023-08-17,5,Basic,organic,19.84,1,,0,0,0
C105885,2023-08-18,4,Premium,paid_search,87.02,0,3.0,0,0,0
C105305,2023-08-18,4,Standard,partner,30.86,0,2.0,0,0,0
C103400,2023-08-18,4,Standard,organic,48.62,1,9.0,0,0,0
C100165,2023-08-18,4,Basic,organic,16.13,1,18.0,0,0,0
C105705,2023-08-18,4,Basic,paid_search,17.0,1,3.0,0,0,0
C101425,2023-08-18,4,Standard,organic,52.43,0,3.0,0,2,1
C103207,2023-08-18,4,Basic,referral,25.03,0,9.0,0,5,1
C107416,2023-08-19,4,Standard,paid_search,32.81,0,1.0,0,0,0
C106145,2023-08-19,4,Premium,organic,80.53,1,7.0,0,0,0
C105538,2023-08-19,4,Standard,paid_search,51.41,1,8.0,1,2,1
C107285,2023-08-19,4,Basic,referral,18.75,2,21.0,0,0,0
C106364,2023-08-19,4,Basic,organic,20.02,1,6.0,0,0,0
C102195,2023-08-19,4,Basic,referral,19.98,1,2.0,0,0,0
C106810,2023-08-19,4,Basic,referral,22.82,0,16.0,0,0,0
C104391,2023-08-19,4,Basic,partner,16.98,1,8.0,1,0,0
C107758,2023-08-19,4,Basic,referral,15.52,2,19.0,0,0,0
C106991,2023-08-19,4,Standard,paid_search,38.86,4,34.0,0,0,0
C105120,2023-08-19,4,Standard,organic,32.6,1,20.0,0,0,0
C104969,2023-08-19,4,Standard,paid_search,40.71,1,1.0,0,0,0
C106940,2023-08-19,4,Standard,organic,38.82,1,3.0,0,0,0
C103077,2023-08-19,4,Premium,referral,77.54,0,5.0,0,0,0
C101964,2023-08-20,4,Standard,referral,31.41,0,10.0,0,0,0
C100513,2023-08-20,4,Basic,referral,22.85,1,0.0,1,0,0
C107746,2023-08-20,4,Basic,paid_search,18.16,1,3.0,1,0,0
C101842,2023-08-20,4,Basic,referral,14.68,1,3.0,1,0,0
C100740,2023-08-20,4,Basic,partner,10.63,0,,0,0,0
C101534,2023-08-20,4,Premium,paid_search,84.76,1,17.0,0,0,0
C101963,2023-08-21,4,Basic,paid_search,22.68,0,2.0,0,0,0
C105188,2023-08-21,4,Standard,organic,41.16,0,2.0,0,0,0
C106436,2023-08-21,4,Basic,organic,21.93,1,4.0,0,0,0
C104373,2023-08-21,4,Basic,paid_search,15.39,1,,0,0,0
C107547,2023-08-21,4,Basic,paid_search,15.39,0,26.0,1,0,0
C103454,2023-08-21,4,Premium,organic,83.23,0,11.0,0,0,0
C102872,2023-08-21,4,Basic,referral,23.3,0,,0,0,0
C105355,2023-08-21,4,Basic,partner,17.22,2,7.0,0,0,0
C107819,2023-08-22,4,Standard,partner,31.08,0,7.0,0,0,0
C102515,2023-08-22,4,Standard,paid_search,52.7,0,11.0,0,0,0
C104997,2023-08-22,4,Standard,referral,39.34,0,8.0,0,0,0
C100866,2023-08-22,4,Basic,organic,25.69,3,8.0,0,0,0
C105223,2023-08-22,4,Standard,organic,41.49,0,2.0,0,0,0
C103363,2023-08-22,4,Standard,partner,31.01,0,9.0,0,1,0
C107153,2023-08-22,4,Standard,paid_search,34.64,0,0.0,0,0,0
C105393,2023-08-22,4,Basic,organic,20.0,0,1.0,0,0,0
C106168,2023-08-22,4,Premium,referral,79.17,2,26.0,0,0,1
C107449,2023-08-22,4,Standard,partner,38.59,0,28.0,0,0,0
C100848,2023-08-22,4,Basic,organic,16.43,1,39.0,0,0,1
C102337,2023-08-22,4,Basic,referral,22.12,1,12.0,0,0,0
C106551,2023-08-22,4,Basic,organic,15.43,1,10.0,0,0,0
C105951,2023-08-22,4,Premium,referral,72.17,0,1.0,1,0,0
C107884,2023-08-22,4,Basic,organic,19.08,0,11.0,1,0,0
C106859,2023-08-23,4,Standard,referral,48.46,1,12.0,0,0,0
C106899,2023-08-23,4,Basic,paid_search,16.74,0,9.0,0,0,0
C101230,2023-08-23,4,Standard,paid_search,31.41,0,9.0,1,0,0
C100148,2023-08-23,4,Basic,organic,25.95,1,6.0,2,0,0
C102287,2023-08-23,4,Premium,organic,58.32,0,1.0,0,0,0
C103081,2023-08-23,4,Premium,paid_search,71.83,1,1.0,0,0,0
C101024,2023-08-23,4,Standard,organic,34.37,2,,0,0,0
C105983,2023-08-23,4,Standard,referral,51.01,0,3.0,0,0,0
C106683,2023-08-23,4,Premium,paid_search,47.68,0,12.0,1,0,0
C102944,2023-08-24,4,Basic,referral,16.07,0,,0,0,0
C105832,2023-08-24,4,Standard,paid_search,52.6,0,11.0,0,3,1
C102983,2023-08-24,4,Standard,paid_search,38.72,1,4.0,0,0,0
C105277,2023-08-24,4,Basic,organic,23.44,1,12.0,0,0,0
C100027,2023-08-24,4,Standard,paid_search,33.67,1,,0,0,0
C103168,2023-08-24,4,Standard,organic,44.14,0,4.0,0,0,0
C101263,2023-08-24,4,Premium,organic,73.63,0,1.0,0,0,0
C107273,2023-08-24,4,Basic,organic,23.97,4,7.0,0,0,0
C102333,2023-08-24,4,Standard,organic,44.27,0,7.0,0,0,0
C102371,2023-08-24,4,Basic,organic,12.39,3,29.0,0,1,1
C105237,2023-08-24,4,Standard,paid_search,37.44,0,0.0,1,0,0
C102325,2023-08-24,4,Basic,paid_search,16.47,0,14.0,0,0,0
C101586,2023-08-24,4,Standard,paid_search,42.13,0,1.0,0,0,0
C103889,2023-08-25,4,Standard,organic,29.16,2,5.0,0,0,0
C104355,2023-08-25,4,Standard,paid_search,31.87,2,8.0,0,0,0
C104242,2023-08-25,4,Premium,referral,106.61,0,2.0,1,0,0
C104636,2023-08-25,4,Basic,partner,23.29,0,13.0,0,0,0
C106104,2023-08-26,4,Standard,organic,41.16,1,1.0,1,0,0
C100523,2023-08-26,4,Premium,organic,88.64,0,9.0,0,0,0
C101602,2023-08-26,4,Premium,paid_search,82.81,2,7.0,1,0,0
C101922,2023-08-26,4,Standard,paid_search,30.25,1,10.0,1,0,0
C104222,2023-08-26,4,Basic,paid_search,18.23,2,2.0,1,0,0
C105992,2023-08-26,4,Basic,paid_search,15.82,0,2.0,0,0,0
C100793,2023-08-26,4,Premium,organic,73.96,3,2.0,0,4,1
C100432,2023-08-26,4,Premium,organic,76.19,0,26.0,0,3,1
C103520,2023-08-26,4,Basic,organic,18.1,2,1.0,0,0,0
C102423,2023-08-27,4,Standard,partner,37.42,3,1.0,0,0,0
C105426,2023-08-27,4,Basic,paid_search,20.54,1,20.0,0,0,0
C107586,2023-08-27,4,Standard,organic,46.22,2,10.0,0,0,0
C102080,2023-08-27,4,Basic,paid_search,14.48,2,1.0,0,0,0
C105282,2023-08-27,4,Standard,partner,46.64,1,,0,0,0
C104622,2023-08-27,4,Basic,paid_search,13.77,1,19.0,0,0,0
C105667,2023-08-27,4,Premium,paid_search,62.76,1,6.0,1,0,0
C106289,2023-08-27,4,Basic,referral,19.83,2,20.0,0,0,0
C101039,2023-08-27,4,Standard,partner,37.43,0,44.0,0,4,1
C102609,2023-08-27,4,Basic,partner,10.78,0,0.0,0,1,0
C104665,2023-08-27,4,Standard,organic,44.04,1,6.0,0,0,0
C100604,2023-08-27,4,Standard,organic,46.17,0,5.0,0,0,0
C106366,2023-08-27,4,Standard,partner,40.61,0,11.0,0,0,0
C101986,2023-08-27,4,Basic,organic,20.63,0,,1,0,0
C106953,2023-08-27,4,Standard,organic,58.45,1,20.0,0,0,0
C105147,2023-08-27,4,Standard,organic,45.94,0,0.0,1,0,0
C103539,2023-08-27,4,Basic,partner,19.85,0,15.0,0,0,0
C100301,2023-08-27,4,Standard,paid_search,36.7,0,0.0,0,0,0
C102405,2023-08-28,4,Standard,partner,24.12,0,0.0,0,0,0
C104861,2023-08-28,4,Basic,partner,19.28,2,13.0,0,0,0
C103522,2023-08-28,4,Standard,paid_search,28.77,0,2.0,0,0,0
C104734,2023-08-28,4,Standard,organic,48.26,2,3.0,0,0,0
C105290,2023-08-28,4,Basic,paid_search,21.04,0,90.0,0,2,1
C100037,2023-08-28,4,Premium,paid_search,75.7,0,,0,0,0
C101970,2023-08-28,4,Basic,referral,18.52,2,5.0,0,0,0
C100552,2023-08-28,4,Basic,paid_search,19.66,2,1.0,0,0,0
C104933,2023-08-28,4,Premium,paid_search,86.9,1,3.0,1,0,0
C107855,2023-08-28,4,Basic,organic,19.12,0,10.0,0,0,0
C106692,2023-08-28,4,Basic,paid_search,14.82,0,1.0,0,0,0
C106001,2023-08-29,4,Standard,referral,51.91,0,8.0,0,0,0
C105057,2023-08-29,4,Premium,partner,74.75,0,0.0,0,0,0
C102821,2023-08-29,4,Premium,paid_search,64.05,0,4.0,0,0,0
C105007,2023-08-29,4,Standard,paid_search,48.42,0,10.0,1,2,1
C105962,2023-08-29,4,Basic,organic,23.73,0,13.0,0,5,1
C103629,2023-08-29,4,Premium,organic,83.3,1,19.0,0,0,0
C102454,2023-08-29,4,Standard,referral,40.2,1,13.0,0,0,0
C103439,2023-08-29,4,Premium,paid_search,66.4,0,4.0,0,0,0
C103066,2023-08-29,4,Standard,referral,40.54,0,22.0,0,0,0
C100481,2023-08-29,4,Standard,paid_search,46.28,0,5.0,1,6,1
C100333,2023-08-29,4,Standard,organic,37.39,1,6.0,0,0,0
C104721,2023-08-30,4,Standard,paid_search,40.88,2,4.0,0,0,0
C105086,2023-08-30,4,Basic,paid_search,20.77,0,,1,0,0
C100387,2023-08-30,4,Basic,paid_search,20.97,0,9.0,0,0,0
C107888,2023-08-30,4,Standard,organic,28.82,2,0.0,0,0,0
C107776,2023-08-30,4,Basic,organic,13.74,0,,0,0,0
C100544,2023-08-30,4,Basic,paid_search,14.02,2,61.0,0,0,0
C105656,2023-08-30,4,Basic,paid_search,20.66,0,7.0,1,0,0
C104660,2023-08-31,4,Basic,organic,15.34,2,,0,0,0
C107431,2023-08-31,4,Basic,partner,18.57,0,10.0,0,0,0
C100083,2023-08-31,4,Basic,paid_search,19.9,1,2.0,0,0,0
C103126,2023-08-31,4,Basic,referral,21.07,0,5.0,0,0,0
C103624,2023-08-31,4,Basic,organic,17.38,0,3.0,0,0,0
C102245,2023-08-31,4,Basic,paid_search,15.48,2,7.0,1,0,0
C103739,2023-08-31,4,Basic,paid_search,14.21,0,11.0,0,4,1
C102285,2023-08-31,4,Standard,organic,49.3,1,11.0,0,0,0
C103380,2023-08-31,4,Basic,organic,20.97,1,7.0,1,0,0
C100089,2023-08-31,4,Basic,paid_search,18.75,0,4.0,1,0,0
C104674,2023-08-31,4,Basic,paid_search,18.89,1,12.0,0,0,0
C100100,2023-08-31,4,Basic,organic,21.39,2,,0,0,0
C100581,2023-09-01,4,Standard,organic,55.6,1,1.0,0,0,0
C105264,2023-09-01,4,Basic,referral,21.77,3,1.0,0,0,0
C107532,2023-09-01,4,Basic,paid_search,16.62,0,5.0,1,0,0
C103189,2023-09-01,4,Standard,organic,36.6,1,2.0,0,0,0
C100610,2023-09-01,4,Premium,paid_search,96.77,2,2.0,0,0,0
C104072,2023-09-01,4,Basic,paid_search,23.09,1,8.0,1,0,0
C105882,2023-09-01,4,Standard,paid_search,50.61,1,3.0,0,0,0
C104538,2023-09-01,4,Basic,organic,18.03,1,6.0,0,0,0
C103229,2023-09-02,4,Premium,referral,92.65,1,0.0,0,0,0
C102862,2023-09-02,4,Basic,organic,25.78,3,12.0,0,7,1
C102789,2023-09-02,4,Premium,paid_search,87.83,0,6.0,0,0,0
C105730,2023-09-02,4,Basic,paid_search,19.65,1,2.0,0,0,0
C101932,2023-09-02,4,Basic,paid_search,17.58,1,7.0,0,0,0
C106803,2023-09-02,4,Basic,organic,22.16,2,,0,0,0
C101864,2023-09-02,4,Standard,organic,36.27,0,6.0,1,0,0
C101096,2023-09-02,4,Standard,organic,34.47,0,4.0,0,0,0
C104695,2023-09-02,4,Standard,paid_search,41.73,0,11.0,0,0,0
C107247,2023-09-02,4,Standard,paid_search,53.73,1,1.0,0,0,0
C100815,2023-09-03,4,Basic,organic,17.28,1,1.0,0,0,0
C105202,2023-09-03,4,Basic,paid_search,18.77,0,11.0,0,0,0
C104972,2023-09-03,4,Standard,partner,43.22,0,3.0,0,0,0
C105163,2023-09-03,4,Standard,organic,31.46,0,0.0,0,0,0
C101649,2023-09-03,4,Basic,paid_search,19.76,0,0.0,0,0,0
C105581,2023-09-03,4,Basic,partner,20.93,0,5.0,1,0,0
C105031,2023-09-03,4,Premium,organic,76.66,0,17.0,0,2,1
C103050,2023-09-03,4,Premium,referral,43.76,1,4.0,0,0,0
C103147,2023-09-03,4,Standard,partner,38.09,1,1.0,0,0,0
C106440,2023-09-03,4,Basic,partner,24.99,0,12.0,0,0,0
C107563,2023-09-03,4,Basic,paid_search,14.5,2,6.0,0,0,0
C104482,2023-09-03,4,Standard,paid_search,39.65,1,7.0,0,0,0
C101079,2023-09-03,4,Standard,partner,37.16,1,4.0,0,0,0
C104846,2023-09-04,4,Standard,organic,23.95,1,7.0,0,0,0
C107057,2023-09-04,4,Basic,organic,12.52,2,6.0,0,0,0
C103506,2023-09-04,4,Premium,partner,98.71,0,16.0,0,0,0
C100588,2023-09-04,4,Standard,paid_search,51.45,0,4.0,0,0,0
C106965,2023-09-04,4,Basic,partner,22.03,1,1.0,0,0,0
C100867,2023-09-04,4,Basic,paid_search,21.52,1,2.0,0,0,0
C104942,2023-09-04,4,Basic,organic,26.21,0,4.0,0,0,0
C102703,2023-09-04,4,Basic,organic,20.08,1,,0,0,0
C101015,2023-09-04,4,Basic,organic,21.31,0,10.0,0,0,0
C104365,2023-09-04,4,Premium,organic,88.68,1,,0,0,0
C107137,2023-09-04,4,Premium,referral,59.94,1,,0,0,0
C105934,2023-09-04,4,Premium,organic,83.0,0,6.0,1,0,0
C104890,2023-09-04,4,Standard,organic,39.19,2,5.0,0,0,0
C102783,2023-09-04,4,Basic,referral,24.86,0,6.0,1,0,0
C105505,2023-09-04,4,Standard,paid_search,27.19,1,4.0,0,0,0
C101960,2023-09-05,4,Basic,partner,23.27,0,15.0,0,0,0
C106570,2023-09-05,4,Standard,referral,43.01,1,23.0,0,0,0
C102207,2023-09-05,4,Basic,partner,23.38,1,32.0,1,0,0
C101658,2023-09-05,4,Basic,paid_search,21.41,0,12.0,0,0,0
C101085,2023-09-05,4,Basic,referral,21.15,0,2.0,1,0,0
C101968,2023-09-05,4,Standard,organic,34.36,0,1.0,0,0,0
C107986,2023-09-06,4,Basic,referral,19.35,1,6.0,1,0,0
C100512,2023-09-06,4,Premium,organic,83.03,0,3.0,0,0,0
C102450,2023-09-06,4,Basic,referral,18.88,1,15.0,0,0,0
C103230,2023-09-06,4,Basic,paid_search,18.93,0,,0,0,0
C102456,2023-09-06,4,Standard,organic,46.07,1,6.0,0,0,0
C105321,2023-09-06,4,Basic,referral,17.76,2,66.0,1,1,1
C107639,2023-09-06,4,Premium,paid_search,89.32,1,4.0,0,0,0
C100962,2023-09-06,4,Standard,referral,48.27,0,3.0,0,0,0
C101124,2023-09-06,4,Standard,partner,37.87,2,7.0,0,0,0
C107622,2023-09-06,4,Standard,referral,47.35,1,7.0,1,0,0
C100458,2023-09-06,4,Basic,referral,17.59,2,15.0,0,0,0
C100018,2023-09-06,4,Basic,paid_search,21.49,0,1.0,0,0,0
C107788,2023-09-06,4,Standard,referral,37.27,1,37.0,0,0,0
C106528,2023-09-06,4,Basic,paid_search,24.32,1,18.0,0,0,0
C101023,2023-09-07,4,Standard,organic,47.9,0,11.0,0,0,0
C105537,2023-09-07,4,Basic,organic,18.22,1,1.0,0,0,0
C107236,2023-09-07,4,Basic,paid_search,12.47,1,8.0,0,4,1
C100092,2023-09-07,4,Premium,organic,64.57,1,6.0,0,0,0
C103571,2023-09-07,4,Premium,partner,80.17,0,11.0,0,0,0
C107044,2023-09-07,4,Standard,organic,39.55,1,10.0,0,0,0
C103458,2023-09-07,4,Basic,organic,18.73,0,1.0,0,0,0
C101499,2023-09-07,4,Basic,referral,21.8,0,8.0,1,0,0
C104547,2023-09-07,4,Standard,paid_search,32.87,0,32.0,0,4,1
C102825,2023-09-07,4,Standard,referral,34.94,1,,1,6,1
C104001,2023-09-08,4,Premium,organic,67.22,1,24.0,0,0,0
C100589,2023-09-08,4,Premium,referral,62.96,0,0.0,0,0,0
C106116,2023-09-08,4,Premium,organic,88.06,1,5.0,0,0,0
C104640,2023-09-08,4,Basic,paid_search,21.37,1,10.0,0,0,0
C101125,2023-09-08,4,Basic,organic,21.64,0,3.0,1,0,0
C105452,2023-09-08,4,Standard,partner,38.2,2,2.0,0,0,0
C107742,2023-09-08,4,Premium,organic,59.59,0,2.0,0,0,0
C105732,2023-09-08,4,Premium,referral,67.5,0,9.0,0,0,0
C106273,2023-09-08,4,Basic,organic,22.03,1,5.0,0,0,0
C101092,2023-09-08,4,Basic,paid_search,17.05,1,20.0,0,0,0
C102167,2023-09-08,4,Standard,referral,33.21,1,5.0,0,0,0
C107782,2023-09-08,4,Standard,organic,48.42,1,1.0,0,0,0
C104107,2023-09-08,4,Premium,paid_search,63.48,0,1.0,0,0,0
C102438,2023-09-09,4,Premium,organic,56.74,1,1.0,0,0,0
C105010,2023-09-09,4,Basic,organic,20.23,0,5.0,0,0,0
C105483,2023-09-09,4,Standard,paid_search,42.5,1,23.0,0,0,0
C104784,2023-09-09,4,Standard,paid_search,49.87,0,,0,0,0
C100722,2023-09-09,4,Basic,organic,25.1,1,,0,0,0
C104918,2023-09-09,4,Premium,organic,60.05,0,4.0,0,0,0
C101143,2023-09-09,4,Premium,referral,88.45,1,,1,0,0
C104279,2023-09-09,4,Basic,organic,15.68,0,4.0,0,0,0
C101843,2023-09-10,4,Standard,paid_search,27.98,1,3.0,0,0,0
C100774,2023-09-10,4,Basic,paid_search,16.45,0,1.0,1,0,0
C107706,2023-09-10,4,Standard,referral,39.58,1,2.0,0,0,0
C101883,2023-09-10,4,Premium,organic,75.79,0,5.0,0,0,0
C102035,2023-09-10,4,Premium,paid_search,97.81,1,3.0,0,0,0
C105299,2023-09-10,4,Basic,organic,27.92,2,1.0,0,0,0
C101598,2023-09-10,4,Standard,organic,33.29,1,,2,0,0
C100360,2023-09-10,4,Basic,organic,20.39,0,11.0,0,4,1
C104856,2023-09-10,4,Premium,organic,58.43,1,1.0,0,0,0
C107342,2023-09-10,4,Basic,organic,18.16,1,7.0,0,0,0
C100864,2023-09-10,4,Standard,paid_search,43.0,2,15.0,0,2,1
C103628,2023-09-10,4,Basic,referral,16.27,1,4.0,0,0,0
C103997,2023-09-10,4,Standard,organic,43.87,2,14.0,0,0,0
C107994,2023-09-11,4,Basic,referral,18.47,1,21.0,0,0,0
C104056,2023-09-11,4,Standard,partner,51.2,1,5.0,0,0,0
C103315,2023-09-11,4,Basic,paid_search,14.13,0,,0,0,0
C104761,2023-09-11,4,Basic,referral,22.93,2,,0,0,0
C105589,2023-09-11,4,Basic,organic,17.47,1,12.0,0,0,0
C103155,2023-09-11,4,Standard,referral,42.75,0,6.0,0,0,0
C102148,2023-09-11,4,Premium,paid_search,64.03,2,1.0,0,0,0
C102620,2023-09-11,4,Standard,paid_search,46.53,0,11.0,0,0,0
C106651,2023-09-11,4,Basic,referral,24.82,0,3.0,0,0,0
C100476,2023-09-11,4,Standard,paid_search,27.36,0,3.0,0,0,0
C101862,2023-09-11,4,Standard,paid_search,43.27,1,10.0,1,0,0
C101656,2023-09-11,4,Premium,partner,93.71,0,2.0,0,0,0
C100649,2023-09-12,4,Standard,paid_search,57.2,0,9.0,0,0,0
C106410,2023-09-12,4,Standard,referral,35.68,1,8.0,0,4,1
C107034,2023-09-12,4,Premium,partner,84.51,2,26.0,0,0,0
C103935,2023-09-12,4,Basic,organic,16.09,4,46.0,0,0,0
C101162,2023-09-12,4,Basic,referral,12.74,2,6.0,0,0,0
C106655,2023-09-12,4,Basic,paid_search,20.8,1,11.0,1,0,1
C103805,2023-09-12,4,Standard,referral,45.59,0,18.0,0,0,0
C103333,2023-09-12,4,Standard,paid_search,33.31,3,7.0,0,0,0
C104896,2023-09-13,4,Basic,referral,18.41,1,15.0,0,0,0
C106839,2023-09-13,4,Standard,paid_search,43.98,0,10.0,0,0,0
C105594,2023-09-13,4,Standard,partner,26.83,1,14.0,0,0,0
C101006,2023-09-13,4,Standard,paid_search,40.73,0,32.0,0,0,0
C100296,2023-09-13,4,Basic,partner,20.69,1,17.0,0,0,0
C106054,2023-09-13,4,Premium,organic,80.37,2,9.0,1,2,1
C101547,2023-09-13,4,Standard,organic,43.81,2,4.0,0,0,0
C104780,2023-09-13,4,Standard,paid_search,33.03,0,,0,4,1
C101157,2023-09-13,4,Standard,paid_search,38.35,2,1.0,1,0,0
C100779,2023-09-13,4,Standard,referral,37.24,0,7.0,0,0,0
C107775,2023-09-13,4,Basic,organic,17.26,2,10.0,0,0,0
C100855,2023-09-13,4,Premium,paid_search,85.33,0,6.0,0,0,0
C104326,2023-09-13,4,Standard,paid_search,38.24,0,3.0,0,0,0
C106185,2023-09-13,4,Basic,organic,23.4,1,8.0,0,0,0
C103709,2023-09-13,4,Standard,organic,32.96,0,3.0,0,0,0
C102918,2023-09-13,4,Basic,referral,19.7,1,3.0,0,0,0
C104474,2023-09-13,4,Basic,paid_search,12.27,1,7.0,0,0,0
C103777,2023-09-13,4,Premium,partner,60.29,0,3.0,0,0,0
C103917,2023-09-13,4,Basic,organic,16.52,2,11.0,0,2,1
C104318,2023-09-14,4,Basic,paid_search,22.52,0,7.0,1,0,0
C103965,2023-09-14,4,Standard,referral,38.64,0,11.0,0,0,0
C101149,2023-09-14,4,Basic,organic,19.72,0,8.0,0,0,0
C102672,2023-09-14,4,Standard,paid_search,25.25,0,,0,0,0
C101855,2023-09-14,4,Standard,paid_search,36.17,2,24.0,0,1,0
C103331,2023-09-14,4,Premium,paid_search,85.63,0,,0,0,0
C104838,2023-09-14,4,Basic,organic,12.32,1,11.0,0,2,0
C101895,2023-09-14,4,Standard,referral,37.89,0,7.0,0,0,0
C106792,2023-09-14,4,Standard,paid_search,38.01,1,,0,0,0
C102654,2023-09-14,4,Standard,organic,49.72,1,9.0,0,0,0
C100559,2023-09-14,4,Standard,organic,43.16,1,2.0,0,0,0
C107445,2023-09-14,4,Basic,paid_search,13.72,2,,0,0,0
C102318,2023-09-14,4,Standard,paid_search,32.1,0,,0,0,0
C106800,2023-09-14,4,Basic,organic,23.55,2,3.0,0,0,0
C100881,2023-09-14,4,Standard,paid_search,32.98,0,6.0,0,0,0
C101464,2023-09-14,4,Basic,paid_search,20.34,2,0.0,0,0,0
C105400,2023-09-14,4,Standard,referral,31.92,1,4.0,0,0,0
C107099,2023-09-14,4,Basic,organic,23.14,0,10.0,0,0,0
C101551,2023-09-15,4,Basic,referral,16.69,3,6.0,0,0,0
C101309,2023-09-15,4,Basic,organic,21.8,2,7.0,1,0,0
C107429,2023-09-15,4,Premium,partner,90.35,0,6.0,1,0,0
C106314,2023-09-15,4,Standard,organic,51.89,2,9.0,0,0,0
C104183,2023-09-15,4,Basic,organic,14.62,0,7.0,0,0,0
C101313,2023-09-15,4,Standard,referral,41.87,1,5.0,1,0,0
C100145,2023-09-15,4,Basic,organic,12.24,1,0.0,0,0,0
C102511,2023-09-15,4,Basic,partner,21.12,1,31.0,0,0,0
C102639,2023-09-15,4,Basic,partner,18.6,2,5.0,0,0,0
C106430,2023-09-15,4,Basic,paid_search,20.2,1,0.0,0,0,0
C100834,2023-09-16,4,Basic,organic,20.58,2,3.0,0,0,0
C105835,2023-09-16,4,Basic,referral,21.96,3,8.0,0,0,0
C100642,2023-09-16,4,Standard,organic,43.71,0,16.0,0,0,0
C105996,2023-09-16,4,Basic,paid_search,14.63,1,6.0,0,3,1
C105180,2023-09-16,4,Basic,referral,17.88,1,16.0,0,0,0
C102149,2023-09-16,4,Standard,referral,40.07,4,,0,0,0
C105363,2023-09-16,4,Standard,organic,45.82,2,9.0,0,0,0
C104703,2023-09-16,4,Basic,paid_search,19.11,0,8.0,0,0,0
C102376,2023-09-16,4,Basic,organic,16.81,0,0.0,1,0,0
C106999,2023-09-16,4,Premium,paid_search,80.66,0,20.0,0,0,0
C101400,2023-09-16,4,Standard,organic,31.39,0,14.0,1,0,0
C101126,2023-09-16,4,Basic,paid_search,12.88,0,,0,0,0
C104066,2023-09-16,4,Basic,organic,16.58,0,21.0,0,0,0
C106745,2023-09-17,3,Standard,partner,48.24,0,16.0,1,0,0
C100124,2023-09-17,3,Premium,partner,57.0,0,28.0,0,0,0
C101559,2023-09-17,3,Basic,referral,21.43,1,1.0,0,0,0
C107452,2023-09-17,3,Basic,referral,21.09,1,2.0,0,0,0
C102671,2023-09-17,3,Basic,organic,18.98,1,2.0,0,0,0
C104970,2023-09-17,3,Premium,referral,107.62,1,,0,0,0
C104147,2023-09-17,3,Basic,organic,17.89,1,10.0,1,0,0
C106985,2023-09-17,3,Basic,paid_search,15.26,1,1.0,0,0,0
C100150,2023-09-17,3,Basic,organic,23.5,1,1.0,0,0,0
C101346,2023-09-17,3,Standard,referral,46.49,2,,0,0,0
C104311,2023-09-18,3,Basic,referral,16.02,0,12.0,0,0,0
C103577,2023-09-18,3,Basic,organic,16.46,0,,0,0,0
C107898,2023-09-18,3,Basic,organic,18.37,0,4.0,0,0,0
C101041,2023-09-18,3,Basic,paid_search,19.47,1,0.0,0,0,0
C100231,2023-09-18,3,Basic,partner,22.46,0,29.0,1,0,0
C102993,2023-09-18,3,Standard,organic,38.86,2,1.0,1,0,0
C107485,2023-09-18,3,Standard,referral,46.65,0,2.0,0,0,0
C102152,2023-09-18,3,Basic,partner,20.27,0,7.0,1,0,0
C103338,2023-09-19,3,Basic,partner,14.8,1,11.0,0,0,0
C103984,2023-09-19,3,Standard,organic,52.39,0,9.0,1,0,0
C103378,2023-09-19,3,Basic,organic,17.77,0,6.0,1,0,0
C101291,2023-09-19,3,Basic,paid_search,16.74,0,10.0,0,0,0
C100036,2023-09-19,3,Basic,paid_search,16.12,0,1.0,0,0,0
C106297,2023-09-19,3,Basic,organic,25.1,1,20.0,0,0,0
C107500,2023-09-19,3,Standard,partner,31.77,0,10.0,0,0,0
C100609,2023-09-19,3,Premium,referral,84.89,0,3.0,0,0,0
C100005,2023-09-19,3,Basic,organic,19.43,0,45.0,0,0,0
C107299,2023-09-20,3,Standard,partner,35.97,1,9.0,0,0,0
C103731,2023-09-20,3,Basic,paid_search,20.01,1,25.0,1,2,1
C103961,2023-09-20,3,Basic,paid_search,25.89,0,12.0,0,0,0
C101705,2023-09-20,3,Basic,referral,19.73,0,3.0,1,0,0
C105155,2023-09-20,3,Premium,paid_search,59.66,2,5.0,1,0,0
C104141,2023-09-20,3,Basic,organic,16.75,1,28.0,0,0,0
C101246,2023-09-20,3,Standard,partner,32.82,0,3.0,0,0,0
C106055,2023-09-20,3,Basic,organic,16.56,0,2.0,0,0,0
C104450,2023-09-20,3,Premium,referral,71.39,0,10.0,0,0,0
C105662,2023-09-21,3,Basic,organic,20.46,0,5.0,0,4,1
C104332,2023-09-21,3,Basic,partner,20.95,1,10.0,0,0,0
C105429,2023-09-21,3,Premium,organic,65.24,0,17.0,0,0,0
C101418,2023-09-21,3,Basic,organic,13.14,2,1.0,0,0,0
C100667,2023-09-21,3,Basic,paid_search,22.5,1,6.0,2,0,0
C102197,2023-09-21,3,Basic,organic,21.36,0,,0,0,0
C105235,2023-09-21,3,Basic,organic,22.72,2,0.0,0,0,0
C106841,2023-09-21,3,Standard,paid_search,43.06,0,18.0,0,0,0
C104557,2023-09-21,3,Standard,paid_search,34.01,0,12.0,0,0,0
C102481,2023-09-21,3,Standard,paid_search,36.51,2,16.0,0,0,0
C102868,2023-09-21,3,Standard,paid_search,36.81,2,12.0,0,0,0
C103106,2023-09-21,3,Standard,paid_search,36.52,1,22.0,1,0,0
C102097,2023-09-21,3,Standard,organic,42.08,1,82.0,1,3,1
C105488,2023-09-21,3,Premium,paid_search,78.56,3,1.0,0,0,0
C101734,2023-09-21,3,Basic,referral,24.05,0,5.0,0,0,0
C107133,2023-09-21,3,Premium,paid_search,81.99,1,11.0,0,5,1
C107494,2023-09-21,3,Standard,partner,54.09,0,8.0,0,0,0
C102331,2023-09-21,3,Premium,paid_search,59.46,0,10.0,0,0,0
C107682,2023-09-22,3,Premium,paid_search,81.16,2,2.0,1,0,0
C105287,2023-09-22,3,Standard,paid_search,23.08,0,2.0,0,0,0
C102846,2023-09-22,3,Basic,organic,19.25,2,3.0,0,0,0
C104693,2023-09-22,3,Basic,organic,19.29,1,,0,0,0
C106596,2023-09-22,3,Basic,organic,22.34,0,,0,0,0
C101588,2023-09-22,3,Standard,paid_search,33.89,0,11.0,0,0,0
C104148,2023-09-22,3,Standard,organic,30.28,2,9.0,0,0,0
C101485,2023-09-22,3,Premium,referral,65.58,0,2.0,1,0,0
C106720,2023-09-22,3,Basic,partner,23.07,1,11.0,0,0,0
C103263,2023-09-22,3,Basic,organic,23.26,2,7.0,0,0,0
C102905,2023-09-23,3,Standard,paid_search,40.14,2,3.0,0,0,0
C101508,2023-09-23,3,Standard,organic,33.83,1,5.0,0,0,0
C102902,2023-09-23,3,Standard,organic,34.55,1,5.0,0,0,0
C106790,2023-09-23,3,Premium,paid_search,100.8,1,13.0,0,3,1
C100828,2023-09-23,3,Standard,referral,38.59,0,12.0,0,0,0
C101520,2023-09-23,3,Basic,paid_search,18.97,1,25.0,0,0,0
C107101,2023-09-23,3,Basic,paid_search,17.66,0,14.0,0,1,0
C106726,2023-09-23,3,Standard,referral,35.73,2,2.0,1,0,0
C100426,2023-09-23,3,Basic,paid_search,18.73,2,,0,0,0
C106375,2023-09-23,3,Standard,paid_search,34.9,2,1.0,0,0,0
C102600,2023-09-23,3,Basic,referral,21.82,0,1.0,0,0,0
C105186,2023-09-23,3,Standard,organic,46.15,1,3.0,0,0,0
C104943,2023-09-23,3,Standard,partner,52.82,2,5.0,0,0,0
C103880,2023-09-24,3,Basic,organic,23.48,2,3.0,0,3,1
C101279,2023-09-24,3,Standard,paid_search,34.6,1,8.0,0,0,0
C104748,2023-09-24,3,Standard,paid_search,31.39,2,6.0,1,0,0
C103455,2023-09-24,3,Standard,partner,41.01,0,16.0,0,0,0
C103872,2023-09-24,3,Basic,organic,20.71,0,19.0,0,0,0
C106110,2023-09-24,3,Basic,referral,16.78,2,4.0,0,0,0
C107825,2023-09-24,3,Basic,paid_search,25.05,1,13.0,0,0,0
C101733,2023-09-24,3,Premium,referral,70.81,1,10.0,0,0,0
C107842,2023-09-24,3,Standard,partner,26.33,0,18.0,0,0,0
C107843,2023-09-25,3,Standard,paid_search,37.3,1,4.0,0,0,0
C107896,2023-09-25,3,Basic,paid_search,17.98,2,12.0,0,0,0
C101324,2023-09-25,3,Basic,paid_search,15.67,2,3.0,1,0,0
C105988,2023-09-25,3,Basic,paid_search,22.93,0,2.0,0,0,0
C103469,2023-09-25,3,Standard,organic,45.04,3,6.0,0,0,0
C105172,2023-09-25,3,Basic,organic,26.22,1,14.0,0,0,0
C102557,2023-09-25,3,Basic,referral,27.28,1,16.0,0,0,0
C106353,2023-09-25,3,Standard,paid_search,56.53,1,9.0,0,1,0
C106763,2023-09-25,3,Standard,organic,40.59,1,5.0,0,0,0
C101213,2023-09-25,3,Premium,organic,77.21,0,,0,0,0
C105796,2023-09-26,3,Basic,partner,25.53,1,1.0,0,0,0
C107421,2023-09-26,3,Basic,referral,16.5,0,27.0,0,0,0
C102817,2023-09-26,3,Basic,partner,23.44,1,5.0,0,0,0
C103462,2023-09-26,3,Basic,referral,18.77,1,18.0,0,0,0
C107043,2023-09-26,3,Basic,paid_search,14.57,1,3.0,0,0,1
C103119,2023-09-26,3,Standard,paid_search,52.08,1,2.0,0,0,0
C106744,2023-09-26,3,Standard,paid_search,43.72,0,,0,0,0
C106634,2023-09-26,3,Standard,partner,33.67,0,5.0,0,0,0
C104673,2023-09-26,3,Basic,organic,20.37,1,,0,0,0
C100491,2023-09-26,3,Premium,organic,89.55,1,15.0,0,0,0
C100503,2023-09-26,3,Standard,partner,42.79,0,,1,0,0
C103339,2023-09-26,3,Premium,paid_search,76.2,0,15.0,0,0,0
C104539,2023-09-27,3,Basic,organic,14.03,2,13.0,1,5,1
C106149,2023-09-27,3,Standard,referral,29.67,3,5.0,0,0,1
C105513,2023-09-27,3,Standard,organic,33.25,3,26.0,0,4,1
C107193,2023-09-27,3,Standard,referral,49.56,1,22.0,1,0,0
C104478,2023-09-27,3,Basic,referral,17.52,0,2.0,0,0,0
C104549,2023-09-27,3,Standard,paid_search,41.86,1,,1,0,0
C101022,2023-09-27,3,Premium,paid_search,87.28,0,,1,0,0
C102878,2023-09-28,3,Standard,organic,35.99,0,8.0,0,0,0
C105399,2023-09-28,3,Standard,organic,36.13,0,2.0,0,0,0
C102104,2023-09-28,3,Basic,referral,19.82,0,11.0,0,0,0
C106606,2023-09-28,3,Basic,referral,17.68,0,,1,0,0
C107310,2023-09-29,3,Basic,organic,13.23,1,3.0,0,0,0
C105024,2023-09-29,3,Standard,organic,41.54,0,4.0,0,0,0
C102796,2023-09-29,3,Standard,paid_search,33.39,0,2.0,0,0,0
C107796,2023-09-29,3,Standard,referral,25.06,0,4.0,0,0,0
C106854,2023-09-29,3,Premium,referral,44.42,1,1.0,0,0,0
C104753,2023-09-29,3,Standard,paid_search,50.96,2,,0,0,0
C103840,2023-09-29,3,Premium,paid_search,85.99,0,19.0,0,2,1
C105822,2023-09-29,3,Standard,paid_search,40.77,0,2.0,0,0,0
C102755,2023-09-29,3,Basic,referral,14.88,1,2.0,0,0,0
C104608,2023-09-29,3,Basic,organic,28.44,1,,0,0,0
C104425,2023-09-29,3,Standard,organic,43.96,1,,1,0,0
C105844,2023-09-30,3,Basic,referral,18.89,0,3.0,0,0,0
C103159,2023-09-30,3,Basic,organic,15.59,1,,0,0,0
C101657,2023-09-30,3,Standard,paid_search,34.55,0,9.0,0,0,0
C105118,2023-09-30,3,Standard,partner,35.15,1,2.0,0,0,0
C105623,2023-09-30,3,Standard,paid_search,36.25,0,2.0,0,0,0
C104921,2023-09-30,3,Standard,paid_search,38.97,0,34.0,0,0,0
C104816,2023-09-30,3,Premium,referral,76.18,0,6.0,0,0,0
C100920,2023-09-30,3,Basic,paid_search,21.09,0,7.0,0,0,0
C103904,2023-09-30,3,Premium,referral,73.68,0,11.0,0,0,0
C102389,2023-09-30,3,Basic,organic,16.19,0,2.0,0,0,0
C102385,2023-10-01,3,Premium,paid_search,88.08,1,1.0,0,0,0
C100395,2023-10-01,3,Basic,organic,23.91,1,35.0,0,0,0
C101407,2023-10-01,3,Basic,paid_search,17.78,1,16.0,0,0,0
C101897,2023-10-01,3,Premium,organic,72.05,2,6.0,0,0,0
C102709,2023-10-01,3,Basic,paid_search,24.97,1,12.0,0,0,0
C100557,2023-10-01,3,Standard,organic,42.35,1,3.0,0,0,0
C106181,2023-10-01,3,Standard,organic,42.39,0,4.0,0,0,0
C101244,2023-10-01,3,Standard,organic,34.94,1,5.0,0,0,0
C105959,2023-10-01,3,Basic,paid_search,21.12,2,6.0,0,0,1
C101942,2023-10-01,3,Basic,referral,16.29,0,3.0,0,0,0
C105899,2023-10-01,3,Premium,paid_search,90.49,1,14.0,0,0,0
C102141,2023-10-01,3,Basic,organic,17.64,0,1.0,0,0,0
C105389,2023-10-01,3,Basic,partner,18.64,0,4.0,2,0,0
C104471,2023-10-02,3,Standard,referral,36.22,1,4.0,0,0,0
C103357,2023-10-02,3,Basic,organic,20.32,1,10.0,0,0,0
C101823,2023-10-02,3,Basic,referral,18.2,0,3.0,0,0,0
C106816,2023-10-02,3,Standard,referral,34.43,1,11.0,0,0,0
C103417,2023-10-02,3,Premium,referral,84.1,1,4.0,0,0,0
C107897,2023-10-02,3,Basic,paid_search,15.56,3,,0,0,0
C105385,2023-10-02,3,Standard,organic,35.44,2,1.0,0,0,0
C107495,2023-10-02,3,Basic,paid_search,21.28,0,7.0,0,0,0
C106030,2023-10-02,3,Standard,organic,43.1,0,1.0,0,0,0
C107358,2023-10-03,3,Basic,referral,17.46,0,12.0,0,0,0
C106809,2023-10-03,3,Premium,paid_search,41.48,2,11.0,1,0,0
C105836,2023-10-03,3,Basic,organic,26.59,0,2.0,0,0,0
C105241,2023-10-03,3,Standard,paid_search,52.82,0,6.0,0,0,0
C102226,2023-10-03,3,Standard,organic,48.97,0,4.0,0,0,0
C100780,2023-10-03,3,Basic,organic,16.39,1,9.0,0,0,0
C101715,2023-10-04,3,Basic,organic,18.19,0,5.0,0,0,0
C102677,2023-10-04,3,Premium,referral,61.96,1,28.0,0,0,0
C102651,2023-10-04,3,Premium,organic,81.56,0,3.0,0,0,0
C101892,2023-10-04,3,Standard,partner,42.44,0,15.0,0,0,0
C106855,2023-10-04,3,Basic,paid_search,21.85,1,7.0,0,0,0
C104864,2023-10-04,3,Basic,referral,19.48,2,9.0,1,0,0
C100811,2023-10-04,3,Standard,paid_search,48.49,0,7.0,0,0,0
C106780,2023-10-04,3,Standard,paid_search,40.24,2,7.0,0,0,0
C105646,2023-10-04,3,Basic,paid_search,18.84,2,31.0,0,1,1
C107766,2023-10-04,3,Standard,organic,37.88,3,19.0,0,0,0
C106889,2023-10-04,3,Basic,referral,22.87,1,24.0,0,3,1
C104329,2023-10-04,3,Standard,organic,54.83,1,,0,0,0
C102303,2023-10-04,3,Basic,organic,16.85,2,,1,0,0
C107624,2023-10-04,3,Standard,organic,44.9,0,48.0,0,3,1
C101200,2023-10-04,3,Basic,referral,15.03,1,1.0,0,0,0
C102000,2023-10-04,3,Standard,paid_search,35.64,1,15.0,2,0,0
C106497,2023-10-04,3,Standard,paid_search,40.55,1,8.0,1,0,0
C107351,2023-10-04,3,Basic,organic,19.82,0,25.0,0,0,0
C101370,2023-10-05,3,Basic,organic,17.69,0,46.0,0,3,1
C101633,2023-10-05,3,Basic,organic,22.19,0,3.0,0,0,0
C105020,2023-10-05,3,Basic,paid_search,17.86,0,9.0,0,0,0
C107317,2023-10-05,3,Basic,organic,21.72,2,7.0,0,0,0
C101712,2023-10-05,3,Premium,partner,86.26,1,28.0,0,0,0
C105750,2023-10-05,3,Premium,paid_search,79.37,0,28.0,0,3,1
C102650,2023-10-05,3,Standard,paid_search,53.56,2,8.0,0,0,0
C103578,2023-10-06,3,Basic,paid_search,12.72,0,7.0,0,0,0
C105291,2023-10-06,3,Premium,organic,110.49,1,6.0,0,5,1
C105867,2023-10-06,3,Standard,organic,30.65,0,3.0,0,0,0
C107980,2023-10-06,3,Standard,organic,40.79,2,5.0,0,0,0
C106490,2023-10-06,3,Basic,organic,18.16,0,6.0,0,0,0
C102700,2023-10-06,3,Basic,partner,22.09,0,2.0,0,0,0
C100516,2023-10-06,3,Basic,paid_search,18.23,0,,1,0,0
C101140,2023-10-06,3,Standard,referral,41.44,1,12.0,0,0,0
C107815,2023-10-06,3,Standard,organic,24.41,1,3.0,0,0,0
C103580,2023-10-06,3,Basic,organic,22.17,0,13.0,0,0,0
C105509,2023-10-06,3,Basic,organic,23.01,1,,0,0,0
C101791,2023-10-06,3,Standard,referral,44.53,1,13.0,0,0,0
C104138,2023-10-06,3,Standard,organic,35.47,0,,0,0,0
C103547,2023-10-06,3,Basic,organic,21.11,2,24.0,0,0,0
C107891,2023-10-06,3,Basic,referral,17.75,0,22.0,0,1,1
C106886,2023-10-06,3,Standard,paid_search,37.67,1,5.0,0,0,0
C107418,2023-10-06,3,Standard,organic,38.83,1,,0,5,1
C103427,2023-10-07,3,Basic,referral,19.28,1,7.0,1,2,1
C107340,2023-10-07,3,Standard,paid_search,44.98,2,3.0,1,0,0
C107195,2023-10-07,3,Standard,paid_search,52.5,0,4.0,0,0,0
C103238,2023-10-07,3,Standard,referral,43.77,0,1.0,0,0,0
C103045,2023-10-07,3,Premium,partner,95.49,0,5.0,0,0,0
C106696,2023-10-07,3,Standard,organic,39.92,2,,0,0,0
C106127,2023-10-07,3,Premium,organic,94.98,2,1.0,0,0,0
C106675,2023-10-07,3,Standard,organic,34.26,3,0.0,0,0,0
C107401,2023-10-07,3,Standard,partner,57.26,1,1.0,0,0,0
C102756,2023-10-08,3,Standard,organic,44.36,1,1.0,0,0,0
C105782,2023-10-08,3,Standard,organic,30.97,1,,0,0,0
C100903,2023-10-08,3,Premium,partner,55.37,0,40.0,0,0,0
C102239,2023-10-08,3,Standard,organic,46.62,1,7.0,0,0,0
C104989,2023-10-08,3,Basic,referral,18.57,1,6.0,0,0,0
C101814,2023-10-08,3,Standard,paid_search,36.35,0,,0,0,0
C107253,2023-10-09,3,Basic,organic,18.59,1,10.0,0,1,1
C100374,2023-10-09,3,Standard,organic,35.95,0,20.0,1,0,0
C105692,2023-10-09,3,Standard,partner,47.45,2,2.0,0,0,0
C107085,2023-10-09,3,Premium,organic,95.03,2,3.0,0,0,0
C104011,2023-10-09,3,Standard,paid_search,40.57,0,4.0,1,0,0
C103473,2023-10-09,3,Standard,partner,49.86,2,2.0,0,0,0
C106656,2023-10-10,3,Standard,referral,39.73,1,17.0,0,0,0
C105221,2023-10-10,3,Basic,organic,15.13,2,1.0,0,0,0
C101323,2023-10-10,3,Basic,partner,22.3,1,1.0,0,0,0
C106101,2023-10-10,3,Standard,paid_search,32.96,0,4.0,1,0,0
C102090,2023-10-10,3,Basic,paid_search,17.25,0,4.0,0,0,0
C104727,2023-10-10,3,Basic,organic,24.5,1,10.0,0,0,0
C105545,2023-10-10,3,Basic,organic,12.45,1,4.0,0,0,0
C105090,2023-10-10,3,Standard,organic,36.87,0,10.0,0,0,0
C101751,2023-10-10,3,Basic,paid_search,18.19,3,19.0,0,3,1
C104712,2023-10-10,3,Standard,paid_search,38.74,0,2.0,0,0,0
C101003,2023-10-10,3,Basic,paid_search,17.46,1,,0,0,0
C107724,2023-10-10,3,Basic,organic,18.58,3,8.0,0,0,0
C101374,2023-10-10,3,Standard,partner,32.65,2,,0,0,0
C107314,2023-10-11,3,Basic,paid_search,19.23,2,0.0,0,1,0
C107126,2023-10-11,3,Basic,organic,14.32,1,9.0,0,0,0
C104573,2023-10-11,3,Basic,organic,13.43,0,19.0,0,0,0
C103505,2023-10-11,3,Standard,referral,38.7,0,1.0,0,0,0
C104468,2023-10-11,3,Standard,organic,36.07,1,8.0,1,0,0
C102497,2023-10-11,3,Standard,organic,40.61,0,13.0,0,0,0
C101911,2023-10-11,3,Basic,organic,15.84,0,,0,0,0
C107081,2023-10-11,3,Standard,organic,33.16,2,4.0,0,0,0
C105265,2023-10-11,3,Standard,paid_search,33.24,1,0.0,0,0,0
C107428,2023-10-11,3,Basic,organic,19.94,2,4.0,0,0,0
C104700,2023-10-11,3,Basic,organic,14.16,3,1.0,0,0,0
C100034,2023-10-11,3,Basic,organic,13.82,0,32.0,0,0,0
C107146,2023-10-11,3,Basic,paid_search,23.16,0,,0,0,0
C103161,2023-10-12,3,Basic,organic,18.53,0,1.0,0,0,0
C106700,2023-10-12,3,Standard,paid_search,42.08,1,0.0,0,0,0
C106023,2023-10-12,3,Premium,paid_search,90.91,0,14.0,0,0,0
C100564,2023-10-12,3,Basic,organic,18.46,1,25.0,0,0,1
C103125,2023-10-12,3,Premium,paid_search,91.94,0,17.0,0,0,0
C107690,2023-10-12,3,Basic,paid_search,21.45,2,17.0,1,0,0
C107227,2023-10-12,3,Standard,organic,36.72,0,14.0,0,0,0
C104716,2023-10-12,3,Basic,paid_search,18.86,1,,0,0,0
C107325,2023-10-12,3,Basic,organic,17.7,0,13.0,0,0,0
C102451,2023-10-12,3,Basic,partner,20.64,0,8.0,0,0,0
C101691,2023-10-12,3,Basic,paid_search,18.54,3,16.0,0,0,0
C101605,2023-10-12,3,Standard,paid_search,49.07,0,9.0,0,0,0
C100357,2023-10-13,3,Basic,organic,16.13,1,,1,0,0
C101388,2023-10-13,3,Standard,paid_search,41.05,1,12.0,0,0,0
C105742,2023-10-13,3,Standard,organic,50.54,0,1.0,0,0,0
C100361,2023-10-13,3,Standard,paid_search,42.76,1,3.0,0,0,0
C100388,2023-10-14,3,Standard,referral,51.91,1,8.0,0,0,0
C103794,2023-10-14,3,Standard,organic,45.94,2,,0,0,0
C102470,2023-10-14,3,Basic,organic,17.95,1,1.0,0,0,0
C102041,2023-10-14,3,Basic,referral,20.81,0,7.0,0,0,0
C100047,2023-10-14,3,Basic,organic,20.31,0,1.0,0,0,0
C105459,2023-10-14,3,Premium,organic,73.2,1,1.0,0,0,0
C105413,2023-10-14,3,Premium,organic,60.27,1,6.0,1,0,0
C102299,2023-10-14,3,Premium,paid_search,86.07,0,7.0,1,0,0
C106741,2023-10-14,3,Standard,organic,44.34,0,3.0,1,0,0
C107030,2023-10-14,3,Basic,paid_search,12.64,1,,0,0,0
C104862,2023-10-14,3,Premium,organic,83.02,0,8.0,0,0,0
C103819,2023-10-14,3,Standard,referral,28.3,0,33.0,0,3,1
C105183,2023-10-14,3,Premium,organic,85.12,0,11.0,0,0,0
C104807,2023-10-14,3,Standard,organic,28.08,1,13.0,0,0,0
C102060,2023-10-15,3,Standard,organic,52.75,1,17.0,0,1,0
C102445,2023-10-15,3,Basic,organic,21.0,0,9.0,1,0,0
C100363,2023-10-15,3,Premium,paid_search,67.79,2,44.0,0,1,1
C100578,2023-10-15,3,Standard,organic,42.44,3,6.0,0,0,0
C104333,2023-10-15,3,Standard,referral,36.95,0,9.0,0,0,0
C106704,2023-10-16,3,Basic,organic,14.7,2,3.0,1,0,0
C104405,2023-10-16,3,Standard,organic,44.11,0,2.0,0,0,0
C104281,2023-10-16,3,Standard,referral,39.78,0,22.0,0,0,0
C101303,2023-10-16,3,Basic,partner,16.33,1,2.0,0,0,0
C105333,2023-10-16,3,Standard,referral,32.69,1,4.0,0,0,0
C103029,2023-10-16,3,Premium,paid_search,96.12,0,1.0,0,0,0
C101383,2023-10-17,2,Basic,organic,16.59,2,4.0,0,0,0
C100827,2023-10-17,2,Basic,organic,17.11,1,35.0,0,4,1
C101556,2023-10-17,2,Basic,paid_search,22.03,0,15.0,0,0,0
C100303,2023-10-17,2,Basic,paid_search,11.99,2,9.0,0,0,1
C102977,2023-10-17,2,Basic,paid_search,15.91,0,22.0,0,0,0
C104564,2023-10-17,2,Basic,partner,19.46,1,8.0,0,0,0
C101877,2023-10-17,2,Basic,organic,15.38,1,16.0,0,0,0
C101470,2023-10-18,2,Standard,paid_search,39.44,4,5.0,0,2,0
C103830,2023-10-18,2,Premium,referral,99.5,0,8.0,0,0,0
C103242,2023-10-18,2,Standard,organic,32.11,0,3.0,0,0,0
C100739,2023-10-18,2,Standard,referral,42.21,1,21.0,0,3,1
C101631,2023-10-18,2,Basic,referral,11.81,0,5.0,0,0,0
C104619,2023-10-18,2,Standard,referral,34.68,1,6.0,0,0,0
C106080,2023-10-18,2,Standard,partner,38.0,0,13.0,0,0,0
C107430,2023-10-18,2,Basic,organic,21.46,2,11.0,0,0,0
C100094,2023-10-18,2,Basic,paid_search,12.64,2,10.0,0,0,0
C104432,2023-10-18,2,Premium,referral,89.25,0,28.0,0,0,0
C104449,2023-10-18,2,Standard,organic,32.34,0,,0,0,0
C106481,2023-10-18,2,Basic,organic,15.12,3,2.0,0,0,0
C107170,2023-10-19,2,Basic,referral,19.23,0,6.0,0,0,0
C104596,2023-10-19,2,Standard,organic,43.02,0,21.0,0,0,0
C104932,2023-10-19,2,Basic,organic,28.97,0,,0,0,0
C102837,2023-10-19,2,Standard,organic,38.27,0,8.0,0,0,0
C105460,2023-10-19,2,Premium,referral,82.62,2,1.0,0,0,0
C106864,2023-10-20,2,Standard,referral,38.01,1,2.0,0,0,0
C100178,2023-10-20,2,Standard,organic,43.64,1,10.0,0,0,0
C104980,2023-10-20,2,Standard,referral,48.63,1,,0,0,0
C106263,2023-10-20,2,Basic,paid_search,16.08,0,6.0,0,2,1
C103108,2023-10-20,2,Basic,paid_search,17.58,2,5.0,1,0,0
C104189,2023-10-20,2,Standard,organic,46.74,1,6.0,1,0,0
C104849,2023-10-20,2,Premium,paid_search,83.46,0,6.0,0,0,0
C107000,2023-10-20,2,Standard,organic,31.76,1,0.0,0,0,0
C105248,2023-10-20,2,Standard,organic,35.76,0,3.0,0,0,0
C105055,2023-10-21,2,Premium,organic,55.5,0,11.0,0,0,0
C101314,2023-10-21,2,Basic,organic,21.52,3,4.0,1,0,0
C101825,2023-10-21,2,Basic,paid_search,18.79,2,39.0,0,2,1
C105239,2023-10-21,2,Premium,organic,87.64,3,2.0,0,0,0
C101427,2023-10-21,2,Standard,paid_search,26.74,1,15.0,0,0,0
C106190,2023-10-21,2,Premium,partner,73.3,0,,1,0,0
C102938,2023-10-21,2,Basic,referral,19.44,1,,0,0,0
C106915,2023-10-21,2,Premium,organic,78.03,1,9.0,0,0,0
C100219,2023-10-21,2,Standard,paid_search,37.11,0,2.0,0,0,0
C106678,2023-10-21,2,Basic,referral,18.12,1,4.0,0,0,0
C100591,2023-10-21,2,Standard,referral,38.49,1,5.0,0,0,0
C107468,2023-10-22,2,Standard,paid_search,50.87,1,2.0,0,0,0
C102777,2023-10-22,2,Standard,organic,30.74,0,9.0,0,0,0
C101205,2023-10-22,2,Basic,paid_search,10.26,1,1.0,0,0,0
C104080,2023-10-22,2,Basic,organic,17.41,0,13.0,1,0,0
C103517,2023-10-22,2,Standard,paid_search,36.08,0,5.0,0,0,0
C101036,2023-10-22,2,Premium,partner,57.12,2,3.0,0,0,0
C101731,2023-10-22,2,Premium,paid_search,73.98,1,4.0,0,0,0
C106966,2023-10-22,2,Standard,referral,26.63,1,0.0,0,0,0
C102988,2023-10-22,2,Basic,paid_search,8.93,0,22.0,0,6,1
C105618,2023-10-22,2,Standard,partner,38.58,0,2.0,0,0,0
C103825,2023-10-22,2,Basic,paid_search,19.07,1,5.0,0,0,0
C107125,2023-10-23,2,Basic,referral,14.12,1,21.0,0,0,0
C103909,2023-10-24,2,Basic,paid_search,13.85,1,,0,0,0
C103703,2023-10-24,2,Standard,referral,43.65,0,6.0,0,0,0
C100066,2023-10-24,2,Basic,organic,20.55,1,15.0,1,0,0
C105512,2023-10-24,2,Basic,paid_search,20.09,0,,0,0,0
C104206,2023-10-24,2,Basic,partner,26.64,0,10.0,0,0,0
C106151,2023-10-24,2,Premium,organic,74.69,0,,0,0,0
C100344,2023-10-24,2,Standard,referral,49.3,1,2.0,0,0,0
C102286,2023-10-24,2,Standard,paid_search,30.02,1,5.0,0,0,0
C103749,2023-10-24,2,Standard,organic,34.95,0,,0,2,1
C103297,2023-10-25,2,Basic,organic,21.32,0,3.0,1,0,0
C102067,2023-10-25,2,Basic,referral,24.23,0,17.0,1,0,0
C106807,2023-10-25,2,Basic,organic,18.96,0,10.0,0,0,0
C107463,2023-10-25,2,Basic,organic,18.38,0,,0,0,0
C101107,2023-10-25,2,Basic,organic,24.39,1,5.0,0,0,0
C101286,2023-10-25,2,Standard,partner,34.47,2,3.0,1,0,0
C103127,2023-10-26,2,Standard,organic,24.12,1,1.0,0,0,0
C104822,2023-10-26,2,Standard,paid_search,32.57,1,2.0,0,0,0
C105242,2023-10-26,2,Basic,organic,17.49,0,7.0,0,0,0
C105070,2023-10-26,2,Basic,partner,24.85,1,15.0,0,0,0
C107952,2023-10-26,2,Basic,paid_search,18.3,1,26.0,1,3,1
C101568,2023-10-26,2,Basic,organic,22.96,2,10.0,1,3,1
C101153,2023-10-26,2,Basic,paid_search,13.62,2,,0,0,0
C101389,2023-10-26,2,Premium,partner,96.6,0,1.0,0,0,0
C106955,2023-10-26,2,Premium,referral,86.26,0,14.0,0,0,0
C100201,2023-10-26,2,Standard,referral,51.46,0,22.0,0,0,0
C100842,2023-10-26,2,Basic,partner,22.88,2,13.0,1,0,0
C107323,2023-10-26,2,Premium,organic,72.16,1,17.0,1,3,1
C107859,2023-10-27,2,Standard,organic,42.9,0,1.0,0,0,0
C104513,2023-10-27,2,Premium,referral,93.52,0,,0,0,0
C100839,2023-10-27,2,Basic,partner,20.8,0,3.0,0,0,0
C103094,2023-10-27,2,Standard,paid_search,33.42,2,1.0,0,0,0
C102692,2023-10-27,2,Premium,referral,70.3,0,0.0,0,0,0
C107304,2023-10-27,2,Standard,partner,33.23,2,2.0,0,0,0
C103589,2023-10-27,2,Basic,referral,17.86,0,2.0,1,0,0
C102113,2023-10-27,2,Premium,organic,78.65,0,18.0,0,4,1
C102784,2023-10-28,2,Standard,organic,36.68,0,9.0,1,0,0
C105310,2023-10-28,2,Basic,referral,19.64,0,5.0,0,0,0
C104514,2023-10-28,2,Basic,organic,18.45,0,4.0,0,0,0
C105049,2023-10-28,2,Basic,organic,15.74,0,1.0,0,0,0
C105924,2023-10-28,2,Basic,partner,21.38,0,2.0,0,0,0
C106074,2023-10-28,2,Basic,paid_search,23.07,2,8.0,0,0,0
C104152,2023-10-28,2,Standard,organic,44.66,0,3.0,0,0,0
C105324,2023-10-29,2,Standard,organic,38.38,1,0.0,0,0,0
C101707,2023-10-29,2,Premium,paid_search,78.63,1,8.0,0,0,0
C105864,2023-10-29,2,Basic,partner,19.11,2,10.0,0,0,0
C104248,2023-10-29,2,Basic,organic,17.83,2,4.0,1,1,0
C102100,2023-10-29,2,Standard,organic,48.46,0,3.0,0,0,0
C103383,2023-10-29,2,Basic,referral,14.74,0,11.0,1,0,0
C103201,2023-10-29,2,Basic,organic,19.71,1,9.0,0,0,0
C105907,2023-10-29,2,Standard,paid_search,48.59,1,10.0,0,6,1
C105191,2023-10-29,2,Basic,paid_search,17.84,0,31.0,0,0,0
C105053,2023-10-29,2,Standard,organic,37.04,0,13.0,0,0,0
C102632,2023-10-29,2,Premium,referral,70.86,1,67.0,0,4,1
C102163,2023-10-29,2,Standard,referral,44.64,2,2.0,0,0,0
C102893,2023-10-29,2,Basic,referral,13.41,0,4.0,0,0,0
C106132,2023-10-30,2,Standard,organic,33.84,2,4.0,0,0,0
C105986,2023-10-30,2,Premium,organic,87.98,0,5.0,0,4,1
C107256,2023-10-30,2,Basic,organic,21.72,1,7.0,0,0,0
C105036,2023-10-30,2,Premium,partner,69.17,0,7.0,0,0,0
C102112,2023-10-30,2,Basic,paid_search,24.13,0,2.0,0,0,0
C107763,2023-10-30,2,Basic,referral,22.15,0,,0,0,0
C107322,2023-10-30,2,Standard,paid_search,36.17,1,7.0,0,0,0
C105876,2023-10-30,2,Standard,organic,44.95,6,5.0,0,0,0
C105238,2023-10-30,2,Standard,organic,47.07,1,0.0,0,0,0
C100942,2023-10-30,2,Standard,paid_search,33.46,0,0.0,0,0,0
C105919,2023-10-30,2,Premium,organic,75.22,0,6.0,0,0,0
C101506,2023-10-30,2,Basic,organic,12.78,0,17.0,0,0,0
C107169,2023-10-31,2,Standard,paid_search,49.24,0,22.0,0,0,0
C100323,2023-10-31,2,Basic,organic,20.83,2,13.0,0,2,1
C101950,2023-10-31,2,Basic,partner,16.44,3,14.0,2,0,0
C107032,2023-10-31,2,Premium,referral,110.08,1,,0,0,0
C102795,2023-10-31,2,Standard,paid_search,39.42,1,6.0,0,0,0
C101353,2023-10-31,2,Standard,referral,35.53,2,0.0,1,0,0
C106183,2023-10-31,2,Basic,referral,18.82,1,18.0,0,0,0
C102530,2023-10-31,2,Basic,organic,17.95,0,4.0,0,0,0
C100528,2023-10-31,2,Basic,paid_search,23.77,3,3.0,1,0,0
C100641,2023-10-31,2,Basic,paid_search,25.2,2,23.0,0,0,0
C106317,2023-10-31,2,Standard,partner,43.82,2,1.0,0,0,0
C102304,2023-10-31,2,Standard,partner,41.61,0,,0,0,0
C106755,2023-10-31,2,Standard,paid_search,41.19,1,0.0,1,0,0
C107228,2023-10-31,2,Standard,referral,37.23,2,27.0,0,0,0
C101169,2023-11-01,2,Basic,organic,18.89,1,10.0,0,0,0
C104334,2023-11-01,2,Basic,referral,23.73,0,1.0,0,0,0
C101947,2023-11-01,2,Standard,organic,28.61,0,,0,0,0
C106405,2023-11-01,2,Basic,referral,14.09,1,4.0,0,0,0
C100152,2023-11-01,2,Basic,referral,18.57,1,11.0,0,0,0
C103329,2023-11-01,2,Basic,organic,17.69,2,50.0,0,0,0
C106242,2023-11-02,2,Basic,paid_search,15.13,0,2.0,0,0,0
C101102,2023-11-02,2,Basic,paid_search,19.2,0,1.0,0,0,0
C102382,2023-11-02,2,Standard,referral,51.78,1,33.0,0,0,0
C105523,2023-11-02,2,Standard,paid_search,25.98,2,2.0,0,0,0
C100668,2023-11-02,2,Premium,paid_search,86.97,1,4.0,0,0,0
C104828,2023-11-02,2,Basic,referral,18.81,0,8.0,0,0,0
C100803,2023-11-02,2,Standard,organic,40.08,0,,0,0,0
C104958,2023-11-02,2,Basic,referral,18.96,0,3.0,1,1,1
C101529,2023-11-02,2,Standard,paid_search,38.02,0,31.0,0,0,0
C106485,2023-11-02,2,Standard,organic,41.59,0,18.0,0,0,0
C106097,2023-11-02,2,Premium,paid_search,88.22,1,14.0,0,0,0
C103401,2023-11-02,2,Basic,organic,22.27,0,0.0,0,0,0
C101563,2023-11-02,2,Basic,organic,23.53,1,2.0,0,0,0
C104730,2023-11-02,2,Basic,organic,19.16,1,14.0,0,0,0
C107029,2023-11-02,2,Premium,referral,93.57,0,25.0,0,3,1
C103444,2023-11-02,2,Basic,partner,26.45,2,41.0,0,0,0
C106179,2023-11-02,2,Standard,referral,49.34,0,9.0,0,0,0
C101704,2023-11-03,2,Standard,organic,35.85,0,8.0,0,3,1
C100714,2023-11-03,2,Standard,organic,31.95,1,3.0,0,0,0
C101080,2023-11-03,2,Basic,paid_search,16.91,1,14.0,1,4,1
C103748,2023-11-03,2,Basic,paid_search,20.36,1,7.0,0,0,0
C100968,2023-11-03,2,Basic,organic,19.48,1,5.0,2,0,0
C104639,2023-11-03,2,Basic,paid_search,20.84,1,,0,0,0
C103844,2023-11-04,2,Basic,partner,19.57,2,6.0,0,0,0
C102013,2023-11-04,2,Standard,partner,44.82,1,7.0,0,0,0
C104430,2023-11-04,2,Basic,referral,24.62,0,9.0,0,0,0
C103657,2023-11-04,2,Standard,referral,35.09,1,2.0,1,0,0
C107834,2023-11-04,2,Basic,referral,21.51,0,4.0,0,0,0
C102624,2023-11-04,2,Basic,partner,22.59,2,55.0,0,3,1
C105222,2023-11-04,2,Basic,organic,17.41,2,6.0,0,0,0
C100732,2023-11-04,2,Basic,organic,18.38,3,1.0,0,0,0
C103519,2023-11-04,2,Basic,referral,22.75,1,3.0,0,0,0
C100529,2023-11-04,2,Standard,organic,49.33,2,3.0,0,0,0
C104868,2023-11-04,2,Basic,organic,16.55,0,,0,0,0
C101971,2023-11-04,2,Basic,organic,24.16,0,,0,0,0
C101005,2023-11-04,2,Basic,paid_search,18.07,0,2.0,0,0,0
C103200,2023-11-04,2,Basic,organic,23.38,1,8.0,0,0,0
C102960,2023-11-04,2,Basic,organic,12.32,2,1.0,0,0,0
C105748,2023-11-05,2,Premium,paid_search,79.49,2,13.0,1,0,0
C107847,2023-11-05,2,Standard,paid_search,37.56,3,10.0,0,0,0
C102830,2023-11-05,2,Standard,paid_search,39.59,0,26.0,0,0,0
C106612,2023-11-05,2,Premium,paid_search,94.19,1,1.0,0,0,0
C106403,2023-11-05,2,Standard,organic,22.29,2,2.0,0,0,0
C105442,2023-11-05,2,Standard,paid_search,31.09,0,,0,0,0
C105294,2023-11-05,2,Basic,organic,19.3,2,8.0,1,0,0
C100060,2023-11-05,2,Premium,organic,90.87,1,13.0,0,0,0
C106765,2023-11-05,2,Basic,paid_search,22.66,0,3.0,0,0,0
C105817,2023-11-05,2,Basic,organic,16.59,1,3.0,0,0,0
C104429,2023-11-05,2,Standard,organic,37.86,2,3.0,0,0,0
C103800,2023-11-05,2,Basic,referral,17.05,1,3.0,0,0,0
C102623,2023-11-06,2,Basic,referral,23.52,1,6.0,0,0,0
C104978,2023-11-06,2,Standard,partner,40.64,3,32.0,0,0,0
C102165,2023-11-06,2,Standard,organic,35.13,2,29.0,0,0,0
C105639,2023-11-06,2,Basic,referral,12.84,3,5.0,0,0,0
C101678,2023-11-06,2,Standard,paid_search,39.38,2,2.0,1,0,0
C106857,2023-11-06,2,Standard,partner,39.55,1,1.0,0,0,0
C104987,2023-11-06,2,Premium,paid_search,77.45,0,12.0,0,0,0
C106083,2023-11-06,2,Premium,paid_search,93.27,2,2.0,0,0,0
C100526,2023-11-06,2,Standard,referral,39.31,1,3.0,0,0,0
C101622,2023-11-06,2,Standard,referral,25.89,0,4.0,0,0,0
C107348,2023-11-06,2,Basic,referral,25.7,0,,0,0,0
C101989,2023-11-06,2,Standard,organic,31.92,1,1.0,1,0,0
C107789,2023-11-06,2,Basic,paid_search,21.37,0,4.0,0,0,0
C103275,2023-11-06,2,Standard,partner,32.06,0,15.0,0,0,0
C103899,2023-11-07,2,Basic,paid_search,23.61,0,1.0,0,0,0
C100263,2023-11-07,2,Standard,organic,38.96,1,0.0,0,0,0
C101066,2023-11-07,2,Standard,referral,46.41,0,21.0,0,0,0
C100451,2023-11-07,2,Premium,referral,107.27,1,59.0,0,3,1
C105868,2023-11-07,2,Basic,paid_search,13.71,0,2.0,0,0,0
C101261,2023-11-07,2,Standard,organic,39.97,1,2.0,0,0,0
C102532,2023-11-07,2,Standard,paid_search,41.5,0,47.0,0,0,0
C100576,2023-11-07,2,Standard,paid_search,35.0,0,,0,0,0
C103891,2023-11-07,2,Premium,paid_search,59.74,1,14.0,0,0,0
C107354,2023-11-07,2,Standard,partner,40.69,1,7.0,0,0,0
C100585,2023-11-07,2,Standard,organic,42.02,1,5.0,0,0,0
C107115,2023-11-07,2,Standard,organic,41.84,0,4.0,0,0,0
C103604,2023-11-07,2,Premium,paid_search,74.56,2,12.0,0,4,1
C107576,2023-11-08,2,Basic,referral,22.15,1,18.0,0,0,0
C105159,2023-11-08,2,Basic,paid_search,19.5,0,0.0,0,0,0
C103971,2023-11-08,2,Basic,paid_search,25.12,1,0.0,0,0,0
C105930,2023-11-08,2,Basic,paid_search,21.92,0,6.0,0,0,0
C104294,2023-11-08,2,Standard,paid_search,31.0,2,9.0,0,2,1
C106791,2023-11-08,2,Standard,partner,31.73,0,11.0,0,0,0
C107882,2023-11-08,2,Standard,organic,47.86,0,9.0,0,0,0
C100023,2023-11-08,2,Premium,organic,110.03,1,21.0,0,0,0
C102569,2023-11-08,2,Premium,partner,78.38,1,4.0,0,0,0
C100498,2023-11-08,2,Premium,organic,129.57,1,7.0,0,0,0
C105311,2023-11-08,2,Standard,organic,30.43,2,14.0,0,0,0
C104368,2023-11-08,2,Basic,paid_search,19.73,1,,0,0,0
C104542,2023-11-08,2,Basic,organic,22.83,0,3.0,0,0,0
C107571,2023-11-09,2,Premium,referral,98.16,2,17.0,0,4,1
C103494,2023-11-09,2,Premium,organic,117.69,1,13.0,0,0,0
C107517,2023-11-09,2,Basic,organic,19.35,2,1.0,0,0,0
C101181,2023-11-09,2,Basic,partner,19.42,1,,1,0,0
C104850,2023-11-09,2,Basic,referral,19.62,0,6.0,0,0,0
C100420,2023-11-09,2,Basic,organic,19.41,1,1.0,0,0,0
C103641,2023-11-09,2,Premium,paid_search,85.8,0,8.0,0,0,0
C100861,2023-11-09,2,Premium,referral,108.86,1,6.0,0,0,0
C105982,2023-11-09,2,Premium,partner,72.73,1,3.0,0,0,0
C104267,2023-11-09,2,Basic,organic,19.93,1,11.0,0,3,1
C106409,2023-11-09,2,Basic,paid_search,20.44,1,3.0,0,0,0
C102611,2023-11-09,2,Basic,organic,20.47,2,4.0,1,0,0
C100437,2023-11-09,2,Basic,organic,26.47,0,2.0,0,0,0
C104231,2023-11-09,2,Basic,referral,15.26,0,,0,3,1
C103942,2023-11-09,2,Standard,organic,50.8,1,,0,0,1
C107777,2023-11-10,2,Basic,organic,19.86,2,2.0,0,0,0
C104131,2023-11-10,2,Premium,referral,67.96,1,24.0,0,2,1
C103113,2023-11-10,2,Standard,partner,31.61,0,8.0,0,0,0
C102492,2023-11-10,2,Premium,partner,88.5,1,29.0,1,0,1
C103312,2023-11-10,2,Basic,organic,15.34,0,27.0,0,0,0
C104379,2023-11-10,2,Basic,organic,20.84,0,4.0,0,0,0
C106172,2023-11-10,2,Premium,partner,76.84,1,11.0,0,0,0
C103002,2023-11-10,2,Standard,organic,39.42,0,9.0,0,0,0
C105900,2023-11-10,2,Basic,paid_search,13.71,3,6.0,0,0,0
C103642,2023-11-10,2,Basic,organic,17.59,2,3.0,1,0,0
C103895,2023-11-10,2,Standard,referral,41.09,1,8.0,0,0,0
C102499,2023-11-10,2,Standard,partner,36.14,1,42.0,0,4,1
C105156,2023-11-10,2,Standard,paid_search,40.81,1,1.0,0,0,0
C105650,2023-11-10,2,Premium,organic,68.74,1,1.0,0,0,0
C104291,2023-11-10,2,Premium,organic,81.15,2,2.0,0,0,0
C104435,2023-11-10,2,Standard,referral,38.17,1,5.0,0,0,0
C104087,2023-11-10,2,Basic,organic,20.4,1,3.0,1,0,0
C101515,2023-11-11,2,Premium,referral,84.7,0,,1,0,0
C101750,2023-11-11,2,Basic,paid_search,12.14,1,7.0,0,0,0
C102674,2023-11-11,2,Standard,partner,44.41,1,,0,0,0
C105947,2023-11-11,2,Basic,paid_search,18.69,1,22.0,0,0,0
C102861,2023-11-11,2,Premium,paid_search,76.32,0,14.0,0,0,0
C102732,2023-11-11,2,Premium,organic,92.23,0,,0,0,0
C104839,2023-11-11,2,Standard,referral,35.89,0,8.0,0,0,0
C105803,2023-11-11,2,Standard,referral,36.4,1,14.0,1,6,1
C105737,2023-11-11,2,Basic,paid_search,24.1,0,7.0,0,0,0
C100721,2023-11-11,2,Standard,organic,48.34,0,3.0,0,0,0
C101142,2023-11-11,2,Basic,organic,17.58,0,18.0,0,0,0
C102412,2023-11-11,2,Basic,organic,22.98,0,6.0,0,0,0
C100692,2023-11-11,2,Standard,partner,35.25,0,1.0,0,0,0
C101976,2023-11-12,2,Standard,organic,41.35,0,6.0,0,0,0
C105976,2023-11-12,2,Standard,paid_search,47.98,1,8.0,0,0,0
C106652,2023-11-12,2,Standard,referral,37.23,0,0.0,0,0,0
C104819,2023-11-12,2,Premium,paid_search,90.88,2,34.0,0,0,0
C105247,2023-11-12,2,Basic,organic,21.13,1,2.0,1,0,0
C107928,2023-11-12,2,Standard,paid_search,32.08,0,1.0,0,0,0
C106957,2023-11-12,2,Standard,organic,29.62,0,18.0,0,0,0
C107054,2023-11-12,2,Basic,organic,17.52,1,14.0,0,0,0
C101272,2023-11-12,2,Standard,partner,33.17,2,,0,0,0
C102571,2023-11-12,2,Standard,organic,51.21,1,,0,0,0
C104988,2023-11-12,2,Basic,paid_search,22.5,1,6.0,0,3,1
C106399,2023-11-12,2,Standard,paid_search,24.9,0,14.0,0,0,0
C101532,2023-11-13,2,Standard,organic,31.07,0,29.0,0,0,0
C100469,2023-11-13,2,Basic,organic,16.48,1,2.0,0,0,0
C103733,2023-11-13,2,Basic,paid_search,18.46,2,1.0,0,0,0
C107565,2023-11-13,2,Basic,paid_search,24.28,0,,0,0,0
C102886,2023-11-13,2,Basic,paid_search,14.18,1,7.0,0,0,0
C102227,2023-11-13,2,Basic,organic,20.06,1,6.0,0,0,0
C100490,2023-11-13,2,Standard,organic,42.23,4,2.0,0,0,0
C106621,2023-11-13,2,Basic,referral,15.23,2,0.0,0,0,0
C104272,2023-11-13,2,Premium,organic,82.87,1,,0,0,0
C101765,2023-11-14,2,Basic,paid_search,25.85,2,6.0,0,0,0
C107657,2023-11-14,2,Standard,organic,39.4,1,13.0,0,0,0
C102457,2023-11-14,2,Standard,organic,36.48,2,29.0,0,0,0
C105948,2023-11-14,2,Standard,organic,36.54,0,5.0,0,0,0
C103438,2023-11-14,2,Basic,partner,21.33,1,8.0,0,0,0
C106714,2023-11-14,2,Standard,paid_search,39.22,1,1.0,0,0,0
C105577,2023-11-14,2,Standard,organic,36.67,1,16.0,0,0,0
C101442,2023-11-14,2,Standard,organic,39.21,0,0.0,0,0,0
C107209,2023-11-14,2,Basic,partner,18.44,2,3.0,0,0,0
C107437,2023-11-14,2,Basic,paid_search,19.68,0,3.0,0,0,0
C100408,2023-11-14,2,Premium,paid_search,77.42,0,9.0,0,0,0
C102694,2023-11-14,2,Standard,referral,28.76,2,,0,0,0
C102630,2023-11-15,2,Standard,organic,31.07,0,1.0,0,0,0
C105196,2023-11-15,2,Standard,paid_search,39.93,1,3.0,1,0,0
C100679,2023-11-15,2,Premium,paid_search,91.42,0,1.0,0,0,0
C102952,2023-11-15,2,Basic,paid_search,17.82,0,4.0,0,0,0
C107620,2023-11-15,2,Standard,paid_search,30.31,0,9.0,1,0,0
C107617,2023-11-15,2,Basic,paid_search,14.34,0,9.0,1,0,0
C102648,2023-11-15,2,Premium,partner,82.09,4,,0,0,0
C104207,2023-11-15,2,Basic,organic,15.95,0,6.0,0,1,1
C102147,2023-11-15,2,Basic,partner,20.51,1,,0,0,0
C100381,2023-11-15,2,Basic,paid_search,17.26,3,22.0,0,0,0
C107461,2023-11-15,2,Basic,referral,19.68,1,8.0,0,0,0
C102168,2023-11-15,2,Basic,paid_search,13.81,2,1.0,0,0,0
C106623,2023-11-15,2,Standard,paid_search,42.09,1,10.0,0,0,0
C102941,2023-11-15,2,Standard,partner,35.32,1,3.0,0,0,0
C100347,2023-11-15,2,Premium,organic,86.46,0,3.0,0,0,0
C105398,2023-11-15,2,Standard,referral,42.54,0,,0,0,0
C100763,2023-11-15,2,Standard,referral,31.04,1,7.0,0,0,0
C102790,2023-11-15,2,Basic,referral,14.23,1,6.0,1,0,0
C102877,2023-11-15,2,Basic,paid_search,18.9,1,7.0,0,0,0
C102288,2023-11-15,2,Basic,organic,13.74,1,25.0,0,0,0
C102781,2023-11-15,2,Basic,paid_search,21.34,0,4.0,0,0,0
C100753,2023-11-15,2,Standard,organic,34.8,1,1.0,0,0,0
C107704,2023-11-16,2,Basic,organic,21.2,2,18.0,1,0,0
C105098,2023-11-16,2,Standard,referral,36.03,2,14.0,0,0,0
C106219,2023-11-16,2,Standard,organic,31.79,1,6.0,1,0,0
C103920,2023-11-16,2,Standard,organic,42.81,0,,0,0,0
C100285,2023-11-16,2,Basic,organic,18.9,2,6.0,0,0,0
C101446,2023-11-16,2,Standard,partner,39.27,1,0.0,0,0,0
C105015,2023-11-16,2,Premium,organic,57.95,2,7.0,1,0,0
C100180,2023-11-16,2,Standard,organic,48.72,0,5.0,0,0,0
C106540,2023-11-16,2,Premium,referral,73.93,1,,0,0,0
C106913,2023-11-16,2,Standard,referral,50.48,0,0.0,0,0,0
C104403,2023-11-16,2,Premium,paid_search,55.21,1,3.0,0,0,0
C106361,2023-11-16,2,Standard,paid_search,34.48,3,,0,0,0
C106898,2023-11-16,2,Basic,partner,23.37,0,,0,0,0
C100318,2023-11-17,1,Premium,paid_search,88.16,0,5.0,0,0,0
C103171,2023-11-17,1,Standard,paid_search,46.65,1,10.0,0,0,0
C102232,2023-11-17,1,Standard,referral,29.37,0,3.0,0,0,0
C106372,2023-11-17,1,Basic,partner,18.48,1,10.0,0,0,0
C105711,2023-11-17,1,Basic,paid_search,19.62,2,8.0,0,0,0
C103742,2023-11-17,1,Standard,referral,38.15,0,8.0,0,0,0
C106774,2023-11-17,1,Basic,paid_search,20.68,1,1.0,0,0,0
C103552,2023-11-17,1,Basic,paid_search,19.99,3,8.0,1,5,1
C101688,2023-11-17,1,Standard,organic,37.07,0,7.0,1,3,1
C106200,2023-11-17,1,Standard,referral,37.03,1,8.0,1,0,0
C107112,2023-11-17,1,Basic,paid_search,21.9,1,10.0,0,0,0
C104476,2023-11-17,1,Standard,referral,36.03,0,42.0,0,0,0
C103351,2023-11-17,1,Basic,paid_search,18.95,1,26.0,0,0,0
C102096,2023-11-18,1,Basic,referral,16.33,1,6.0,0,0,0
C101909,2023-11-18,1,Basic,organic,22.37,0,6.0,0,0,0
C105013,2023-11-18,1,Basic,paid_search,21.3,2,13.0,0,1,1
C100935,2023-11-18,1,Basic,organic,19.86,0,5.0,0,0,0
C100080,2023-11-18,1,Basic,partner,17.68,1,15.0,0,0,0
C101108,2023-11-18,1,Standard,referral,46.4,2,9.0,0,0,0
C102712,2023-11-18,1,Basic,partner,18.64,1,12.0,0,0,0
C104380,2023-11-18,1,Standard,partner,45.78,2,11.0,0,0,0
C107541,2023-11-18,1,Basic,referral,16.26,1,5.0,0,0,0
C103687,2023-11-18,1,Standard,organic,36.66,1,2.0,0,0,0
C105775,2023-11-19,1,Basic,organic,23.82,0,23.0,0,0,0
C101836,2023-11-19,1,Premium,referral,94.18,2,,0,0,0
C104073,2023-11-19,1,Basic,organic,12.58,0,4.0,0,0,0
C101873,2023-11-19,1,Basic,partner,16.34,2,2.0,0,0,0
C102827,2023-11-20,1,Premium,organic,102.58,0,12.0,1,0,0
C105396,2023-11-20,1,Standard,organic,38.98,0,3.0,0,0,0
C106324,2023-11-20,1,Basic,organic,20.38,1,10.0,0,0,0
C103955,2023-11-20,1,Standard,partner,53.04,0,,1,0,0
C106601,2023-11-20,1,Standard,organic,43.71,2,25.0,1,0,0
C101680,2023-11-20,1,Premium,organic,85.92,0,10.0,0,0,0
C107302,2023-11-20,1,Premium,referral,80.12,0,35.0,0,0,0
C105197,2023-11-20,1,Basic,organic,18.02,1,4.0,0,0,0
C103309,2023-11-20,1,Basic,organic,21.44,0,5.0,0,0,0
C104236,2023-11-21,1,Premium,referral,73.44,1,2.0,0,0,0
C103461,2023-11-21,1,Standard,paid_search,38.99,1,0.0,0,0,0
C105531,2023-11-21,1,Standard,referral,36.01,1,4.0,0,0,0
C104959,2023-11-21,1,Standard,organic,39.56,0,41.0,0,0,0
C107905,2023-11-21,1,Standard,partner,34.04,2,,0,0,0
C104964,2023-11-21,1,Basic,paid_search,20.39,2,2.0,1,0,0
C106661,2023-11-21,1,Standard,organic,44.83,1,3.0,0,0,0
C104722,2023-11-21,1,Standard,organic,41.61,1,,0,0,0
C106775,2023-11-21,1,Basic,paid_search,18.81,0,,0,0,0
C106259,2023-11-21,1,Premium,referral,84.54,0,5.0,0,0,0
C103704,2023-11-21,1,Basic,paid_search,16.56,0,,0,0,0
C102220,2023-11-22,1,Basic,paid_search,18.03,0,23.0,0,0,0
C106482,2023-11-22,1,Standard,paid_search,45.06,4,3.0,0,0,0
C102619,2023-11-22,1,Basic,organic,17.47,1,26.0,0,0,0
C102917,2023-11-22,1,Standard,organic,37.0,0,8.0,1,0,0
C105500,2023-11-22,1,Standard,paid_search,33.49,0,14.0,0,0,0
C100925,2023-11-22,1,Basic,organic,14.06,2,1.0,1,0,0
C104121,2023-11-22,1,Standard,partner,40.93,0,5.0,0,0,0
C100693,2023-11-22,1,Premium,organic,63.71,1,0.0,0,0,0
C104910,2023-11-23,1,Basic,paid_search,20.83,1,18.0,0,0,0
C104437,2023-11-23,1,Standard,partner,38.9,1,,0,0,0
C100948,2023-11-23,1,Standard,organic,39.06,1,11.0,0,0,0
C102396,2023-11-23,1,Standard,paid_search,52.38,1,32.0,0,1,1
C103960,2023-11-23,1,Basic,referral,15.75,0,1.0,0,0,0
C105056,2023-11-23,1,Standard,referral,43.6,0,14.0,1,4,1
C100382,2023-11-23,1,Basic,referral,20.46,0,13.0,0,0,0
C102053,2023-11-23,1,Basic,referral,17.65,2,22.0,0,3,1
C102743,2023-11-23,1,Basic,paid_search,13.34,1,17.0,0,0,0
C107915,2023-11-23,1,Standard,referral,35.19,1,4.0,0,2,1
C102527,2023-11-24,1,Basic,partner,19.74,0,12.0,0,1,0
C104686,2023-11-24,1,Standard,partner,35.81,1,4.0,0,0,0
C100762,2023-11-24,1,Premium,paid_search,59.23,1,2.0,1,0,0
C102907,2023-11-24,1,Standard,organic,36.02,1,11.0,0,0,0
C107729,2023-11-24,1,Basic,referral,24.05,1,10.0,0,0,0
C103185,2023-11-24,1,Basic,paid_search,26.19,1,12.0,3,0,0
C100570,2023-11-24,1,Basic,paid_search,20.84,0,11.0,0,0,0
C100639,2023-11-24,1,Basic,paid_search,17.85,0,5.0,0,0,0
C105381,2023-11-24,1,Basic,paid_search,18.23,1,9.0,0,0,0
C106506,2023-11-24,1,Standard,referral,23.6,0,11.0,0,0,0
C100964,2023-11-24,1,Basic,paid_search,23.05,0,6.0,0,0,0
C106033,2023-11-24,1,Basic,partner,18.94,1,43.0,0,0,0
C103440,2023-11-24,1,Premium,organic,79.04,2,4.0,0,0,0
C104601,2023-11-24,1,Basic,organic,9.99,1,,0,0,0
C101726,2023-11-25,1,Standard,paid_search,35.41,2,5.0,0,0,0
C105199,2023-11-25,1,Standard,partner,43.93,1,8.0,1,0,0
C107790,2023-11-25,1,Standard,organic,32.59,0,9.0,0,0,0
C104467,2023-11-25,1,Standard,partner,42.96,1,12.0,0,0,0
C105107,2023-11-25,1,Basic,organic,19.75,0,8.0,0,0,0
C102027,2023-11-25,1,Basic,referral,22.36,0,16.0,0,0,0
C105005,2023-11-25,1,Standard,organic,42.88,1,,0,0,0
C101420,2023-11-25,1,Basic,organic,24.27,0,4.0,1,0,0
C107197,2023-11-26,1,Basic,paid_search,21.47,1,3.0,0,0,0
C106537,2023-11-26,1,Standard,referral,46.71,0,10.0,0,0,0
C101294,2023-11-26,1,Standard,organic,39.99,0,41.0,0,0,0
C100775,2023-11-26,1,Basic,organic,24.9,0,12.0,1,0,0
C103901,2023-11-26,1,Standard,organic,42.08,2,4.0,0,0,0
C103574,2023-11-27,1,Basic,paid_search,17.67,1,0.0,0,0,0
C101933,2023-11-27,1,Basic,paid_search,15.58,0,14.0,1,0,0
C107755,2023-11-27,1,Standard,paid_search,32.07,1,17.0,0,0,0
C100670,2023-11-27,1,Basic,organic,18.66,0,2.0,0,0,0
C102386,2023-11-27,1,Basic,paid_search,17.06,1,6.0,0,0,0
C107375,2023-11-27,1,Basic,paid_search,20.8,0,5.0,0,0,0
C100339,2023-11-27,1,Standard,paid_search,56.48,0,3.0,0,0,0
C104642,2023-11-27,1,Basic,paid_search,16.03,0,0.0,0,0,0
C103839,2023-11-27,1,Basic,paid_search,19.05,3,9.0,0,0,0
C102121,2023-11-27,1,Basic,organic,20.72,1,34.0,0,0,0
C101831,2023-11-27,1,Basic,organic,21.02,2,7.0,0,3,1
C104198,2023-11-27,1,Basic,organic,21.99,0,3.0,0,0,0
C104005,2023-11-27,1,Standard,partner,36.57,1,28.0,1,0,0
C105672,2023-11-27,1,Premium,organic,86.26,2,2.0,0,4,1
C106201,2023-11-27,1,Standard,organic,53.96,0,10.0,0,0,0
C101268,2023-11-27,1,Premium,paid_search,82.92,1,,1,0,0
C101929,2023-11-27,1,Basic,paid_search,18.42,2,14.0,0,0,0
C106759,2023-11-28,1,Premium,organic,93.65,1,0.0,0,0,0
C107941,2023-11-28,1,Standard,paid_search,38.24,0,8.0,0,0,0
C100292,2023-11-28,1,Basic,organic,23.26,0,,0,0,0
C102164,2023-11-28,1,Premium,organic,71.96,1,6.0,1,0,0
C106473,2023-11-28,1,Premium,paid_search,89.88,0,3.0,0,0,0
C106558,2023-11-28,1,Standard,organic,44.22,1,29.0,0,0,0
C102388,2023-11-29,1,Premium,organic,84.26,1,,0,0,0
C104598,2023-11-29,1,Basic,referral,13.64,0,,0,0,0
C103035,2023-11-29,1,Standard,organic,38.41,0,2.0,0,0,0
C101439,2023-11-29,1,Basic,organic,21.37,1,7.0,1,0,0
C101783,2023-11-29,1,Premium,organic,75.77,1,21.0,0,6,1
C100447,2023-11-29,1,Standard,paid_search,30.0,0,12.0,0,0,0
C105647,2023-11-29,1,Standard,organic,36.06,4,16.0,0,1,1
C104871,2023-11-30,1,Premium,paid_search,76.49,0,1.0,0,0,0
C106594,2023-11-30,1,Standard,organic,29.4,1,4.0,0,0,0
C102542,2023-11-30,1,Premium,paid_search,68.95,2,2.0,0,0,0
C106984,2023-11-30,1,Standard,referral,38.29,2,2.0,0,0,0
C105714,2023-11-30,1,Basic,paid_search,16.49,1,6.0,0,0,0
C105069,2023-12-01,1,Basic,organic,19.71,2,18.0,0,0,0
C105897,2023-12-01,1,Standard,organic,39.71,0,3.0,0,0,0
C107424,2023-12-01,1,Basic,paid_search,24.41,1,21.0,0,0,0
C101082,2023-12-01,1,Basic,organic,17.25,1,11.0,0,0,0
C100683,2023-12-01,1,Standard,organic,36.93,2,3.0,0,0,0
C102769,2023-12-01,1,Basic,organic,14.03,1,33.0,0,4,1
C101053,2023-12-01,1,Basic,organic,17.88,0,4.0,2,0,0
C103487,2023-12-01,1,Basic,paid_search,15.57,0,20.0,0,0,0
C100273,2023-12-01,1,Premium,organic,64.67,0,13.0,0,0,0
C107689,2023-12-02,1,Standard,paid_search,34.21,1,38.0,0,3,1
C107476,2023-12-02,1,Basic,paid_search,21.23,1,5.0,0,0,0
C100514,2023-12-02,1,Basic,paid_search,14.79,2,17.0,0,2,1
C105243,2023-12-02,1,Basic,paid_search,12.15,0,17.0,0,0,0
C100682,2023-12-02,1,Standard,organic,41.66,0,14.0,0,0,0
C101809,2023-12-02,1,Standard,partner,31.8,0,6.0,1,0,0
C101938,2023-12-02,1,Standard,paid_search,46.2,0,1.0,0,0,0
C106541,2023-12-02,1,Standard,referral,39.36,1,8.0,0,0,0
C103838,2023-12-02,1,Standard,partner,31.89,0,10.0,1,0,0
C101447,2023-12-02,1,Basic,organic,16.58,2,,0,0,0
C104094,2023-12-02,1,Basic,partner,18.54,1,10.0,0,0,0
C107903,2023-12-02,1,Basic,organic,20.45,0,1.0,0,0,0
C101375,2023-12-02,1,Standard,partner,43.14,3,10.0,0,0,0
C100194,2023-12-02,1,Basic,organic,18.15,1,15.0,0,0,0
C107573,2023-12-02,1,Premium,paid_search,108.93,2,12.0,0,0,0
C106205,2023-12-02,1,Standard,organic,58.21,4,10.0,0,0,0
C103644,2023-12-02,1,Standard,referral,42.31,1,5.0,0,0,0
C104981,2023-12-02,1,Standard,organic,25.08,0,28.0,0,6,1
C107021,2023-12-02,1,Premium,paid_search,95.03,0,1.0,0,0,0
C103382,2023-12-03,1,Premium,partner,71.45,2,,0,0,0
C103752,2023-12-03,1,Premium,paid_search,88.33,0,8.0,1,0,0
C102116,2023-12-03,1,Basic,referral,20.67,2,5.0,0,0,0
C103634,2023-12-03,1,Basic,referral,21.4,0,1.0,0,0,0
C100450,2023-12-03,1,Premium,organic,85.12,1,2.0,0,0,0
C103003,2023-12-03,1,Standard,referral,43.45,0,5.0,0,0,0
C107543,2023-12-03,1,Premium,paid_search,88.64,1,15.0,1,3,1
C105430,2023-12-03,1,Standard,organic,42.57,1,8.0,0,0,0
C101699,2023-12-03,1,Basic,organic,16.69,2,29.0,0,0,0
C103397,2023-12-03,1,Basic,organic,16.73,1,12.0,0,1,1
C103210,2023-12-03,1,Standard,referral,39.54,0,1.0,1,0,0
C100750,2023-12-03,1,Basic,partner,15.78,0,3.0,0,0,0
C104936,2023-12-03,1,Basic,referral,21.16,1,5.0,0,0,0
C100648,2023-12-03,1,Basic,organic,23.22,2,8.0,0,0,0
C102730,2023-12-03,1,Standard,referral,50.4,0,13.0,0,0,0
C101222,2023-12-03,1,Basic,paid_search,23.91,1,0.0,0,0,0
C102142,2023-12-04,1,Basic,paid_search,23.55,0,5.0,0,0,0
C107559,2023-12-04,1,Standard,organic,28.49,1,10.0,0,0,0
C100998,2023-12-04,1,Basic,referral,20.2,2,26.0,0,0,0
C107453,2023-12-04,1,Basic,organic,21.84,1,16.0,0,0,0
C103663,2023-12-04,1,Premium,paid_search,82.88,1,5.0,0,0,0
C102362,2023-12-04,1,Standard,partner,30.58,2,,0,0,0
C100502,2023-12-04,1,Standard,organic,46.95,0,22.0,0,0,0
C100199,2023-12-04,1,Basic,referral,21.96,1,4.0,0,0,0
C102512,2023-12-04,1,Basic,paid_search,22.93,1,6.0,0,0,0
C101376,2023-12-04,1,Basic,organic,19.82,0,2.0,0,0,0
C105052,2023-12-04,1,Premium,paid_search,81.16,1,3.0,0,0,0
C102676,2023-12-04,1,Basic,paid_search,24.07,2,9.0,0,0,0
C100336,2023-12-05,1,Basic,organic,20.05,1,3.0,0,0,0
C101209,2023-12-05,1,Basic,partner,14.91,1,6.0,0,0,0
C102669,2023-12-05,1,Premium,organic,65.29,0,2.0,0,0,0
C107239,2023-12-05,1,Basic,paid_search,15.46,1,7.0,1,0,0
C106323,2023-12-05,1,Standard,paid_search,45.53,1,8.0,0,0,0
C101242,2023-12-05,1,Basic,partner,16.2,0,9.0,0,0,0
C100852,2023-12-05,1,Standard,organic,40.05,2,5.0,0,0,0
C106143,2023-12-05,1,Basic,organic,22.44,0,5.0,0,0,0
C102813,2023-12-05,1,Basic,organic,13.51,2,11.0,0,0,0
C101368,2023-12-05,1,Standard,paid_search,39.94,0,5.0,0,0,0
C105974,2023-12-05,1,Standard,partner,40.72,1,8.0,1,2,1
C102667,2023-12-06,1,Standard,referral,42.49,0,5.0,0,0,0
C103213,2023-12-06,1,Standard,paid_search,32.03,0,11.0,0,0,0
C107263,2023-12-06,1,Basic,organic,27.43,1,9.0,0,0,0
C106772,2023-12-06,1,Basic,organic,19.12,1,19.0,0,6,1
C106187,2023-12-06,1,Basic,paid_search,22.07,0,6.0,0,0,0
C104356,2023-12-06,1,Standard,referral,52.13,0,5.0,0,0,0
C102836,2023-12-06,1,Basic,paid_search,13.13,1,,0,0,0
C103688,2023-12-07,1,Basic,organic,20.24,2,5.0,0,2,1
C106591,2023-12-07,1,Standard,organic,41.43,1,7.0,0,0,0
C104986,2023-12-07,1,Basic,organic,22.3,0,,0,0,0
C104509,2023-12-07,1,Premium,organic,86.11,1,3.0,0,0,0
C100608,2023-12-07,1,Basic,organic,21.11,3,39.0,1,0,0
C106939,2023-12-07,1,Premium,partner,92.56,0,6.0,0,0,0
C100465,2023-12-07,1,Basic,referral,21.72,0,,0,0,0
C100860,2023-12-08,1,Standard,paid_search,48.14,0,,0,0,0
C100063,2023-12-08,1,Standard,referral,48.71,0,4.0,1,0,0
C102598,2023-12-08,1,Basic,paid_search,15.52,1,4.0,1,0,0
C107058,2023-12-08,1,Premium,organic,95.21,0,11.0,1,0,0
C105813,2023-12-08,1,Basic,paid_search,23.75,2,1.0,0,0,0
C103662,2023-12-08,1,Standard,partner,41.03,1,,1,0,0
C104363,2023-12-08,1,Basic,paid_search,18.28,0,20.0,0,4,1
C104760,2023-12-08,1,Standard,partner,35.46,3,5.0,0,0,0
C107008,2023-12-08,1,Basic,organic,17.6,1,6.0,0,0,0
C107958,2023-12-08,1,Standard,organic,42.91,2,1.0,0,0,0
C101566,2023-12-08,1,Standard,paid_search,36.21,1,1.0,0,0,0
C100796,2023-12-08,1,Basic,referral,22.49,0,14.0,0,0,0
C100416,2023-12-09,1,Standard,partner,38.23,1,,0,0,0
C104359,2023-12-09,1,Basic,partner,20.27,2,0.0,0,0,0
C100207,2023-12-09,1,Basic,organic,18.85,3,8.0,0,0,0
C101225,2023-12-09,1,Basic,organic,10.98,0,1.0,0,0,0
C105923,2023-12-09,1,Basic,paid_search,23.32,1,,0,0,0
C107336,2023-12-09,1,Basic,referral,22.18,0,0.0,0,0,0
C103282,2023-12-09,1,Basic,partner,23.65,0,8.0,0,0,0
C102578,2023-12-09,1,Premium,organic,76.74,0,1.0,0,0,0
C102805,2023-12-09,1,Standard,referral,37.47,1,,0,0,0
C100354,2023-12-09,1,Premium,organic,73.88,0,3.0,0,0,0
C103943,2023-12-09,1,Standard,referral,43.31,0,,1,0,0
C100045,2023-12-10,1,Basic,referral,13.66,0,7.0,0,0,0
C105093,2023-12-10,1,Basic,organic,19.19,0,16.0,0,0,0
C101954,2023-12-10,1,Basic,partner,24.32,1,3.0,0,0,0
C102588,2023-12-10,1,Premium,paid_search,78.5,2,14.0,0,0,0
C104135,2023-12-10,1,Basic,referral,16.81,0,10.0,0,0,0
C107002,2023-12-10,1,Premium,partner,104.91,2,13.0,0,0,0
C104324,2023-12-10,1,Premium,organic,77.9,2,3.0,0,0,0
C101232,2023-12-10,1,Basic,paid_search,17.69,1,1.0,0,0,0
C103911,2023-12-10,1,Basic,paid_search,25.33,3,4.0,1,0,0
C103907,2023-12-10,1,Standard,organic,33.23,0,8.0,0,0,0
C106424,2023-12-10,1,Standard,paid_search,34.87,0,10.0,0,0,0
C102610,2023-12-10,1,Standard,organic,35.25,0,10.0,0,0,0
C102541,2023-12-10,1,Basic,partner,16.46,0,1.0,0,0,0
C104792,2023-12-10,1,Basic,paid_search,19.24,2,4.0,0,0,0
C103948,2023-12-10,1,Basic,organic,18.93,0,2.0,0,0,0
C105421,2023-12-11,1,Basic,paid_search,21.58,0,1.0,0,0,0
C100958,2023-12-11,1,Basic,partner,18.86,2,7.0,1,0,0
C103510,2023-12-11,1,Standard,organic,45.49,0,0.0,0,0,0
C106642,2023-12-11,1,Standard,referral,37.5,0,,0,0,0
C104581,2023-12-11,1,Basic,referral,23.91,1,4.0,0,1,1
C107027,2023-12-11,1,Standard,organic,32.31,1,4.0,0,0,0
C106501,2023-12-11,1,Basic,referral,19.48,0,1.0,0,0,0
C102839,2023-12-11,1,Premium,organic,88.91,1,7.0,0,0,0
C103515,2023-12-11,1,Standard,organic,36.16,1,6.0,1,0,0
C100403,2023-12-11,1,Basic,organic,20.94,1,14.0,0,0,0
C100946,2023-12-12,1,Standard,organic,36.48,0,1.0,0,0,0
C100440,2023-12-12,1,Basic,referral,20.25,0,12.0,0,2,1
C104136,2023-12-12,1,Standard,referral,45.13,1,3.0,0,0,0
C102962,2023-12-12,1,Standard,organic,35.15,1,3.0,0,0,0
C107129,2023-12-12,1,Standard,paid_search,47.22,0,13.0,1,1,0
C100324,2023-12-13,1,Basic,organic,18.97,1,1.0,0,0,0
C107094,2023-12-13,1,Basic,organic,13.7,0,6.0,0,0,0
C105793,2023-12-13,1,Basic,organic,20.9,1,,0,0,0
C102749,2023-12-13,1,Standard,partner,35.29,1,13.0,0,0,0
C103354,2023-12-13,1,Standard,organic,42.67,0,,0,0,0
C106426,2023-12-13,1,Basic,partner,23.06,0,25.0,0,0,0
C104823,2023-12-13,1,Standard,partner,33.79,1,8.0,1,0,0
C105648,2023-12-13,1,Basic,paid_search,27.98,1,16.0,0,3,1
C107471,2023-12-13,1,Basic,referral,19.67,0,2.0,0,0,0
C107769,2023-12-13,1,Basic,organic,20.03,0,,0,0,0
C106785,2023-12-13,1,Premium,organic,112.41,1,6.0,0,0,0
C101648,2023-12-14,1,Basic,organic,22.69,1,6.0,0,0,0
C104920,2023-12-14,1,Basic,organic,16.4,0,7.0,0,0,0
C104153,2023-12-14,1,Premium,paid_search,78.42,3,9.0,1,0,0
C102131,2023-12-14,1,Standard,partner,36.06,0,14.0,0,0,0
C103684,2023-12-14,1,Basic,organic,23.74,1,37.0,0,2,1
C102823,2023-12-14,1,Basic,partner,21.45,2,18.0,0,0,0
C101796,2023-12-14,1,Standard,organic,47.29,1,4.0,1,0,0
C102387,2023-12-14,1,Basic,paid_search,18.62,0,7.0,0,0,0
C102269,2023-12-14,1,Basic,paid_search,17.43,0,6.0,0,0,0
C100011,2023-12-14,1,Basic,organic,23.26,3,14.0,0,0,0
C103788,2023-12-14,1,Standard,paid_search,36.71,1,,0,0,0
C106091,2023-12-14,1,Basic,paid_search,16.55,0,32.0,0,0,0
C102871,2023-12-14,1,Standard,partner,34.5,0,0.0,0,0,0
C102879,2023-12-15,1,Basic,referral,21.57,0,,0,0,0
C104834,2023-12-15,1,Basic,referral,19.51,1,10.0,1,0,0
C101249,2023-12-15,1,Standard,organic,47.02,1,5.0,0,0,0
C104113,2023-12-15,1,Standard,partner,39.58,2,7.0,1,0,0
C101474,2023-12-15,1,Standard,paid_search,36.84,1,7.0,0,0,0
C106534,2023-12-16,1,Basic,organic,19.82,1,11.0,0,0,0
C107062,2023-12-16,1,Basic,paid_search,16.5,3,6.0,0,0,0
C102626,2023-12-16,1,Standard,referral,56.88,0,1.0,0,0,0
C101745,2023-12-16,1,Basic,referral,17.83,1,4.0,0,0,0
C105997,2023-12-16,1,Basic,paid_search,18.96,1,1.0,0,0,0
C103198,2023-12-16,1,Standard,organic,39.67,1,12.0,0,0,0
C102169,2023-12-16,1,Standard,referral,41.48,1,,0,2,1
C102535,2023-12-16,1,Basic,paid_search,22.08,1,30.0,0,3,1
C104316,2023-12-16,1,Premium,referral,94.11,2,2.0,0,0,0
C104252,2023-12-17,1,Standard,paid_search,38.13,1,3.0,0,0,0
C107981,2023-12-17,1,Basic,paid_search,17.92,0,1.0,0,0,0
C100850,2023-12-17,1,Basic,referral,24.46,0,12.0,1,0,0
C102229,2023-12-17,1,Basic,organic,17.48,1,0.0,0,0,0
C100893,2023-12-17,1,Basic,organic,20.61,0,,0,6,1
C105720,2023-12-17,1,Standard,referral,30.71,0,0.0,0,0,0
C105649,2023-12-17,1,Standard,referral,30.55,0,8.0,0,0,0
C100593,2023-12-17,1,Basic,organic,22.67,2,2.0,0,0,0
C100913,2023-12-17,1,Premium,partner,93.51,2,24.0,0,0,0
C103425,2023-12-17,1,Basic,organic,21.14,0,1.0,0,0,0
C101380,2023-12-17,1,Basic,organic,22.91,0,11.0,0,0,0
C104076,2023-12-17,1,Basic,organic,21.82,1,19.0,0,0,0
C101197,2023-12-18,1,Basic,referral,24.65,2,,0,0,0
C102689,2023-12-18,1,Standard,referral,46.14,0,17.0,0,0,0
C106452,2023-12-18,1,Standard,paid_search,36.53,2,,0,0,0
C105783,2023-12-18,1,Basic,partner,20.87,0,58.0,0,2,1
C102973,2023-12-18,1,Premium,referral,76.98,0,18.0,0,0,0
C104089,2023-12-18,1,Basic,organic,18.17,1,,0,0,0
C102554,2023-12-18,1,Basic,paid_search,18.26,2,0.0,1,0,0
C106418,2023-12-18,1,Basic,referral,16.97,3,1.0,0,0,0
C106321,2023-12-19,1,Standard,paid_search,36.83,0,0.0,0,0,0
C101675,2023-12-19,1,Premium,partner,83.5,1,3.0,0,0,0
C100140,2023-12-19,1,Basic,organic,25.09,1,2.0,0,0,0
C103269,2023-12-19,1,Basic,organic,16.42,1,2.0,0,0,0
C101829,2023-12-19,1,Standard,organic,33.42,0,8.0,0,0,0
C101706,2023-12-19,1,Premium,organic,88.15,2,23.0,0,6,1
C104088,2023-12-19,1,Standard,paid_search,53.29,1,1.0,1,0,0
C106347,2023-12-20,1,Standard,referral,37.28,0,4.0,0,0,0
C101456,2023-12-20,1,Basic,organic,17.41,1,,0,0,0
C101202,2023-12-20,1,Basic,paid_search,11.7,1,5.0,0,0,0
C103592,2023-12-20,1,Standard,paid_search,30.46,0,2.0,1,0,0
C103403,2023-12-20,1,Standard,paid_search,40.2,0,14.0,1,5,1
C100554,2023-12-20,1,Basic,partner,14.54,0,3.0,0,0,0
C103360,2023-12-20,1,Standard,referral,37.58,0,3.0,0,0,0
C101227,2023-12-20,1,Basic,paid_search,17.0,0,3.0,0,0,0
C106865,2023-12-20,1,Basic,organic,20.87,0,6.0,0,0,0
C103784,2023-12-20,1,Basic,paid_search,15.6,1,1.0,0,0,0
C101569,2023-12-20,1,Premium,referral,91.64,3,16.0,2,0,0
C101827,2023-12-20,1,Basic,paid_search,24.74,1,2.0,0,0,0
C101392,2023-12-20,1,Premium,referral,70.42,0,43.0,0,0,0
C103745,2023-12-21,1,Standard,organic,39.66,0,6.0,0,0,0
C103218,2023-12-21,1,Basic,organic,14.58,0,9.0,0,0,0
C104651,2023-12-21,1,Premium,referral,68.08,1,13.0,0,0,0
C106069,2023-12-21,1,Basic,organic,25.69,2,0.0,0,0,0
C107674,2023-12-21,1,Basic,referral,21.19,1,23.0,2,0,0
C104962,2023-12-21,1,Standard,organic,42.14,1,0.0,0,0,0
C103747,2023-12-21,1,Standard,paid_search,51.94,1,5.0,0,0,0
C102034,2023-12-21,1,Premium,paid_search,68.71,0,9.0,0,0,0
C101245,2023-12-21,1,Standard,partner,37.45,0,2.0,0,0,0
C103778,2023-12-21,1,Basic,paid_search,20.11,1,,0,0,0
C104122,2023-12-21,1,Standard,organic,54.06,0,25.0,1,1,0
C105387,2023-12-22,1,Standard,paid_search,31.09,1,2.0,0,0,0
C104101,2023-12-22,1,Basic,paid_search,14.18,0,48.0,0,0,0
C103411,2023-12-22,1,Standard,referral,42.55,1,10.0,0,0,0
C104773,2023-12-22,1,Standard,organic,35.6,0,1.0,0,0,0
C104523,2023-12-22,1,Basic,organic,28.62,1,3.0,0,0,0
C107206,2023-12-22,1,Standard,organic,37.52,0,1.0,1,0,0
C105881,2023-12-22,1,Basic,organic,18.72,1,3.0,0,0,0
C100771,2023-12-22,1,Basic,organic,20.83,1,1.0,0,0,0
C103977,2023-12-22,1,Premium,referral,76.67,0,10.0,0,0,0
C104134,2023-12-22,1,Basic,paid_search,21.45,3,1.0,0,0,0
C103370,2023-12-22,1,Basic,referral,17.09,1,1.0,0,0,0
C107406,2023-12-22,1,Standard,referral,42.63,1,13.0,0,3,1
C106341,2023-12-22,1,Premium,referral,74.23,1,7.0,0,0,0
C107773,2023-12-22,1,Standard,paid_search,40.64,0,8.0,0,0,0
C105789,2023-12-22,1,Premium,organic,93.86,1,8.0,0,0,0
C101961,2023-12-23,1,Basic,organic,17.79,1,,0,0,0
C107521,2023-12-23,1,Basic,partner,23.41,0,,0,0,0
C104600,2023-12-23,1,Standard,organic,49.59,2,7.0,0,0,0
C105587,2023-12-23,1,Standard,organic,45.36,0,2.0,2,0,0
C101746,2023-12-23,1,Basic,referral,17.23,0,2.0,0,0,0
C102378,2023-12-23,1,Basic,partner,20.0,0,2.0,0,0,0
C102038,2023-12-23,1,Basic,referral,15.16,0,2.0,0,0,0
C107025,2023-12-23,1,Standard,paid_search,34.04,0,0.0,0,0,0
C102652,2023-12-23,1,Standard,paid_search,53.94,1,22.0,0,0,0
C103533,2023-12-24,1,Basic,partner,23.37,3,2.0,1,0,0
C102802,2023-12-24,1,Standard,organic,33.8,2,3.0,0,0,0
C107926,2023-12-24,1,Basic,paid_search,15.57,0,5.0,0,0,0
C103148,2023-12-24,1,Standard,organic,18.13,1,21.0,0,0,0
C105480,2023-12-24,1,Premium,paid_search,98.8,1,4.0,0,0,0
C107913,2023-12-24,1,Basic,referral,16.82,2,3.0,0,0,0
C105498,2023-12-24,1,Premium,organic,80.51,1,26.0,1,0,0
C106872,2023-12-24,1,Standard,referral,37.1,3,2.0,1,0,0
C101081,2023-12-24,1,Standard,paid_search,32.59,1,5.0,0,0,0
C102375,2023-12-24,1,Basic,paid_search,14.6,0,2.0,0,0,0
C101087,2023-12-24,1,Basic,organic,18.28,2,8.0,1,0,0
C104520,2023-12-24,1,Standard,referral,38.36,0,37.0,0,0,0
C100264,2023-12-24,1,Standard,referral,28.43,1,16.0,0,1,1
C104717,2023-12-24,1,Basic,organic,15.05,0,20.0,0,0,0
C105886,2023-12-24,1,Standard,referral,39.35,1,18.0,0,0,0
C103725,2023-12-24,1,Basic,organic,21.83,0,3.0,0,0,0
C107390,2023-12-25,1,Basic,organic,19.34,0,13.0,1,0,0
C104992,2023-12-25,1,Basic,paid_search,20.15,0,1.0,0,0,0
C107364,2023-12-25,1,Standard,organic,54.5,3,56.0,0,0,0
C104265,2023-12-25,1,Premium,organic,85.74,1,,0,0,0
C107632,2023-12-25,1,Basic,paid_search,15.34,1,6.0,0,0,0
C104692,2023-12-25,1,Basic,paid_search,9.64,0,5.0,0,0,0
C105435,2023-12-25,1,Standard,referral,35.63,2,7.0,1,0,0
C102754,2023-12-25,1,Basic,partner,16.79,0,35.0,1,0,0
C104791,2023-12-25,1,Premium,paid_search,67.08,4,14.0,0,3,1
C107944,2023-12-25,1,Basic,organic,9.48,0,16.0,0,0,0
C107977,2023-12-25,1,Standard,organic,62.51,0,6.0,2,3,1
C106370,2023-12-25,1,Basic,paid_search,17.17,1,10.0,1,0,0
C100346,2023-12-25,1,Standard,organic,35.01,0,2.0,0,0,0
C101619,2023-12-25,1,Basic,referral,9.76,1,3.0,0,0,0
C106909,2023-12-25,1,Premium,paid_search,104.11,2,17.0,0,0,0
C105539,2023-12-25,1,Basic,referral,20.31,2,2.0,0,0,0
C107050,2023-12-25,1,Basic,paid_search,21.06,2,10.0,1,4,1
C100355,2023-12-26,1,Standard,paid_search,42.8,1,6.0,0,0,0
C103278,2023-12-26,1,Standard,referral,32.18,1,20.0,0,0,0
C105938,2023-12-26,1,Standard,organic,34.59,1,6.0,1,0,0
C104215,2023-12-26,1,Basic,paid_search,17.14,2,,1,0,0
C102259,2023-12-26,1,Basic,referral,21.92,2,44.0,0,2,1
C105284,2023-12-26,1,Standard,partner,35.23,2,4.0,0,0,0
C107172,2023-12-26,1,Standard,organic,34.89,2,27.0,0,0,0
C105301,2023-12-26,1,Basic,organic,20.22,0,6.0,0,0,0
C105112,2023-12-26,1,Standard,organic,48.19,0,39.0,1,4,1
C100144,2023-12-26,1,Standard,organic,46.53,1,4.0,0,2,1
C102616,2023-12-26,1,Basic,organic,17.9,0,0.0,1,0,0
C106982,2023-12-26,1,Basic,organic,19.23,1,2.0,0,0,0
C107425,2023-12-26,1,Standard,organic,44.94,1,12.0,1,0,0
C101625,2023-12-26,1,Standard,paid_search,44.39,0,20.0,0,0,0
C102045,2023-12-26,1,Basic,organic,15.65,0,8.0,0,0,0
C104295,2023-12-27,1,Basic,paid_search,22.1,1,8.0,0,0,0
C103237,2023-12-27,1,Standard,paid_search,38.64,1,4.0,1,0,0
C101997,2023-12-27,1,Standard,paid_search,34.87,1,,0,4,1
C105260,2023-12-27,1,Premium,paid_search,79.61,3,12.0,0,0,0
C103723,2023-12-27,1,Basic,referral,22.34,0,2.0,0,0,0
C102767,2023-12-27,1,Standard,paid_search,41.97,1,6.0,0,0,0
C105038,2023-12-28,1,Basic,organic,25.99,1,2.0,0,4,1
C103157,2023-12-28,1,Premium,organic,70.48,0,0.0,0,1,0
C102955,2023-12-28,1,Standard,organic,41.77,0,3.0,0,0,0
C104621,2023-12-28,1,Standard,paid_search,42.14,0,8.0,0,1,0
C103174,2023-12-28,1,Basic,organic,17.61,1,0.0,0,0,0
C101421,2023-12-28,1,Standard,referral,35.34,0,,0,0,0
C101055,2023-12-28,1,Basic,organic,23.26,1,3.0,0,0,0
C105139,2023-12-28,1,Basic,organic,14.1,0,,0,0,0
C101558,2023-12-28,1,Standard,referral,37.25,1,9.0,0,0,0
C100510,2023-12-28,1,Standard,organic,52.49,2,17.0,0,0,0
C101116,2023-12-28,1,Standard,paid_search,45.71,0,,1,2,1
C100160,2023-12-29,1,Standard,organic,40.63,1,1.0,0,0,0
C106285,2023-12-29,1,Basic,paid_search,16.76,0,1.0,0,0,0
C107979,2023-12-29,1,Premium,organic,83.71,0,18.0,1,0,0
C102172,2023-12-29,1,Basic,paid_search,20.78,1,2.0,0,0,0
C100690,2023-12-29,1,Standard,organic,35.96,1,16.0,0,3,1
C105807,2023-12-29,1,Basic,referral,19.93,2,,0,0,0
C100809,2023-12-29,1,Standard,organic,51.77,0,3.0,1,0,0
C103620,2023-12-29,1,Basic,partner,18.96,1,7.0,0,0,0
C102519,2023-12-29,1,Basic,paid_search,19.74,0,15.0,0,0,0
C107191,2023-12-30,1,Basic,paid_search,23.72,0,10.0,0,0,0
C106238,2023-12-30,1,Basic,organic,21.2,0,2.0,0,0,0
C101168,2023-12-30,1,Basic,paid_search,17.24,2,10.0,0,0,0
C107095,2023-12-30,1,Standard,paid_search,30.48,1,,0,0,0
C102217,2023-12-30,1,Standard,paid_search,38.42,1,19.0,0,1,1
C105601,2023-12-30,1,Basic,organic,17.35,0,5.0,0,0,0
C104502,2023-12-30,1,Basic,organic,17.82,1,1.0,0,0,0
C104881,2023-12-30,1,Premium,organic,77.76,0,16.0,0,0,0
C101345,2023-12-30,1,Basic,referral,17.41,0,,0,0,0
C100400,2023-12-30,1,Standard,paid_search,32.98,0,9.0,0,0,0
C106822,2023-12-30,1,Basic,referral,13.27,1,9.0,0,0,0
C105841,2023-12-31,1,Basic,paid_search,20.39,0,12.0,0,0,0
C103711,2023-12-31,1,Standard,paid_search,44.03,1,20.0,0,0,0
C107749,2023-12-31,1,Standard,referral,39.27,3,4.0,0,2,1
C102261,2023-12-31,1,Basic,paid_search,20.34,0,10.0,0,0,0
C103648,2023-12-31,1,Basic,paid_search,16.79,1,11.0,1,0,0
C106607,2023-12-31,1,Premium,referral,83.71,1,8.0,0,0,0
C103206,2023-12-31,1,Standard,paid_search,25.87,0,26.0,0,0,0
C101335,2023-12-31,1,Standard,organic,42.41,2,5.0,0,0,0
C100819,2023-12-31,1,Standard,paid_search,36.81,0,13.0,0,0,0
C103121,2023-12-31,1,Basic,paid_search,28.21,1,0.0,1,0,0
C104421,2023-12-31,1,Premium,referral,98.76,2,,0,0,0
C107142,2023-12-31,1,Standard,organic,37.5,2,9.0,1,0,0
